ISO-10303-21;
HEADER;
FILE_DESCRIPTION(('KiCad electronic assembly'),'2;1');
FILE_NAME('Digipot 50k MCP4018 breakout 3D.step','2025-11-10T10:58:54',(
    'Pcbnew'),('Kicad'),'Open CASCADE STEP processor 7.8',
  'KiCad to STEP converter','Unknown');
FILE_SCHEMA(('AUTOMOTIVE_DESIGN { 1 0 10303 214 1 1 1 1 }'));
ENDSEC;
DATA;
#1 = APPLICATION_PROTOCOL_DEFINITION('international standard',
  'automotive_design',2000,#2);
#2 = APPLICATION_CONTEXT(
  'core data for automotive mechanical design processes');
#3 = SHAPE_DEFINITION_REPRESENTATION(#4,#10);
#4 = PRODUCT_DEFINITION_SHAPE('','',#5);
#5 = PRODUCT_DEFINITION('design','',#6,#9);
#6 = PRODUCT_DEFINITION_FORMATION('','',#7);
#7 = PRODUCT('Digipot 50k MCP4018 breakout 3D 1',
  'Digipot 50k MCP4018 breakout 3D 1','',(#8));
#8 = PRODUCT_CONTEXT('',#2,'mechanical');
#9 = PRODUCT_DEFINITION_CONTEXT('part definition',#2,'design');
#10 = SHAPE_REPRESENTATION('',(#11,#15,#19,#23,#27,#31,#35,#39,#43,#47),
  #51);
#11 = AXIS2_PLACEMENT_3D('',#12,#13,#14);
#12 = CARTESIAN_POINT('',(0.,0.,0.));
#13 = DIRECTION('',(0.,0.,1.));
#14 = DIRECTION('',(1.,0.,-0.));
#15 = AXIS2_PLACEMENT_3D('',#16,#17,#18);
#16 = CARTESIAN_POINT('',(11.,11.,2.68));
#17 = DIRECTION('',(-0.,0.,1.));
#18 = DIRECTION('',(1.110223024625E-16,-1.,0.));
#19 = AXIS2_PLACEMENT_3D('',#20,#21,#22);
#20 = CARTESIAN_POINT('',(17.3,16.9,2.68));
#21 = DIRECTION('',(1.,-1.110223024625E-16,1.110223024625E-16));
#22 = DIRECTION('',(1.110223024625E-16,1.,0.));
#23 = AXIS2_PLACEMENT_3D('',#24,#25,#26);
#24 = CARTESIAN_POINT('',(11.,13.,3.08));
#25 = DIRECTION('',(0.,0.,1.));
#26 = DIRECTION('',(-1.,1.224646799147E-16,0.));
#27 = AXIS2_PLACEMENT_3D('',#28,#29,#30);
#28 = CARTESIAN_POINT('',(1.8,16.3,2.68));
#29 = DIRECTION('',(1.224646799147E-16,1.,1.110223024625E-16));
#30 = DIRECTION('',(-1.,1.224646799147E-16,0.));
#31 = AXIS2_PLACEMENT_3D('',#32,#33,#34);
#32 = CARTESIAN_POINT('',(1.8,17.6,2.68));
#33 = DIRECTION('',(-1.224646799147E-16,-1.,-1.110223024625E-16));
#34 = DIRECTION('',(1.,-1.224646799147E-16,1.224646799147E-16));
#35 = AXIS2_PLACEMENT_3D('',#36,#37,#38);
#36 = CARTESIAN_POINT('',(3.,11.,2.68));
#37 = DIRECTION('',(-0.,0.,1.));
#38 = DIRECTION('',(1.144237745222E-17,-1.,0.));
#39 = AXIS2_PLACEMENT_3D('',#40,#41,#42);
#40 = CARTESIAN_POINT('',(19.,11.,2.68));
#41 = DIRECTION('',(0.,0.,1.));
#42 = DIRECTION('',(-2.334869823773E-16,1.,0.));
#43 = AXIS2_PLACEMENT_3D('',#44,#45,#46);
#44 = CARTESIAN_POINT('',(19.1,16.9,2.68));
#45 = DIRECTION('',(-1.,-1.110223024625E-16,1.110223024625E-16));
#46 = DIRECTION('',(1.110223024625E-16,-1.,0.));
#47 = AXIS2_PLACEMENT_3D('',#48,#49,#50);
#48 = CARTESIAN_POINT('',(0.,0.,0.));
#49 = DIRECTION('',(0.,0.,1.));
#50 = DIRECTION('',(1.,0.,-0.));
#51 = ( GEOMETRIC_REPRESENTATION_CONTEXT(3) 
GLOBAL_UNCERTAINTY_ASSIGNED_CONTEXT((#55)) GLOBAL_UNIT_ASSIGNED_CONTEXT(
(#52,#53,#54)) REPRESENTATION_CONTEXT('Context #1',
  '3D Context with UNIT and UNCERTAINTY') );
#52 = ( LENGTH_UNIT() NAMED_UNIT(*) SI_UNIT(.MILLI.,.METRE.) );
#53 = ( NAMED_UNIT(*) PLANE_ANGLE_UNIT() SI_UNIT($,.RADIAN.) );
#54 = ( NAMED_UNIT(*) SI_UNIT($,.STERADIAN.) SOLID_ANGLE_UNIT() );
#55 = UNCERTAINTY_MEASURE_WITH_UNIT(LENGTH_MEASURE(5.E-06),#52,
  'distance_accuracy_value','confusion accuracy');
#56 = PRODUCT_RELATED_PRODUCT_CATEGORY('part',$,(#7));
#57 = SHAPE_DEFINITION_REPRESENTATION(#58,#64);
#58 = PRODUCT_DEFINITION_SHAPE('','',#59);
#59 = PRODUCT_DEFINITION('design','',#60,#63);
#60 = PRODUCT_DEFINITION_FORMATION('','',#61);
#61 = PRODUCT('SC70-6','SC70-6','',(#62));
#62 = PRODUCT_CONTEXT('',#2,'mechanical');
#63 = PRODUCT_DEFINITION_CONTEXT('part definition',#2,'design');
#64 = SHAPE_REPRESENTATION('',(#11,#65),#69);
#65 = AXIS2_PLACEMENT_3D('',#66,#67,#68);
#66 = CARTESIAN_POINT('',(0.,0.,0.));
#67 = DIRECTION('',(0.,0.,1.));
#68 = DIRECTION('',(1.,0.,-0.));
#69 = ( GEOMETRIC_REPRESENTATION_CONTEXT(3) 
GLOBAL_UNCERTAINTY_ASSIGNED_CONTEXT((#73)) GLOBAL_UNIT_ASSIGNED_CONTEXT(
(#70,#71,#72)) REPRESENTATION_CONTEXT('Context #1',
  '3D Context with UNIT and UNCERTAINTY') );
#70 = ( LENGTH_UNIT() NAMED_UNIT(*) SI_UNIT(.MILLI.,.METRE.) );
#71 = ( NAMED_UNIT(*) PLANE_ANGLE_UNIT() SI_UNIT($,.RADIAN.) );
#72 = ( NAMED_UNIT(*) SI_UNIT($,.STERADIAN.) SOLID_ANGLE_UNIT() );
#73 = UNCERTAINTY_MEASURE_WITH_UNIT(LENGTH_MEASURE(1.E-07),#70,
  'distance_accuracy_value','confusion accuracy');
#74 = CONTEXT_DEPENDENT_SHAPE_REPRESENTATION(#75,#77);
#75 = ( REPRESENTATION_RELATIONSHIP('','',#64,#10) 
REPRESENTATION_RELATIONSHIP_WITH_TRANSFORMATION(#76) 
SHAPE_REPRESENTATION_RELATIONSHIP() );
#76 = ITEM_DEFINED_TRANSFORMATION('','',#11,#15);
#77 = PRODUCT_DEFINITION_SHAPE('Placement','Placement of an item',#78);
#78 = NEXT_ASSEMBLY_USAGE_OCCURRENCE('2','U1','',#5,#59,$);
#79 = PRODUCT_RELATED_PRODUCT_CATEGORY('part',$,(#61));
#80 = SHAPE_DEFINITION_REPRESENTATION(#81,#87);
#81 = PRODUCT_DEFINITION_SHAPE('','',#82);
#82 = PRODUCT_DEFINITION('design','',#83,#86);
#83 = PRODUCT_DEFINITION_FORMATION('','',#84);
#84 = PRODUCT('User Library-sot363','User Library-sot363','',(#85));
#85 = PRODUCT_CONTEXT('',#2,'mechanical');
#86 = PRODUCT_DEFINITION_CONTEXT('part definition',#2,'design');
#87 = ADVANCED_BREP_SHAPE_REPRESENTATION('',(#11,#88),#3168);
#88 = MANIFOLD_SOLID_BREP('',#89);
#89 = CLOSED_SHELL('',(#90,#132,#268,#308,#360,#400,#488,#528,#559,#659,
    #690,#740,#771,#802,#887,#972,#989,#1006,#1023,#1040,#1057,#1074,
    #1091,#1108,#1120,#1151,#1182,#1267,#1352,#1369,#1386,#1403,#1420,
    #1437,#1454,#1471,#1488,#1500,#1542,#1573,#1606,#1637,#1668,#1699,
    #1732,#1763,#1796,#1826,#1843,#1868,#1880,#1922,#1953,#1986,#2017,
    #2048,#2079,#2112,#2143,#2176,#2206,#2223,#2248,#2260,#2300,#2333,
    #2364,#2395,#2426,#2459,#2490,#2523,#2561,#2586,#2616,#2628,#2640,
    #2680,#2713,#2744,#2775,#2806,#2839,#2870,#2903,#2941,#2966,#2996,
    #3008,#3020,#3038,#3050,#3068,#3080,#3098,#3110,#3128,#3140,#3158));
#90 = ADVANCED_FACE('',(#91),#127,.F.);
#91 = FACE_BOUND('',#92,.F.);
#92 = EDGE_LOOP('',(#93,#103,#112,#120));
#93 = ORIENTED_EDGE('',*,*,#94,.T.);
#94 = EDGE_CURVE('',#95,#97,#99,.T.);
#95 = VERTEX_POINT('',#96);
#96 = CARTESIAN_POINT('',(-0.599748739564,-0.257664745789,0.95));
#97 = VERTEX_POINT('',#98);
#98 = CARTESIAN_POINT('',(-0.549748739564,-0.257664745789,1.));
#99 = LINE('',#100,#101);
#100 = CARTESIAN_POINT('',(-0.549748739564,-0.257664745789,1.));
#101 = VECTOR('',#102,1.);
#102 = DIRECTION('',(0.707106781187,0.,0.707106781187));
#103 = ORIENTED_EDGE('',*,*,#104,.F.);
#104 = EDGE_CURVE('',#105,#97,#107,.T.);
#105 = VERTEX_POINT('',#106);
#106 = CARTESIAN_POINT('',(-0.849748739564,-0.257664745789,1.));
#107 = CIRCLE('',#108,0.15);
#108 = AXIS2_PLACEMENT_3D('',#109,#110,#111);
#109 = CARTESIAN_POINT('',(-0.699748739564,-0.257664745789,1.));
#110 = DIRECTION('',(0.,0.,1.));
#111 = DIRECTION('',(1.,0.,-0.));
#112 = ORIENTED_EDGE('',*,*,#113,.F.);
#113 = EDGE_CURVE('',#114,#105,#116,.T.);
#114 = VERTEX_POINT('',#115);
#115 = CARTESIAN_POINT('',(-0.799748739564,-0.257664745789,0.95));
#116 = LINE('',#117,#118);
#117 = CARTESIAN_POINT('',(-0.849748739564,-0.257664745789,1.));
#118 = VECTOR('',#119,1.);
#119 = DIRECTION('',(-0.707106781187,8.659560562355E-17,0.707106781187)
  );
#120 = ORIENTED_EDGE('',*,*,#121,.T.);
#121 = EDGE_CURVE('',#114,#95,#122,.T.);
#122 = CIRCLE('',#123,1.E-01);
#123 = AXIS2_PLACEMENT_3D('',#124,#125,#126);
#124 = CARTESIAN_POINT('',(-0.699748739564,-0.257664745789,0.95));
#125 = DIRECTION('',(0.,0.,1.));
#126 = DIRECTION('',(1.,0.,-0.));
#127 = CONICAL_SURFACE('',#128,0.15,0.785398163397);
#128 = AXIS2_PLACEMENT_3D('',#129,#130,#131);
#129 = CARTESIAN_POINT('',(-0.699748739564,-0.257664745789,1.));
#130 = DIRECTION('',(-0.,-0.,1.));
#131 = DIRECTION('',(1.,0.,0.));
#132 = ADVANCED_FACE('',(#133),#263,.T.);
#133 = FACE_BOUND('',#134,.T.);
#134 = EDGE_LOOP('',(#135,#145,#153,#161,#169,#177,#185,#193,#201,#209,
    #217,#225,#233,#241,#249,#257));
#135 = ORIENTED_EDGE('',*,*,#136,.T.);
#136 = EDGE_CURVE('',#137,#139,#141,.T.);
#137 = VERTEX_POINT('',#138);
#138 = CARTESIAN_POINT('',(0.775,-0.625,0.6));
#139 = VERTEX_POINT('',#140);
#140 = CARTESIAN_POINT('',(0.953407417371,-0.625,0.6));
#141 = LINE('',#142,#143);
#142 = CARTESIAN_POINT('',(-1.05,-0.625,0.6));
#143 = VECTOR('',#144,1.);
#144 = DIRECTION('',(1.,0.,0.));
#145 = ORIENTED_EDGE('',*,*,#146,.T.);
#146 = EDGE_CURVE('',#139,#147,#149,.T.);
#147 = VERTEX_POINT('',#148);
#148 = CARTESIAN_POINT('',(0.846227740399,-0.517820323028,1.));
#149 = LINE('',#150,#151);
#150 = CARTESIAN_POINT('',(0.827630053257,-0.499222635886,1.069407513314
    ));
#151 = VECTOR('',#152,1.);
#152 = DIRECTION('',(-0.250562807086,0.250562807086,0.935113126531));
#153 = ORIENTED_EDGE('',*,*,#154,.F.);
#154 = EDGE_CURVE('',#155,#147,#157,.T.);
#155 = VERTEX_POINT('',#156);
#156 = CARTESIAN_POINT('',(-0.846227740399,-0.517820323028,1.));
#157 = LINE('',#158,#159);
#158 = CARTESIAN_POINT('',(-1.05,-0.517820323028,1.));
#159 = VECTOR('',#160,1.);
#160 = DIRECTION('',(1.,-0.,-0.));
#161 = ORIENTED_EDGE('',*,*,#162,.T.);
#162 = EDGE_CURVE('',#155,#163,#165,.T.);
#163 = VERTEX_POINT('',#164);
#164 = CARTESIAN_POINT('',(-0.953407417371,-0.625,0.6));
#165 = LINE('',#166,#167);
#166 = CARTESIAN_POINT('',(-0.959471665876,-0.631064248505,
    0.577367916469));
#167 = VECTOR('',#168,1.);
#168 = DIRECTION('',(-0.250562807086,-0.250562807086,-0.935113126531));
#169 = ORIENTED_EDGE('',*,*,#170,.T.);
#170 = EDGE_CURVE('',#163,#171,#173,.T.);
#171 = VERTEX_POINT('',#172);
#172 = CARTESIAN_POINT('',(-0.775,-0.625,0.6));
#173 = LINE('',#174,#175);
#174 = CARTESIAN_POINT('',(-1.05,-0.625,0.6));
#175 = VECTOR('',#176,1.);
#176 = DIRECTION('',(1.,0.,0.));
#177 = ORIENTED_EDGE('',*,*,#178,.F.);
#178 = EDGE_CURVE('',#179,#171,#181,.T.);
#179 = VERTEX_POINT('',#180);
#180 = CARTESIAN_POINT('',(-0.775,-0.584807621135,0.75));
#181 = LINE('',#182,#183);
#182 = CARTESIAN_POINT('',(-0.775,-0.625,0.6));
#183 = VECTOR('',#184,1.);
#184 = DIRECTION('',(-0.,-0.258819045103,-0.965925826289));
#185 = ORIENTED_EDGE('',*,*,#186,.T.);
#186 = EDGE_CURVE('',#179,#187,#189,.T.);
#187 = VERTEX_POINT('',#188);
#188 = CARTESIAN_POINT('',(-0.525,-0.584807621135,0.75));
#189 = LINE('',#190,#191);
#190 = CARTESIAN_POINT('',(-2.35,-0.584807621135,0.75));
#191 = VECTOR('',#192,1.);
#192 = DIRECTION('',(1.,-0.,-0.));
#193 = ORIENTED_EDGE('',*,*,#194,.T.);
#194 = EDGE_CURVE('',#187,#195,#197,.T.);
#195 = VERTEX_POINT('',#196);
#196 = CARTESIAN_POINT('',(-0.525,-0.625,0.6));
#197 = LINE('',#198,#199);
#198 = CARTESIAN_POINT('',(-0.525,-0.625,0.6));
#199 = VECTOR('',#200,1.);
#200 = DIRECTION('',(-0.,-0.258819045103,-0.965925826289));
#201 = ORIENTED_EDGE('',*,*,#202,.T.);
#202 = EDGE_CURVE('',#195,#203,#205,.T.);
#203 = VERTEX_POINT('',#204);
#204 = CARTESIAN_POINT('',(-0.125,-0.625,0.6));
#205 = LINE('',#206,#207);
#206 = CARTESIAN_POINT('',(-1.05,-0.625,0.6));
#207 = VECTOR('',#208,1.);
#208 = DIRECTION('',(1.,0.,0.));
#209 = ORIENTED_EDGE('',*,*,#210,.F.);
#210 = EDGE_CURVE('',#211,#203,#213,.T.);
#211 = VERTEX_POINT('',#212);
#212 = CARTESIAN_POINT('',(-0.125,-0.584807621135,0.75));
#213 = LINE('',#214,#215);
#214 = CARTESIAN_POINT('',(-0.125,-0.625,0.6));
#215 = VECTOR('',#216,1.);
#216 = DIRECTION('',(-0.,-0.258819045103,-0.965925826289));
#217 = ORIENTED_EDGE('',*,*,#218,.T.);
#218 = EDGE_CURVE('',#211,#219,#221,.T.);
#219 = VERTEX_POINT('',#220);
#220 = CARTESIAN_POINT('',(0.125,-0.584807621135,0.75));
#221 = LINE('',#222,#223);
#222 = CARTESIAN_POINT('',(-1.7,-0.584807621135,0.75));
#223 = VECTOR('',#224,1.);
#224 = DIRECTION('',(1.,-0.,-0.));
#225 = ORIENTED_EDGE('',*,*,#226,.T.);
#226 = EDGE_CURVE('',#219,#227,#229,.T.);
#227 = VERTEX_POINT('',#228);
#228 = CARTESIAN_POINT('',(0.125,-0.625,0.6));
#229 = LINE('',#230,#231);
#230 = CARTESIAN_POINT('',(0.125,-0.625,0.6));
#231 = VECTOR('',#232,1.);
#232 = DIRECTION('',(-0.,-0.258819045103,-0.965925826289));
#233 = ORIENTED_EDGE('',*,*,#234,.T.);
#234 = EDGE_CURVE('',#227,#235,#237,.T.);
#235 = VERTEX_POINT('',#236);
#236 = CARTESIAN_POINT('',(0.525,-0.625,0.6));
#237 = LINE('',#238,#239);
#238 = CARTESIAN_POINT('',(-1.05,-0.625,0.6));
#239 = VECTOR('',#240,1.);
#240 = DIRECTION('',(1.,0.,0.));
#241 = ORIENTED_EDGE('',*,*,#242,.F.);
#242 = EDGE_CURVE('',#243,#235,#245,.T.);
#243 = VERTEX_POINT('',#244);
#244 = CARTESIAN_POINT('',(0.525,-0.584807621135,0.75));
#245 = LINE('',#246,#247);
#246 = CARTESIAN_POINT('',(0.525,-0.625,0.6));
#247 = VECTOR('',#248,1.);
#248 = DIRECTION('',(-0.,-0.258819045103,-0.965925826289));
#249 = ORIENTED_EDGE('',*,*,#250,.T.);
#250 = EDGE_CURVE('',#243,#251,#253,.T.);
#251 = VERTEX_POINT('',#252);
#252 = CARTESIAN_POINT('',(0.775,-0.584807621135,0.75));
#253 = LINE('',#254,#255);
#254 = CARTESIAN_POINT('',(-1.05,-0.584807621135,0.75));
#255 = VECTOR('',#256,1.);
#256 = DIRECTION('',(1.,-0.,-0.));
#257 = ORIENTED_EDGE('',*,*,#258,.T.);
#258 = EDGE_CURVE('',#251,#137,#259,.T.);
#259 = LINE('',#260,#261);
#260 = CARTESIAN_POINT('',(0.775,-0.625,0.6));
#261 = VECTOR('',#262,1.);
#262 = DIRECTION('',(-0.,-0.258819045103,-0.965925826289));
#263 = PLANE('',#264);
#264 = AXIS2_PLACEMENT_3D('',#265,#266,#267);
#265 = CARTESIAN_POINT('',(-1.05,-0.625,0.6));
#266 = DIRECTION('',(0.,-0.965925826289,0.258819045103));
#267 = DIRECTION('',(0.,-0.258819045103,-0.965925826289));
#268 = ADVANCED_FACE('',(#269),#303,.T.);
#269 = FACE_BOUND('',#270,.T.);
#270 = EDGE_LOOP('',(#271,#281,#289,#297));
#271 = ORIENTED_EDGE('',*,*,#272,.T.);
#272 = EDGE_CURVE('',#273,#275,#277,.T.);
#273 = VERTEX_POINT('',#274);
#274 = CARTESIAN_POINT('',(0.916025403784,-0.394432821156,1.E-01));
#275 = VERTEX_POINT('',#276);
#276 = CARTESIAN_POINT('',(0.916025403784,0.394432821156,1.E-01));
#277 = LINE('',#278,#279);
#278 = CARTESIAN_POINT('',(0.916025403784,-0.625,1.E-01));
#279 = VECTOR('',#280,1.);
#280 = DIRECTION('',(0.,1.,0.));
#281 = ORIENTED_EDGE('',*,*,#282,.T.);
#282 = EDGE_CURVE('',#275,#283,#285,.T.);
#283 = VERTEX_POINT('',#284);
#284 = CARTESIAN_POINT('',(1.05,0.528407417371,0.6));
#285 = LINE('',#286,#287);
#286 = CARTESIAN_POINT('',(1.056064248505,0.534471665876,0.622632083531)
  );
#287 = VECTOR('',#288,1.);
#288 = DIRECTION('',(0.250562807086,0.250562807086,0.935113126531));
#289 = ORIENTED_EDGE('',*,*,#290,.F.);
#290 = EDGE_CURVE('',#291,#283,#293,.T.);
#291 = VERTEX_POINT('',#292);
#292 = CARTESIAN_POINT('',(1.05,-0.528407417371,0.6));
#293 = LINE('',#294,#295);
#294 = CARTESIAN_POINT('',(1.05,0.625,0.6));
#295 = VECTOR('',#296,1.);
#296 = DIRECTION('',(-0.,1.,-0.));
#297 = ORIENTED_EDGE('',*,*,#298,.T.);
#298 = EDGE_CURVE('',#291,#273,#299,.T.);
#299 = LINE('',#300,#301);
#300 = CARTESIAN_POINT('',(0.977587098137,-0.455994515508,0.329751371123
    ));
#301 = VECTOR('',#302,1.);
#302 = DIRECTION('',(-0.250562807086,0.250562807086,-0.935113126531));
#303 = PLANE('',#304);
#304 = AXIS2_PLACEMENT_3D('',#305,#306,#307);
#305 = CARTESIAN_POINT('',(1.05,0.625,0.6));
#306 = DIRECTION('',(0.965925826289,0.,-0.258819045103));
#307 = DIRECTION('',(-0.258819045103,0.,-0.965925826289));
#308 = ADVANCED_FACE('',(#309),#355,.T.);
#309 = FACE_BOUND('',#310,.T.);
#310 = EDGE_LOOP('',(#311,#312,#320,#328,#334,#335,#341,#342,#348,#349)
  );
#311 = ORIENTED_EDGE('',*,*,#170,.F.);
#312 = ORIENTED_EDGE('',*,*,#313,.T.);
#313 = EDGE_CURVE('',#163,#314,#316,.T.);
#314 = VERTEX_POINT('',#315);
#315 = CARTESIAN_POINT('',(-0.819432821156,-0.491025403784,1.E-01));
#316 = LINE('',#317,#318);
#317 = CARTESIAN_POINT('',(-0.959471665876,-0.631064248505,
    0.622632083531));
#318 = VECTOR('',#319,1.);
#319 = DIRECTION('',(0.250562807086,0.250562807086,-0.935113126531));
#320 = ORIENTED_EDGE('',*,*,#321,.T.);
#321 = EDGE_CURVE('',#314,#322,#324,.T.);
#322 = VERTEX_POINT('',#323);
#323 = CARTESIAN_POINT('',(0.819432821156,-0.491025403784,1.E-01));
#324 = LINE('',#325,#326);
#325 = CARTESIAN_POINT('',(1.05,-0.491025403784,1.E-01));
#326 = VECTOR('',#327,1.);
#327 = DIRECTION('',(1.,0.,0.));
#328 = ORIENTED_EDGE('',*,*,#329,.T.);
#329 = EDGE_CURVE('',#322,#139,#330,.T.);
#330 = LINE('',#331,#332);
#331 = CARTESIAN_POINT('',(0.827630053257,-0.499222635886,0.130592486686
    ));
#332 = VECTOR('',#333,1.);
#333 = DIRECTION('',(0.250562807086,-0.250562807086,0.935113126531));
#334 = ORIENTED_EDGE('',*,*,#136,.F.);
#335 = ORIENTED_EDGE('',*,*,#336,.F.);
#336 = EDGE_CURVE('',#235,#137,#337,.T.);
#337 = LINE('',#338,#339);
#338 = CARTESIAN_POINT('',(-1.05,-0.625,0.6));
#339 = VECTOR('',#340,1.);
#340 = DIRECTION('',(1.,0.,0.));
#341 = ORIENTED_EDGE('',*,*,#234,.F.);
#342 = ORIENTED_EDGE('',*,*,#343,.F.);
#343 = EDGE_CURVE('',#203,#227,#344,.T.);
#344 = LINE('',#345,#346);
#345 = CARTESIAN_POINT('',(-1.7,-0.625,0.6));
#346 = VECTOR('',#347,1.);
#347 = DIRECTION('',(1.,0.,0.));
#348 = ORIENTED_EDGE('',*,*,#202,.F.);
#349 = ORIENTED_EDGE('',*,*,#350,.F.);
#350 = EDGE_CURVE('',#171,#195,#351,.T.);
#351 = LINE('',#352,#353);
#352 = CARTESIAN_POINT('',(-2.35,-0.625,0.6));
#353 = VECTOR('',#354,1.);
#354 = DIRECTION('',(1.,0.,0.));
#355 = PLANE('',#356);
#356 = AXIS2_PLACEMENT_3D('',#357,#358,#359);
#357 = CARTESIAN_POINT('',(-1.05,-0.625,0.6));
#358 = DIRECTION('',(0.,-0.965925826289,-0.258819045103));
#359 = DIRECTION('',(0.,0.258819045103,-0.965925826289));
#360 = ADVANCED_FACE('',(#361),#395,.T.);
#361 = FACE_BOUND('',#362,.T.);
#362 = EDGE_LOOP('',(#363,#373,#381,#389));
#363 = ORIENTED_EDGE('',*,*,#364,.T.);
#364 = EDGE_CURVE('',#365,#367,#369,.T.);
#365 = VERTEX_POINT('',#366);
#366 = CARTESIAN_POINT('',(-0.916025403784,0.394432821156,1.E-01));
#367 = VERTEX_POINT('',#368);
#368 = CARTESIAN_POINT('',(-0.916025403784,-0.394432821156,1.E-01));
#369 = LINE('',#370,#371);
#370 = CARTESIAN_POINT('',(-0.916025403784,-0.625,1.E-01));
#371 = VECTOR('',#372,1.);
#372 = DIRECTION('',(0.,-1.,0.));
#373 = ORIENTED_EDGE('',*,*,#374,.T.);
#374 = EDGE_CURVE('',#367,#375,#377,.T.);
#375 = VERTEX_POINT('',#376);
#376 = CARTESIAN_POINT('',(-1.05,-0.528407417371,0.6));
#377 = LINE('',#378,#379);
#378 = CARTESIAN_POINT('',(-0.977587098137,-0.455994515508,
    0.329751371123));
#379 = VECTOR('',#380,1.);
#380 = DIRECTION('',(-0.250562807086,-0.250562807086,0.935113126531));
#381 = ORIENTED_EDGE('',*,*,#382,.F.);
#382 = EDGE_CURVE('',#383,#375,#385,.T.);
#383 = VERTEX_POINT('',#384);
#384 = CARTESIAN_POINT('',(-1.05,0.528407417371,0.6));
#385 = LINE('',#386,#387);
#386 = CARTESIAN_POINT('',(-1.05,0.625,0.6));
#387 = VECTOR('',#388,1.);
#388 = DIRECTION('',(0.,-1.,0.));
#389 = ORIENTED_EDGE('',*,*,#390,.T.);
#390 = EDGE_CURVE('',#383,#365,#391,.T.);
#391 = LINE('',#392,#393);
#392 = CARTESIAN_POINT('',(-1.056064248505,0.534471665876,0.622632083531
    ));
#393 = VECTOR('',#394,1.);
#394 = DIRECTION('',(0.250562807086,-0.250562807086,-0.935113126531));
#395 = PLANE('',#396);
#396 = AXIS2_PLACEMENT_3D('',#397,#398,#399);
#397 = CARTESIAN_POINT('',(-1.05,0.625,0.6));
#398 = DIRECTION('',(-0.965925826289,0.,-0.258819045103));
#399 = DIRECTION('',(-0.258819045103,0.,0.965925826289));
#400 = ADVANCED_FACE('',(#401),#483,.T.);
#401 = FACE_BOUND('',#402,.T.);
#402 = EDGE_LOOP('',(#403,#413,#421,#429,#437,#445,#453,#461,#469,#477)
  );
#403 = ORIENTED_EDGE('',*,*,#404,.T.);
#404 = EDGE_CURVE('',#405,#407,#409,.T.);
#405 = VERTEX_POINT('',#406);
#406 = CARTESIAN_POINT('',(0.819432821156,0.491025403784,1.E-01));
#407 = VERTEX_POINT('',#408);
#408 = CARTESIAN_POINT('',(-0.819432821156,0.491025403784,1.E-01));
#409 = LINE('',#410,#411);
#410 = CARTESIAN_POINT('',(1.05,0.491025403784,1.E-01));
#411 = VECTOR('',#412,1.);
#412 = DIRECTION('',(-1.,0.,0.));
#413 = ORIENTED_EDGE('',*,*,#414,.T.);
#414 = EDGE_CURVE('',#407,#415,#417,.T.);
#415 = VERTEX_POINT('',#416);
#416 = CARTESIAN_POINT('',(-0.953407417371,0.625,0.6));
#417 = LINE('',#418,#419);
#418 = CARTESIAN_POINT('',(-0.959471665876,0.631064248505,0.622632083531
    ));
#419 = VECTOR('',#420,1.);
#420 = DIRECTION('',(-0.250562807086,0.250562807086,0.935113126531));
#421 = ORIENTED_EDGE('',*,*,#422,.F.);
#422 = EDGE_CURVE('',#423,#415,#425,.T.);
#423 = VERTEX_POINT('',#424);
#424 = CARTESIAN_POINT('',(-0.775,0.625,0.6));
#425 = LINE('',#426,#427);
#426 = CARTESIAN_POINT('',(-1.05,0.625,0.6));
#427 = VECTOR('',#428,1.);
#428 = DIRECTION('',(-1.,-0.,-0.));
#429 = ORIENTED_EDGE('',*,*,#430,.F.);
#430 = EDGE_CURVE('',#431,#423,#433,.T.);
#431 = VERTEX_POINT('',#432);
#432 = CARTESIAN_POINT('',(-0.525,0.625,0.6));
#433 = LINE('',#434,#435);
#434 = CARTESIAN_POINT('',(-2.35,0.625,0.6));
#435 = VECTOR('',#436,1.);
#436 = DIRECTION('',(-1.,-0.,-0.));
#437 = ORIENTED_EDGE('',*,*,#438,.F.);
#438 = EDGE_CURVE('',#439,#431,#441,.T.);
#439 = VERTEX_POINT('',#440);
#440 = CARTESIAN_POINT('',(-0.125,0.625,0.6));
#441 = LINE('',#442,#443);
#442 = CARTESIAN_POINT('',(-1.05,0.625,0.6));
#443 = VECTOR('',#444,1.);
#444 = DIRECTION('',(-1.,-0.,-0.));
#445 = ORIENTED_EDGE('',*,*,#446,.F.);
#446 = EDGE_CURVE('',#447,#439,#449,.T.);
#447 = VERTEX_POINT('',#448);
#448 = CARTESIAN_POINT('',(0.125,0.625,0.6));
#449 = LINE('',#450,#451);
#450 = CARTESIAN_POINT('',(-1.7,0.625,0.6));
#451 = VECTOR('',#452,1.);
#452 = DIRECTION('',(-1.,-0.,-0.));
#453 = ORIENTED_EDGE('',*,*,#454,.F.);
#454 = EDGE_CURVE('',#455,#447,#457,.T.);
#455 = VERTEX_POINT('',#456);
#456 = CARTESIAN_POINT('',(0.525,0.625,0.6));
#457 = LINE('',#458,#459);
#458 = CARTESIAN_POINT('',(-1.05,0.625,0.6));
#459 = VECTOR('',#460,1.);
#460 = DIRECTION('',(-1.,-0.,-0.));
#461 = ORIENTED_EDGE('',*,*,#462,.F.);
#462 = EDGE_CURVE('',#463,#455,#465,.T.);
#463 = VERTEX_POINT('',#464);
#464 = CARTESIAN_POINT('',(0.775,0.625,0.6));
#465 = LINE('',#466,#467);
#466 = CARTESIAN_POINT('',(-1.05,0.625,0.6));
#467 = VECTOR('',#468,1.);
#468 = DIRECTION('',(-1.,-0.,-0.));
#469 = ORIENTED_EDGE('',*,*,#470,.F.);
#470 = EDGE_CURVE('',#471,#463,#473,.T.);
#471 = VERTEX_POINT('',#472);
#472 = CARTESIAN_POINT('',(0.953407417371,0.625,0.6));
#473 = LINE('',#474,#475);
#474 = CARTESIAN_POINT('',(-1.05,0.625,0.6));
#475 = VECTOR('',#476,1.);
#476 = DIRECTION('',(-1.,-0.,-0.));
#477 = ORIENTED_EDGE('',*,*,#478,.T.);
#478 = EDGE_CURVE('',#471,#405,#479,.T.);
#479 = LINE('',#480,#481);
#480 = CARTESIAN_POINT('',(0.827630053257,0.499222635886,0.130592486686)
  );
#481 = VECTOR('',#482,1.);
#482 = DIRECTION('',(-0.250562807086,-0.250562807086,-0.935113126531));
#483 = PLANE('',#484);
#484 = AXIS2_PLACEMENT_3D('',#485,#486,#487);
#485 = CARTESIAN_POINT('',(-1.05,0.625,0.6));
#486 = DIRECTION('',(0.,0.965925826289,-0.258819045103));
#487 = DIRECTION('',(0.,0.258819045103,0.965925826289));
#488 = ADVANCED_FACE('',(#489),#523,.F.);
#489 = FACE_BOUND('',#490,.T.);
#490 = EDGE_LOOP('',(#491,#492,#499,#500,#507,#508,#515,#516));
#491 = ORIENTED_EDGE('',*,*,#321,.F.);
#492 = ORIENTED_EDGE('',*,*,#493,.T.);
#493 = EDGE_CURVE('',#314,#367,#494,.T.);
#494 = ( BOUNDED_CURVE() B_SPLINE_CURVE(3,(#495,#496,#497,#498),
.UNSPECIFIED.,.F.,.F.) B_SPLINE_CURVE_WITH_KNOTS((4,4),(5.531305892885,
7.035064721475),.PIECEWISE_BEZIER_KNOTS.) CURVE() 
GEOMETRIC_REPRESENTATION_ITEM() RATIONAL_B_SPLINE_CURVE((1.,
0.820270997176,0.820270997176,1.)) REPRESENTATION_ITEM('') );
#495 = CARTESIAN_POINT('',(-0.819432821156,-0.491025403784,1.E-01));
#496 = CARTESIAN_POINT('',(-0.876773098566,-0.491025403784,1.E-01));
#497 = CARTESIAN_POINT('',(-0.916025403784,-0.451773098566,1.E-01));
#498 = CARTESIAN_POINT('',(-0.916025403784,-0.394432821156,1.E-01));
#499 = ORIENTED_EDGE('',*,*,#364,.F.);
#500 = ORIENTED_EDGE('',*,*,#501,.T.);
#501 = EDGE_CURVE('',#365,#407,#502,.T.);
#502 = ( BOUNDED_CURVE() B_SPLINE_CURVE(3,(#503,#504,#505,#506),
.UNSPECIFIED.,.F.,.F.) B_SPLINE_CURVE_WITH_KNOTS((4,4),(5.531305892885,
7.035064721475),.PIECEWISE_BEZIER_KNOTS.) CURVE() 
GEOMETRIC_REPRESENTATION_ITEM() RATIONAL_B_SPLINE_CURVE((1.,
0.820270997176,0.820270997176,1.)) REPRESENTATION_ITEM('') );
#503 = CARTESIAN_POINT('',(-0.916025403784,0.394432821156,1.E-01));
#504 = CARTESIAN_POINT('',(-0.916025403784,0.451773098566,1.E-01));
#505 = CARTESIAN_POINT('',(-0.876773098566,0.491025403784,1.E-01));
#506 = CARTESIAN_POINT('',(-0.819432821156,0.491025403784,1.E-01));
#507 = ORIENTED_EDGE('',*,*,#404,.F.);
#508 = ORIENTED_EDGE('',*,*,#509,.T.);
#509 = EDGE_CURVE('',#405,#275,#510,.T.);
#510 = ( BOUNDED_CURVE() B_SPLINE_CURVE(3,(#511,#512,#513,#514),
.UNSPECIFIED.,.F.,.F.) B_SPLINE_CURVE_WITH_KNOTS((4,4),(5.531305892885,
7.035064721475),.PIECEWISE_BEZIER_KNOTS.) CURVE() 
GEOMETRIC_REPRESENTATION_ITEM() RATIONAL_B_SPLINE_CURVE((1.,
0.820270997176,0.820270997176,1.)) REPRESENTATION_ITEM('') );
#511 = CARTESIAN_POINT('',(0.819432821156,0.491025403784,1.E-01));
#512 = CARTESIAN_POINT('',(0.876773098566,0.491025403784,1.E-01));
#513 = CARTESIAN_POINT('',(0.916025403784,0.451773098566,1.E-01));
#514 = CARTESIAN_POINT('',(0.916025403784,0.394432821156,1.E-01));
#515 = ORIENTED_EDGE('',*,*,#272,.F.);
#516 = ORIENTED_EDGE('',*,*,#517,.T.);
#517 = EDGE_CURVE('',#273,#322,#518,.T.);
#518 = ( BOUNDED_CURVE() B_SPLINE_CURVE(3,(#519,#520,#521,#522),
.UNSPECIFIED.,.F.,.F.) B_SPLINE_CURVE_WITH_KNOTS((4,4),(5.531305892885,
7.035064721475),.PIECEWISE_BEZIER_KNOTS.) CURVE() 
GEOMETRIC_REPRESENTATION_ITEM() RATIONAL_B_SPLINE_CURVE((1.,
0.820270997176,0.820270997176,1.)) REPRESENTATION_ITEM('') );
#519 = CARTESIAN_POINT('',(0.916025403784,-0.394432821156,1.E-01));
#520 = CARTESIAN_POINT('',(0.916025403784,-0.451773098566,1.E-01));
#521 = CARTESIAN_POINT('',(0.876773098566,-0.491025403784,1.E-01));
#522 = CARTESIAN_POINT('',(0.819432821156,-0.491025403784,1.E-01));
#523 = PLANE('',#524);
#524 = AXIS2_PLACEMENT_3D('',#525,#526,#527);
#525 = CARTESIAN_POINT('',(1.05,-0.625,1.E-01));
#526 = DIRECTION('',(-0.,0.,1.));
#527 = DIRECTION('',(1.,0.,0.));
#528 = ADVANCED_FACE('',(#529),#554,.T.);
#529 = FACE_BOUND('',#530,.T.);
#530 = EDGE_LOOP('',(#531,#541,#547,#548));
#531 = ORIENTED_EDGE('',*,*,#532,.F.);
#532 = EDGE_CURVE('',#533,#535,#537,.T.);
#533 = VERTEX_POINT('',#534);
#534 = CARTESIAN_POINT('',(0.942820323028,-0.421227740399,1.));
#535 = VERTEX_POINT('',#536);
#536 = CARTESIAN_POINT('',(0.942820323028,0.421227740399,1.));
#537 = LINE('',#538,#539);
#538 = CARTESIAN_POINT('',(0.942820323028,0.625,1.));
#539 = VECTOR('',#540,1.);
#540 = DIRECTION('',(-0.,1.,-0.));
#541 = ORIENTED_EDGE('',*,*,#542,.T.);
#542 = EDGE_CURVE('',#533,#291,#543,.T.);
#543 = LINE('',#544,#545);
#544 = CARTESIAN_POINT('',(0.977587098137,-0.455994515508,0.870248628877
    ));
#545 = VECTOR('',#546,1.);
#546 = DIRECTION('',(0.250562807086,-0.250562807086,-0.935113126531));
#547 = ORIENTED_EDGE('',*,*,#290,.T.);
#548 = ORIENTED_EDGE('',*,*,#549,.T.);
#549 = EDGE_CURVE('',#283,#535,#550,.T.);
#550 = LINE('',#551,#552);
#551 = CARTESIAN_POINT('',(1.056064248505,0.534471665876,0.577367916469)
  );
#552 = VECTOR('',#553,1.);
#553 = DIRECTION('',(-0.250562807086,-0.250562807086,0.935113126531));
#554 = PLANE('',#555);
#555 = AXIS2_PLACEMENT_3D('',#556,#557,#558);
#556 = CARTESIAN_POINT('',(1.05,0.625,0.6));
#557 = DIRECTION('',(0.965925826289,0.,0.258819045103));
#558 = DIRECTION('',(0.258819045103,0.,-0.965925826289));
#559 = ADVANCED_FACE('',(#560),#654,.T.);
#560 = FACE_BOUND('',#561,.T.);
#561 = EDGE_LOOP('',(#562,#572,#578,#579,#587,#595,#601,#602,#610,#618,
    #624,#625,#633,#641,#647,#648));
#562 = ORIENTED_EDGE('',*,*,#563,.F.);
#563 = EDGE_CURVE('',#564,#566,#568,.T.);
#564 = VERTEX_POINT('',#565);
#565 = CARTESIAN_POINT('',(0.846227740399,0.517820323028,1.));
#566 = VERTEX_POINT('',#567);
#567 = CARTESIAN_POINT('',(-0.846227740399,0.517820323028,1.));
#568 = LINE('',#569,#570);
#569 = CARTESIAN_POINT('',(-1.05,0.517820323028,1.));
#570 = VECTOR('',#571,1.);
#571 = DIRECTION('',(-1.,0.,-0.));
#572 = ORIENTED_EDGE('',*,*,#573,.T.);
#573 = EDGE_CURVE('',#564,#471,#574,.T.);
#574 = LINE('',#575,#576);
#575 = CARTESIAN_POINT('',(0.827630053257,0.499222635886,1.069407513314)
  );
#576 = VECTOR('',#577,1.);
#577 = DIRECTION('',(0.250562807086,0.250562807086,-0.935113126531));
#578 = ORIENTED_EDGE('',*,*,#470,.T.);
#579 = ORIENTED_EDGE('',*,*,#580,.F.);
#580 = EDGE_CURVE('',#581,#463,#583,.T.);
#581 = VERTEX_POINT('',#582);
#582 = CARTESIAN_POINT('',(0.775,0.584807621135,0.75));
#583 = LINE('',#584,#585);
#584 = CARTESIAN_POINT('',(0.775,0.625,0.6));
#585 = VECTOR('',#586,1.);
#586 = DIRECTION('',(-0.,0.258819045103,-0.965925826289));
#587 = ORIENTED_EDGE('',*,*,#588,.F.);
#588 = EDGE_CURVE('',#589,#581,#591,.T.);
#589 = VERTEX_POINT('',#590);
#590 = CARTESIAN_POINT('',(0.525,0.584807621135,0.75));
#591 = LINE('',#592,#593);
#592 = CARTESIAN_POINT('',(-1.05,0.584807621135,0.75));
#593 = VECTOR('',#594,1.);
#594 = DIRECTION('',(1.,-0.,-0.));
#595 = ORIENTED_EDGE('',*,*,#596,.T.);
#596 = EDGE_CURVE('',#589,#455,#597,.T.);
#597 = LINE('',#598,#599);
#598 = CARTESIAN_POINT('',(0.525,0.625,0.6));
#599 = VECTOR('',#600,1.);
#600 = DIRECTION('',(-0.,0.258819045103,-0.965925826289));
#601 = ORIENTED_EDGE('',*,*,#454,.T.);
#602 = ORIENTED_EDGE('',*,*,#603,.F.);
#603 = EDGE_CURVE('',#604,#447,#606,.T.);
#604 = VERTEX_POINT('',#605);
#605 = CARTESIAN_POINT('',(0.125,0.584807621135,0.75));
#606 = LINE('',#607,#608);
#607 = CARTESIAN_POINT('',(0.125,0.625,0.6));
#608 = VECTOR('',#609,1.);
#609 = DIRECTION('',(-0.,0.258819045103,-0.965925826289));
#610 = ORIENTED_EDGE('',*,*,#611,.F.);
#611 = EDGE_CURVE('',#612,#604,#614,.T.);
#612 = VERTEX_POINT('',#613);
#613 = CARTESIAN_POINT('',(-0.125,0.584807621135,0.75));
#614 = LINE('',#615,#616);
#615 = CARTESIAN_POINT('',(-1.7,0.584807621135,0.75));
#616 = VECTOR('',#617,1.);
#617 = DIRECTION('',(1.,-0.,-0.));
#618 = ORIENTED_EDGE('',*,*,#619,.T.);
#619 = EDGE_CURVE('',#612,#439,#620,.T.);
#620 = LINE('',#621,#622);
#621 = CARTESIAN_POINT('',(-0.125,0.625,0.6));
#622 = VECTOR('',#623,1.);
#623 = DIRECTION('',(-0.,0.258819045103,-0.965925826289));
#624 = ORIENTED_EDGE('',*,*,#438,.T.);
#625 = ORIENTED_EDGE('',*,*,#626,.F.);
#626 = EDGE_CURVE('',#627,#431,#629,.T.);
#627 = VERTEX_POINT('',#628);
#628 = CARTESIAN_POINT('',(-0.525,0.584807621135,0.75));
#629 = LINE('',#630,#631);
#630 = CARTESIAN_POINT('',(-0.525,0.625,0.6));
#631 = VECTOR('',#632,1.);
#632 = DIRECTION('',(-0.,0.258819045103,-0.965925826289));
#633 = ORIENTED_EDGE('',*,*,#634,.F.);
#634 = EDGE_CURVE('',#635,#627,#637,.T.);
#635 = VERTEX_POINT('',#636);
#636 = CARTESIAN_POINT('',(-0.775,0.584807621135,0.75));
#637 = LINE('',#638,#639);
#638 = CARTESIAN_POINT('',(-2.35,0.584807621135,0.75));
#639 = VECTOR('',#640,1.);
#640 = DIRECTION('',(1.,-0.,-0.));
#641 = ORIENTED_EDGE('',*,*,#642,.T.);
#642 = EDGE_CURVE('',#635,#423,#643,.T.);
#643 = LINE('',#644,#645);
#644 = CARTESIAN_POINT('',(-0.775,0.625,0.6));
#645 = VECTOR('',#646,1.);
#646 = DIRECTION('',(-0.,0.258819045103,-0.965925826289));
#647 = ORIENTED_EDGE('',*,*,#422,.T.);
#648 = ORIENTED_EDGE('',*,*,#649,.T.);
#649 = EDGE_CURVE('',#415,#566,#650,.T.);
#650 = LINE('',#651,#652);
#651 = CARTESIAN_POINT('',(-0.959471665876,0.631064248505,0.577367916469
    ));
#652 = VECTOR('',#653,1.);
#653 = DIRECTION('',(0.250562807086,-0.250562807086,0.935113126531));
#654 = PLANE('',#655);
#655 = AXIS2_PLACEMENT_3D('',#656,#657,#658);
#656 = CARTESIAN_POINT('',(-1.05,0.625,0.6));
#657 = DIRECTION('',(0.,0.965925826289,0.258819045103));
#658 = DIRECTION('',(0.,-0.258819045103,0.965925826289));
#659 = ADVANCED_FACE('',(#660),#685,.T.);
#660 = FACE_BOUND('',#661,.T.);
#661 = EDGE_LOOP('',(#662,#672,#678,#679));
#662 = ORIENTED_EDGE('',*,*,#663,.F.);
#663 = EDGE_CURVE('',#664,#666,#668,.T.);
#664 = VERTEX_POINT('',#665);
#665 = CARTESIAN_POINT('',(-0.942820323028,0.421227740399,1.));
#666 = VERTEX_POINT('',#667);
#667 = CARTESIAN_POINT('',(-0.942820323028,-0.421227740399,1.));
#668 = LINE('',#669,#670);
#669 = CARTESIAN_POINT('',(-0.942820323028,0.625,1.));
#670 = VECTOR('',#671,1.);
#671 = DIRECTION('',(-0.,-1.,-0.));
#672 = ORIENTED_EDGE('',*,*,#673,.T.);
#673 = EDGE_CURVE('',#664,#383,#674,.T.);
#674 = LINE('',#675,#676);
#675 = CARTESIAN_POINT('',(-1.056064248505,0.534471665876,0.577367916469
    ));
#676 = VECTOR('',#677,1.);
#677 = DIRECTION('',(-0.250562807086,0.250562807086,-0.935113126531));
#678 = ORIENTED_EDGE('',*,*,#382,.T.);
#679 = ORIENTED_EDGE('',*,*,#680,.T.);
#680 = EDGE_CURVE('',#375,#666,#681,.T.);
#681 = LINE('',#682,#683);
#682 = CARTESIAN_POINT('',(-0.977587098137,-0.455994515508,
    0.870248628877));
#683 = VECTOR('',#684,1.);
#684 = DIRECTION('',(0.250562807086,0.250562807086,0.935113126531));
#685 = PLANE('',#686);
#686 = AXIS2_PLACEMENT_3D('',#687,#688,#689);
#687 = CARTESIAN_POINT('',(-1.05,0.625,0.6));
#688 = DIRECTION('',(-0.965925826289,0.,0.258819045103));
#689 = DIRECTION('',(0.258819045103,0.,0.965925826289));
#690 = ADVANCED_FACE('',(#691,#701),#735,.T.);
#691 = FACE_BOUND('',#692,.T.);
#692 = EDGE_LOOP('',(#693,#700));
#693 = ORIENTED_EDGE('',*,*,#694,.F.);
#694 = EDGE_CURVE('',#97,#105,#695,.T.);
#695 = CIRCLE('',#696,0.15);
#696 = AXIS2_PLACEMENT_3D('',#697,#698,#699);
#697 = CARTESIAN_POINT('',(-0.699748739564,-0.257664745789,1.));
#698 = DIRECTION('',(0.,0.,1.));
#699 = DIRECTION('',(1.,0.,-0.));
#700 = ORIENTED_EDGE('',*,*,#104,.F.);
#701 = FACE_BOUND('',#702,.T.);
#702 = EDGE_LOOP('',(#703,#704,#711,#712,#719,#720,#727,#728));
#703 = ORIENTED_EDGE('',*,*,#154,.T.);
#704 = ORIENTED_EDGE('',*,*,#705,.T.);
#705 = EDGE_CURVE('',#147,#533,#706,.T.);
#706 = ( BOUNDED_CURVE() B_SPLINE_CURVE(3,(#707,#708,#709,#710),
.UNSPECIFIED.,.F.,.F.) B_SPLINE_CURVE_WITH_KNOTS((4,4),(5.531305892885,
7.035064721475),.PIECEWISE_BEZIER_KNOTS.) CURVE() 
GEOMETRIC_REPRESENTATION_ITEM() RATIONAL_B_SPLINE_CURVE((1.,
0.820270997176,0.820270997176,1.)) REPRESENTATION_ITEM('') );
#707 = CARTESIAN_POINT('',(0.846227740399,-0.517820323028,1.));
#708 = CARTESIAN_POINT('',(0.903568017809,-0.517820323028,1.));
#709 = CARTESIAN_POINT('',(0.942820323028,-0.478568017809,1.));
#710 = CARTESIAN_POINT('',(0.942820323028,-0.421227740399,1.));
#711 = ORIENTED_EDGE('',*,*,#532,.T.);
#712 = ORIENTED_EDGE('',*,*,#713,.T.);
#713 = EDGE_CURVE('',#535,#564,#714,.T.);
#714 = ( BOUNDED_CURVE() B_SPLINE_CURVE(3,(#715,#716,#717,#718),
.UNSPECIFIED.,.F.,.F.) B_SPLINE_CURVE_WITH_KNOTS((4,4),(5.531305892885,
7.035064721475),.PIECEWISE_BEZIER_KNOTS.) CURVE() 
GEOMETRIC_REPRESENTATION_ITEM() RATIONAL_B_SPLINE_CURVE((1.,
0.820270997176,0.820270997176,1.)) REPRESENTATION_ITEM('') );
#715 = CARTESIAN_POINT('',(0.942820323028,0.421227740399,1.));
#716 = CARTESIAN_POINT('',(0.942820323028,0.478568017809,1.));
#717 = CARTESIAN_POINT('',(0.903568017809,0.517820323028,1.));
#718 = CARTESIAN_POINT('',(0.846227740399,0.517820323028,1.));
#719 = ORIENTED_EDGE('',*,*,#563,.T.);
#720 = ORIENTED_EDGE('',*,*,#721,.T.);
#721 = EDGE_CURVE('',#566,#664,#722,.T.);
#722 = ( BOUNDED_CURVE() B_SPLINE_CURVE(3,(#723,#724,#725,#726),
.UNSPECIFIED.,.F.,.F.) B_SPLINE_CURVE_WITH_KNOTS((4,4),(5.531305892885,
7.035064721475),.PIECEWISE_BEZIER_KNOTS.) CURVE() 
GEOMETRIC_REPRESENTATION_ITEM() RATIONAL_B_SPLINE_CURVE((1.,
0.820270997176,0.820270997176,1.)) REPRESENTATION_ITEM('') );
#723 = CARTESIAN_POINT('',(-0.846227740399,0.517820323028,1.));
#724 = CARTESIAN_POINT('',(-0.903568017809,0.517820323028,1.));
#725 = CARTESIAN_POINT('',(-0.942820323028,0.478568017809,1.));
#726 = CARTESIAN_POINT('',(-0.942820323028,0.421227740399,1.));
#727 = ORIENTED_EDGE('',*,*,#663,.T.);
#728 = ORIENTED_EDGE('',*,*,#729,.T.);
#729 = EDGE_CURVE('',#666,#155,#730,.T.);
#730 = ( BOUNDED_CURVE() B_SPLINE_CURVE(3,(#731,#732,#733,#734),
.UNSPECIFIED.,.F.,.F.) B_SPLINE_CURVE_WITH_KNOTS((4,4),(5.531305892885,
7.035064721475),.PIECEWISE_BEZIER_KNOTS.) CURVE() 
GEOMETRIC_REPRESENTATION_ITEM() RATIONAL_B_SPLINE_CURVE((1.,
0.820270997176,0.820270997176,1.)) REPRESENTATION_ITEM('') );
#731 = CARTESIAN_POINT('',(-0.942820323028,-0.421227740399,1.));
#732 = CARTESIAN_POINT('',(-0.942820323028,-0.478568017809,1.));
#733 = CARTESIAN_POINT('',(-0.903568017809,-0.517820323028,1.));
#734 = CARTESIAN_POINT('',(-0.846227740399,-0.517820323028,1.));
#735 = PLANE('',#736);
#736 = AXIS2_PLACEMENT_3D('',#737,#738,#739);
#737 = CARTESIAN_POINT('',(1.05,-0.625,1.));
#738 = DIRECTION('',(-0.,0.,1.));
#739 = DIRECTION('',(1.,0.,0.));
#740 = ADVANCED_FACE('',(#741),#766,.F.);
#741 = FACE_BOUND('',#742,.T.);
#742 = EDGE_LOOP('',(#743,#751,#752,#760));
#743 = ORIENTED_EDGE('',*,*,#744,.T.);
#744 = EDGE_CURVE('',#745,#463,#747,.T.);
#745 = VERTEX_POINT('',#746);
#746 = CARTESIAN_POINT('',(0.775,0.628617172386,0.6));
#747 = LINE('',#748,#749);
#748 = CARTESIAN_POINT('',(0.775,0.628617172386,0.6));
#749 = VECTOR('',#750,1.);
#750 = DIRECTION('',(0.,-1.,1.3790907757E-15));
#751 = ORIENTED_EDGE('',*,*,#462,.T.);
#752 = ORIENTED_EDGE('',*,*,#753,.F.);
#753 = EDGE_CURVE('',#754,#455,#756,.T.);
#754 = VERTEX_POINT('',#755);
#755 = CARTESIAN_POINT('',(0.525,0.628617172386,0.6));
#756 = LINE('',#757,#758);
#757 = CARTESIAN_POINT('',(0.525,0.628617172386,0.6));
#758 = VECTOR('',#759,1.);
#759 = DIRECTION('',(0.,-1.,1.3790907757E-15));
#760 = ORIENTED_EDGE('',*,*,#761,.T.);
#761 = EDGE_CURVE('',#754,#745,#762,.T.);
#762 = LINE('',#763,#764);
#763 = CARTESIAN_POINT('',(0.525,0.628617172386,0.6));
#764 = VECTOR('',#765,1.);
#765 = DIRECTION('',(1.,0.,0.));
#766 = PLANE('',#767);
#767 = AXIS2_PLACEMENT_3D('',#768,#769,#770);
#768 = CARTESIAN_POINT('',(0.525,0.628617172386,0.6));
#769 = DIRECTION('',(-0.,1.3790907757E-15,1.));
#770 = DIRECTION('',(0.,-1.,1.3790907757E-15));
#771 = ADVANCED_FACE('',(#772),#797,.F.);
#772 = FACE_BOUND('',#773,.T.);
#773 = EDGE_LOOP('',(#774,#782,#783,#791));
#774 = ORIENTED_EDGE('',*,*,#775,.F.);
#775 = EDGE_CURVE('',#589,#776,#778,.T.);
#776 = VERTEX_POINT('',#777);
#777 = CARTESIAN_POINT('',(0.525,0.628617172386,0.75));
#778 = LINE('',#779,#780);
#779 = CARTESIAN_POINT('',(0.525,0.55,0.75));
#780 = VECTOR('',#781,1.);
#781 = DIRECTION('',(0.,1.,0.));
#782 = ORIENTED_EDGE('',*,*,#588,.T.);
#783 = ORIENTED_EDGE('',*,*,#784,.T.);
#784 = EDGE_CURVE('',#581,#785,#787,.T.);
#785 = VERTEX_POINT('',#786);
#786 = CARTESIAN_POINT('',(0.775,0.628617172386,0.75));
#787 = LINE('',#788,#789);
#788 = CARTESIAN_POINT('',(0.775,0.55,0.75));
#789 = VECTOR('',#790,1.);
#790 = DIRECTION('',(0.,1.,0.));
#791 = ORIENTED_EDGE('',*,*,#792,.F.);
#792 = EDGE_CURVE('',#776,#785,#793,.T.);
#793 = LINE('',#794,#795);
#794 = CARTESIAN_POINT('',(0.525,0.628617172386,0.75));
#795 = VECTOR('',#796,1.);
#796 = DIRECTION('',(1.,0.,0.));
#797 = PLANE('',#798);
#798 = AXIS2_PLACEMENT_3D('',#799,#800,#801);
#799 = CARTESIAN_POINT('',(0.525,0.55,0.75));
#800 = DIRECTION('',(0.,0.,-1.));
#801 = DIRECTION('',(-1.,0.,-0.));
#802 = ADVANCED_FACE('',(#803),#882,.T.);
#803 = FACE_BOUND('',#804,.T.);
#804 = EDGE_LOOP('',(#805,#806,#807,#816,#824,#833,#841,#849,#857,#866,
    #874,#881));
#805 = ORIENTED_EDGE('',*,*,#596,.F.);
#806 = ORIENTED_EDGE('',*,*,#775,.T.);
#807 = ORIENTED_EDGE('',*,*,#808,.F.);
#808 = EDGE_CURVE('',#809,#776,#811,.T.);
#809 = VERTEX_POINT('',#810);
#810 = CARTESIAN_POINT('',(0.525,0.826972719885,0.575594467688));
#811 = CIRCLE('',#812,0.2);
#812 = AXIS2_PLACEMENT_3D('',#813,#814,#815);
#813 = CARTESIAN_POINT('',(0.525,0.628617172386,0.55));
#814 = DIRECTION('',(1.,0.,0.));
#815 = DIRECTION('',(0.,0.,-1.));
#816 = ORIENTED_EDGE('',*,*,#817,.T.);
#817 = EDGE_CURVE('',#809,#818,#820,.T.);
#818 = VERTEX_POINT('',#819);
#819 = CARTESIAN_POINT('',(0.525,0.876262542047,0.193601383078));
#820 = LINE('',#821,#822);
#821 = CARTESIAN_POINT('',(0.525,0.826972719885,0.575594467688));
#822 = VECTOR('',#823,1.);
#823 = DIRECTION('',(0.,0.127972338441,-0.991777737497));
#824 = ORIENTED_EDGE('',*,*,#825,.T.);
#825 = EDGE_CURVE('',#818,#826,#828,.T.);
#826 = VERTEX_POINT('',#827);
#827 = CARTESIAN_POINT('',(0.525,0.925851428922,0.15));
#828 = CIRCLE('',#829,5.E-02);
#829 = AXIS2_PLACEMENT_3D('',#830,#831,#832);
#830 = CARTESIAN_POINT('',(0.525,0.925851428922,0.2));
#831 = DIRECTION('',(1.,0.,0.));
#832 = DIRECTION('',(0.,0.,-1.));
#833 = ORIENTED_EDGE('',*,*,#834,.F.);
#834 = EDGE_CURVE('',#835,#826,#837,.T.);
#835 = VERTEX_POINT('',#836);
#836 = CARTESIAN_POINT('',(0.525,1.15,0.15));
#837 = LINE('',#838,#839);
#838 = CARTESIAN_POINT('',(0.525,1.15,0.15));
#839 = VECTOR('',#840,1.);
#840 = DIRECTION('',(0.,-1.,0.));
#841 = ORIENTED_EDGE('',*,*,#842,.T.);
#842 = EDGE_CURVE('',#835,#843,#845,.T.);
#843 = VERTEX_POINT('',#844);
#844 = CARTESIAN_POINT('',(0.525,1.15,-1.084202172486E-16));
#845 = LINE('',#846,#847);
#846 = CARTESIAN_POINT('',(0.525,1.15,0.15));
#847 = VECTOR('',#848,1.);
#848 = DIRECTION('',(0.,0.,-1.));
#849 = ORIENTED_EDGE('',*,*,#850,.T.);
#850 = EDGE_CURVE('',#843,#851,#853,.T.);
#851 = VERTEX_POINT('',#852);
#852 = CARTESIAN_POINT('',(0.525,0.925851428922,-1.89735380185E-16));
#853 = LINE('',#854,#855);
#854 = CARTESIAN_POINT('',(0.525,1.15,-1.084202172486E-16));
#855 = VECTOR('',#856,1.);
#856 = DIRECTION('',(0.,-1.,0.));
#857 = ORIENTED_EDGE('',*,*,#858,.T.);
#858 = EDGE_CURVE('',#851,#859,#861,.T.);
#859 = VERTEX_POINT('',#860);
#860 = CARTESIAN_POINT('',(0.525,0.727495881423,0.174405532312));
#861 = CIRCLE('',#862,0.2);
#862 = AXIS2_PLACEMENT_3D('',#863,#864,#865);
#863 = CARTESIAN_POINT('',(0.525,0.925851428922,0.2));
#864 = DIRECTION('',(-1.,-0.,0.));
#865 = DIRECTION('',(0.,0.,1.));
#866 = ORIENTED_EDGE('',*,*,#867,.F.);
#867 = EDGE_CURVE('',#868,#859,#870,.T.);
#868 = VERTEX_POINT('',#869);
#869 = CARTESIAN_POINT('',(0.525,0.67820605926,0.556398616922));
#870 = LINE('',#871,#872);
#871 = CARTESIAN_POINT('',(0.525,0.67820605926,0.556398616922));
#872 = VECTOR('',#873,1.);
#873 = DIRECTION('',(0.,0.127972338441,-0.991777737497));
#874 = ORIENTED_EDGE('',*,*,#875,.F.);
#875 = EDGE_CURVE('',#754,#868,#876,.T.);
#876 = CIRCLE('',#877,5.E-02);
#877 = AXIS2_PLACEMENT_3D('',#878,#879,#880);
#878 = CARTESIAN_POINT('',(0.525,0.628617172386,0.55));
#879 = DIRECTION('',(-1.,-0.,0.));
#880 = DIRECTION('',(0.,0.,1.));
#881 = ORIENTED_EDGE('',*,*,#753,.T.);
#882 = PLANE('',#883);
#883 = AXIS2_PLACEMENT_3D('',#884,#885,#886);
#884 = CARTESIAN_POINT('',(0.525,0.628617172386,0.55));
#885 = DIRECTION('',(-1.,-0.,0.));
#886 = DIRECTION('',(0.,0.,1.));
#887 = ADVANCED_FACE('',(#888),#967,.F.);
#888 = FACE_BOUND('',#889,.T.);
#889 = EDGE_LOOP('',(#890,#891,#892,#893,#902,#910,#919,#927,#935,#943,
    #952,#960));
#890 = ORIENTED_EDGE('',*,*,#784,.F.);
#891 = ORIENTED_EDGE('',*,*,#580,.T.);
#892 = ORIENTED_EDGE('',*,*,#744,.F.);
#893 = ORIENTED_EDGE('',*,*,#894,.T.);
#894 = EDGE_CURVE('',#745,#895,#897,.T.);
#895 = VERTEX_POINT('',#896);
#896 = CARTESIAN_POINT('',(0.775,0.67820605926,0.556398616922));
#897 = CIRCLE('',#898,5.E-02);
#898 = AXIS2_PLACEMENT_3D('',#899,#900,#901);
#899 = CARTESIAN_POINT('',(0.775,0.628617172386,0.55));
#900 = DIRECTION('',(-1.,-0.,0.));
#901 = DIRECTION('',(0.,0.,1.));
#902 = ORIENTED_EDGE('',*,*,#903,.T.);
#903 = EDGE_CURVE('',#895,#904,#906,.T.);
#904 = VERTEX_POINT('',#905);
#905 = CARTESIAN_POINT('',(0.775,0.727495881423,0.174405532312));
#906 = LINE('',#907,#908);
#907 = CARTESIAN_POINT('',(0.775,0.67820605926,0.556398616922));
#908 = VECTOR('',#909,1.);
#909 = DIRECTION('',(0.,0.127972338441,-0.991777737497));
#910 = ORIENTED_EDGE('',*,*,#911,.F.);
#911 = EDGE_CURVE('',#912,#904,#914,.T.);
#912 = VERTEX_POINT('',#913);
#913 = CARTESIAN_POINT('',(0.775,0.925851428922,-1.89735380185E-16));
#914 = CIRCLE('',#915,0.2);
#915 = AXIS2_PLACEMENT_3D('',#916,#917,#918);
#916 = CARTESIAN_POINT('',(0.775,0.925851428922,0.2));
#917 = DIRECTION('',(-1.,-0.,0.));
#918 = DIRECTION('',(0.,0.,1.));
#919 = ORIENTED_EDGE('',*,*,#920,.F.);
#920 = EDGE_CURVE('',#921,#912,#923,.T.);
#921 = VERTEX_POINT('',#922);
#922 = CARTESIAN_POINT('',(0.775,1.15,-1.084202172486E-16));
#923 = LINE('',#924,#925);
#924 = CARTESIAN_POINT('',(0.775,1.15,-1.084202172486E-16));
#925 = VECTOR('',#926,1.);
#926 = DIRECTION('',(0.,-1.,0.));
#927 = ORIENTED_EDGE('',*,*,#928,.F.);
#928 = EDGE_CURVE('',#929,#921,#931,.T.);
#929 = VERTEX_POINT('',#930);
#930 = CARTESIAN_POINT('',(0.775,1.15,0.15));
#931 = LINE('',#932,#933);
#932 = CARTESIAN_POINT('',(0.775,1.15,0.15));
#933 = VECTOR('',#934,1.);
#934 = DIRECTION('',(0.,0.,-1.));
#935 = ORIENTED_EDGE('',*,*,#936,.T.);
#936 = EDGE_CURVE('',#929,#937,#939,.T.);
#937 = VERTEX_POINT('',#938);
#938 = CARTESIAN_POINT('',(0.775,0.925851428922,0.15));
#939 = LINE('',#940,#941);
#940 = CARTESIAN_POINT('',(0.775,1.15,0.15));
#941 = VECTOR('',#942,1.);
#942 = DIRECTION('',(0.,-1.,0.));
#943 = ORIENTED_EDGE('',*,*,#944,.F.);
#944 = EDGE_CURVE('',#945,#937,#947,.T.);
#945 = VERTEX_POINT('',#946);
#946 = CARTESIAN_POINT('',(0.775,0.876262542047,0.193601383078));
#947 = CIRCLE('',#948,5.E-02);
#948 = AXIS2_PLACEMENT_3D('',#949,#950,#951);
#949 = CARTESIAN_POINT('',(0.775,0.925851428922,0.2));
#950 = DIRECTION('',(1.,0.,0.));
#951 = DIRECTION('',(0.,0.,-1.));
#952 = ORIENTED_EDGE('',*,*,#953,.F.);
#953 = EDGE_CURVE('',#954,#945,#956,.T.);
#954 = VERTEX_POINT('',#955);
#955 = CARTESIAN_POINT('',(0.775,0.826972719885,0.575594467688));
#956 = LINE('',#957,#958);
#957 = CARTESIAN_POINT('',(0.775,0.826972719885,0.575594467688));
#958 = VECTOR('',#959,1.);
#959 = DIRECTION('',(0.,0.127972338441,-0.991777737497));
#960 = ORIENTED_EDGE('',*,*,#961,.T.);
#961 = EDGE_CURVE('',#954,#785,#962,.T.);
#962 = CIRCLE('',#963,0.2);
#963 = AXIS2_PLACEMENT_3D('',#964,#965,#966);
#964 = CARTESIAN_POINT('',(0.775,0.628617172386,0.55));
#965 = DIRECTION('',(1.,0.,0.));
#966 = DIRECTION('',(0.,0.,-1.));
#967 = PLANE('',#968);
#968 = AXIS2_PLACEMENT_3D('',#969,#970,#971);
#969 = CARTESIAN_POINT('',(0.775,0.628617172386,0.55));
#970 = DIRECTION('',(-1.,-0.,0.));
#971 = DIRECTION('',(0.,0.,1.));
#972 = ADVANCED_FACE('',(#973),#984,.F.);
#973 = FACE_BOUND('',#974,.F.);
#974 = EDGE_LOOP('',(#975,#976,#977,#978));
#975 = ORIENTED_EDGE('',*,*,#875,.F.);
#976 = ORIENTED_EDGE('',*,*,#761,.T.);
#977 = ORIENTED_EDGE('',*,*,#894,.T.);
#978 = ORIENTED_EDGE('',*,*,#979,.F.);
#979 = EDGE_CURVE('',#868,#895,#980,.T.);
#980 = LINE('',#981,#982);
#981 = CARTESIAN_POINT('',(0.525,0.67820605926,0.556398616922));
#982 = VECTOR('',#983,1.);
#983 = DIRECTION('',(1.,0.,0.));
#984 = CYLINDRICAL_SURFACE('',#985,5.E-02);
#985 = AXIS2_PLACEMENT_3D('',#986,#987,#988);
#986 = CARTESIAN_POINT('',(0.525,0.628617172386,0.55));
#987 = DIRECTION('',(1.,0.,0.));
#988 = DIRECTION('',(0.,0.,-1.));
#989 = ADVANCED_FACE('',(#990),#1001,.T.);
#990 = FACE_BOUND('',#991,.T.);
#991 = EDGE_LOOP('',(#992,#993,#994,#1000));
#992 = ORIENTED_EDGE('',*,*,#792,.T.);
#993 = ORIENTED_EDGE('',*,*,#961,.F.);
#994 = ORIENTED_EDGE('',*,*,#995,.F.);
#995 = EDGE_CURVE('',#809,#954,#996,.T.);
#996 = LINE('',#997,#998);
#997 = CARTESIAN_POINT('',(0.525,0.826972719885,0.575594467688));
#998 = VECTOR('',#999,1.);
#999 = DIRECTION('',(1.,0.,0.));
#1000 = ORIENTED_EDGE('',*,*,#808,.T.);
#1001 = CYLINDRICAL_SURFACE('',#1002,0.2);
#1002 = AXIS2_PLACEMENT_3D('',#1003,#1004,#1005);
#1003 = CARTESIAN_POINT('',(0.525,0.628617172386,0.55));
#1004 = DIRECTION('',(1.,0.,0.));
#1005 = DIRECTION('',(0.,0.,-1.));
#1006 = ADVANCED_FACE('',(#1007),#1018,.F.);
#1007 = FACE_BOUND('',#1008,.T.);
#1008 = EDGE_LOOP('',(#1009,#1010,#1011,#1017));
#1009 = ORIENTED_EDGE('',*,*,#995,.T.);
#1010 = ORIENTED_EDGE('',*,*,#953,.T.);
#1011 = ORIENTED_EDGE('',*,*,#1012,.F.);
#1012 = EDGE_CURVE('',#818,#945,#1013,.T.);
#1013 = LINE('',#1014,#1015);
#1014 = CARTESIAN_POINT('',(0.525,0.876262542047,0.193601383078));
#1015 = VECTOR('',#1016,1.);
#1016 = DIRECTION('',(1.,0.,0.));
#1017 = ORIENTED_EDGE('',*,*,#817,.F.);
#1018 = PLANE('',#1019);
#1019 = AXIS2_PLACEMENT_3D('',#1020,#1021,#1022);
#1020 = CARTESIAN_POINT('',(0.525,0.826972719885,0.575594467688));
#1021 = DIRECTION('',(0.,-0.991777737497,-0.127972338441));
#1022 = DIRECTION('',(0.,0.127972338441,-0.991777737497));
#1023 = ADVANCED_FACE('',(#1024),#1035,.F.);
#1024 = FACE_BOUND('',#1025,.F.);
#1025 = EDGE_LOOP('',(#1026,#1027,#1033,#1034));
#1026 = ORIENTED_EDGE('',*,*,#825,.T.);
#1027 = ORIENTED_EDGE('',*,*,#1028,.T.);
#1028 = EDGE_CURVE('',#826,#937,#1029,.T.);
#1029 = LINE('',#1030,#1031);
#1030 = CARTESIAN_POINT('',(0.525,0.925851428922,0.15));
#1031 = VECTOR('',#1032,1.);
#1032 = DIRECTION('',(1.,0.,0.));
#1033 = ORIENTED_EDGE('',*,*,#944,.F.);
#1034 = ORIENTED_EDGE('',*,*,#1012,.F.);
#1035 = CYLINDRICAL_SURFACE('',#1036,5.E-02);
#1036 = AXIS2_PLACEMENT_3D('',#1037,#1038,#1039);
#1037 = CARTESIAN_POINT('',(0.525,0.925851428922,0.2));
#1038 = DIRECTION('',(1.,0.,0.));
#1039 = DIRECTION('',(0.,0.,-1.));
#1040 = ADVANCED_FACE('',(#1041),#1052,.T.);
#1041 = FACE_BOUND('',#1042,.T.);
#1042 = EDGE_LOOP('',(#1043,#1044,#1045,#1051));
#1043 = ORIENTED_EDGE('',*,*,#1028,.T.);
#1044 = ORIENTED_EDGE('',*,*,#936,.F.);
#1045 = ORIENTED_EDGE('',*,*,#1046,.F.);
#1046 = EDGE_CURVE('',#835,#929,#1047,.T.);
#1047 = LINE('',#1048,#1049);
#1048 = CARTESIAN_POINT('',(0.525,1.15,0.15));
#1049 = VECTOR('',#1050,1.);
#1050 = DIRECTION('',(1.,0.,0.));
#1051 = ORIENTED_EDGE('',*,*,#834,.T.);
#1052 = PLANE('',#1053);
#1053 = AXIS2_PLACEMENT_3D('',#1054,#1055,#1056);
#1054 = CARTESIAN_POINT('',(0.525,1.15,0.15));
#1055 = DIRECTION('',(-0.,0.,1.));
#1056 = DIRECTION('',(1.,0.,0.));
#1057 = ADVANCED_FACE('',(#1058),#1069,.F.);
#1058 = FACE_BOUND('',#1059,.T.);
#1059 = EDGE_LOOP('',(#1060,#1061,#1062,#1068));
#1060 = ORIENTED_EDGE('',*,*,#1046,.T.);
#1061 = ORIENTED_EDGE('',*,*,#928,.T.);
#1062 = ORIENTED_EDGE('',*,*,#1063,.F.);
#1063 = EDGE_CURVE('',#843,#921,#1064,.T.);
#1064 = LINE('',#1065,#1066);
#1065 = CARTESIAN_POINT('',(0.525,1.15,-1.084202172486E-16));
#1066 = VECTOR('',#1067,1.);
#1067 = DIRECTION('',(1.,0.,0.));
#1068 = ORIENTED_EDGE('',*,*,#842,.F.);
#1069 = PLANE('',#1070);
#1070 = AXIS2_PLACEMENT_3D('',#1071,#1072,#1073);
#1071 = CARTESIAN_POINT('',(0.525,1.15,0.15));
#1072 = DIRECTION('',(0.,-1.,0.));
#1073 = DIRECTION('',(0.,-0.,-1.));
#1074 = ADVANCED_FACE('',(#1075),#1086,.F.);
#1075 = FACE_BOUND('',#1076,.T.);
#1076 = EDGE_LOOP('',(#1077,#1078,#1079,#1085));
#1077 = ORIENTED_EDGE('',*,*,#1063,.T.);
#1078 = ORIENTED_EDGE('',*,*,#920,.T.);
#1079 = ORIENTED_EDGE('',*,*,#1080,.F.);
#1080 = EDGE_CURVE('',#851,#912,#1081,.T.);
#1081 = LINE('',#1082,#1083);
#1082 = CARTESIAN_POINT('',(0.525,0.925851428922,-1.89735380185E-16));
#1083 = VECTOR('',#1084,1.);
#1084 = DIRECTION('',(1.,0.,0.));
#1085 = ORIENTED_EDGE('',*,*,#850,.F.);
#1086 = PLANE('',#1087);
#1087 = AXIS2_PLACEMENT_3D('',#1088,#1089,#1090);
#1088 = CARTESIAN_POINT('',(0.525,1.15,-1.084202172486E-16));
#1089 = DIRECTION('',(-0.,0.,1.));
#1090 = DIRECTION('',(1.,0.,0.));
#1091 = ADVANCED_FACE('',(#1092),#1103,.T.);
#1092 = FACE_BOUND('',#1093,.T.);
#1093 = EDGE_LOOP('',(#1094,#1095,#1096,#1102));
#1094 = ORIENTED_EDGE('',*,*,#1080,.T.);
#1095 = ORIENTED_EDGE('',*,*,#911,.T.);
#1096 = ORIENTED_EDGE('',*,*,#1097,.F.);
#1097 = EDGE_CURVE('',#859,#904,#1098,.T.);
#1098 = LINE('',#1099,#1100);
#1099 = CARTESIAN_POINT('',(0.525,0.727495881423,0.174405532312));
#1100 = VECTOR('',#1101,1.);
#1101 = DIRECTION('',(1.,0.,0.));
#1102 = ORIENTED_EDGE('',*,*,#858,.F.);
#1103 = CYLINDRICAL_SURFACE('',#1104,0.2);
#1104 = AXIS2_PLACEMENT_3D('',#1105,#1106,#1107);
#1105 = CARTESIAN_POINT('',(0.525,0.925851428922,0.2));
#1106 = DIRECTION('',(1.,0.,0.));
#1107 = DIRECTION('',(0.,0.,-1.));
#1108 = ADVANCED_FACE('',(#1109),#1115,.T.);
#1109 = FACE_BOUND('',#1110,.T.);
#1110 = EDGE_LOOP('',(#1111,#1112,#1113,#1114));
#1111 = ORIENTED_EDGE('',*,*,#1097,.T.);
#1112 = ORIENTED_EDGE('',*,*,#903,.F.);
#1113 = ORIENTED_EDGE('',*,*,#979,.F.);
#1114 = ORIENTED_EDGE('',*,*,#867,.T.);
#1115 = PLANE('',#1116);
#1116 = AXIS2_PLACEMENT_3D('',#1117,#1118,#1119);
#1117 = CARTESIAN_POINT('',(0.525,0.67820605926,0.556398616922));
#1118 = DIRECTION('',(0.,-0.991777737497,-0.127972338441));
#1119 = DIRECTION('',(0.,0.127972338441,-0.991777737497));
#1120 = ADVANCED_FACE('',(#1121),#1146,.T.);
#1121 = FACE_BOUND('',#1122,.T.);
#1122 = EDGE_LOOP('',(#1123,#1124,#1132,#1140));
#1123 = ORIENTED_EDGE('',*,*,#250,.F.);
#1124 = ORIENTED_EDGE('',*,*,#1125,.T.);
#1125 = EDGE_CURVE('',#243,#1126,#1128,.T.);
#1126 = VERTEX_POINT('',#1127);
#1127 = CARTESIAN_POINT('',(0.525,-0.628617172386,0.75));
#1128 = LINE('',#1129,#1130);
#1129 = CARTESIAN_POINT('',(0.525,1.878320690304E-16,0.75));
#1130 = VECTOR('',#1131,1.);
#1131 = DIRECTION('',(0.,-1.,0.));
#1132 = ORIENTED_EDGE('',*,*,#1133,.T.);
#1133 = EDGE_CURVE('',#1126,#1134,#1136,.T.);
#1134 = VERTEX_POINT('',#1135);
#1135 = CARTESIAN_POINT('',(0.775,-0.628617172386,0.75));
#1136 = LINE('',#1137,#1138);
#1137 = CARTESIAN_POINT('',(0.525,-0.628617172386,0.75));
#1138 = VECTOR('',#1139,1.);
#1139 = DIRECTION('',(1.,0.,0.));
#1140 = ORIENTED_EDGE('',*,*,#1141,.F.);
#1141 = EDGE_CURVE('',#251,#1134,#1142,.T.);
#1142 = LINE('',#1143,#1144);
#1143 = CARTESIAN_POINT('',(0.775,1.878320690304E-16,0.75));
#1144 = VECTOR('',#1145,1.);
#1145 = DIRECTION('',(0.,-1.,0.));
#1146 = PLANE('',#1147);
#1147 = AXIS2_PLACEMENT_3D('',#1148,#1149,#1150);
#1148 = CARTESIAN_POINT('',(0.525,1.878320690304E-16,0.75));
#1149 = DIRECTION('',(-0.,0.,1.));
#1150 = DIRECTION('',(1.,0.,0.));
#1151 = ADVANCED_FACE('',(#1152),#1177,.T.);
#1152 = FACE_BOUND('',#1153,.T.);
#1153 = EDGE_LOOP('',(#1154,#1155,#1163,#1171));
#1154 = ORIENTED_EDGE('',*,*,#336,.T.);
#1155 = ORIENTED_EDGE('',*,*,#1156,.F.);
#1156 = EDGE_CURVE('',#1157,#137,#1159,.T.);
#1157 = VERTEX_POINT('',#1158);
#1158 = CARTESIAN_POINT('',(0.775,-0.628617172386,0.6));
#1159 = LINE('',#1160,#1161);
#1160 = CARTESIAN_POINT('',(0.775,-2.912519486731E-15,0.6));
#1161 = VECTOR('',#1162,1.);
#1162 = DIRECTION('',(0.,1.,1.3790907757E-15));
#1163 = ORIENTED_EDGE('',*,*,#1164,.F.);
#1164 = EDGE_CURVE('',#1165,#1157,#1167,.T.);
#1165 = VERTEX_POINT('',#1166);
#1166 = CARTESIAN_POINT('',(0.525,-0.628617172386,0.6));
#1167 = LINE('',#1168,#1169);
#1168 = CARTESIAN_POINT('',(0.525,-0.628617172386,0.6));
#1169 = VECTOR('',#1170,1.);
#1170 = DIRECTION('',(1.,0.,0.));
#1171 = ORIENTED_EDGE('',*,*,#1172,.T.);
#1172 = EDGE_CURVE('',#1165,#235,#1173,.T.);
#1173 = LINE('',#1174,#1175);
#1174 = CARTESIAN_POINT('',(0.525,-2.912519486731E-15,0.6));
#1175 = VECTOR('',#1176,1.);
#1176 = DIRECTION('',(0.,1.,1.3790907757E-15));
#1177 = PLANE('',#1178);
#1178 = AXIS2_PLACEMENT_3D('',#1179,#1180,#1181);
#1179 = CARTESIAN_POINT('',(0.525,-2.912519486731E-15,0.6));
#1180 = DIRECTION('',(0.,1.3790907757E-15,-1.));
#1181 = DIRECTION('',(0.,1.,1.3790907757E-15));
#1182 = ADVANCED_FACE('',(#1183),#1262,.F.);
#1183 = FACE_BOUND('',#1184,.T.);
#1184 = EDGE_LOOP('',(#1185,#1186,#1187,#1188,#1197,#1205,#1214,#1222,
    #1230,#1238,#1247,#1255));
#1185 = ORIENTED_EDGE('',*,*,#1125,.F.);
#1186 = ORIENTED_EDGE('',*,*,#242,.T.);
#1187 = ORIENTED_EDGE('',*,*,#1172,.F.);
#1188 = ORIENTED_EDGE('',*,*,#1189,.T.);
#1189 = EDGE_CURVE('',#1165,#1190,#1192,.T.);
#1190 = VERTEX_POINT('',#1191);
#1191 = CARTESIAN_POINT('',(0.525,-0.67820605926,0.556398616922));
#1192 = CIRCLE('',#1193,5.E-02);
#1193 = AXIS2_PLACEMENT_3D('',#1194,#1195,#1196);
#1194 = CARTESIAN_POINT('',(0.525,-0.628617172386,0.55));
#1195 = DIRECTION('',(1.,-0.,0.));
#1196 = DIRECTION('',(0.,0.,-1.));
#1197 = ORIENTED_EDGE('',*,*,#1198,.T.);
#1198 = EDGE_CURVE('',#1190,#1199,#1201,.T.);
#1199 = VERTEX_POINT('',#1200);
#1200 = CARTESIAN_POINT('',(0.525,-0.727495881423,0.174405532312));
#1201 = LINE('',#1202,#1203);
#1202 = CARTESIAN_POINT('',(0.525,-0.946895972274,-1.525931652755));
#1203 = VECTOR('',#1204,1.);
#1204 = DIRECTION('',(0.,-0.127972338441,-0.991777737497));
#1205 = ORIENTED_EDGE('',*,*,#1206,.F.);
#1206 = EDGE_CURVE('',#1207,#1199,#1209,.T.);
#1207 = VERTEX_POINT('',#1208);
#1208 = CARTESIAN_POINT('',(0.525,-0.925851428922,0.));
#1209 = CIRCLE('',#1210,0.2);
#1210 = AXIS2_PLACEMENT_3D('',#1211,#1212,#1213);
#1211 = CARTESIAN_POINT('',(0.525,-0.925851428922,0.2));
#1212 = DIRECTION('',(1.,-0.,0.));
#1213 = DIRECTION('',(0.,0.,-1.));
#1214 = ORIENTED_EDGE('',*,*,#1215,.F.);
#1215 = EDGE_CURVE('',#1216,#1207,#1218,.T.);
#1216 = VERTEX_POINT('',#1217);
#1217 = CARTESIAN_POINT('',(0.525,-1.15,0.));
#1218 = LINE('',#1219,#1220);
#1219 = CARTESIAN_POINT('',(0.525,1.878320690304E-16,0.));
#1220 = VECTOR('',#1221,1.);
#1221 = DIRECTION('',(0.,1.,0.));
#1222 = ORIENTED_EDGE('',*,*,#1223,.F.);
#1223 = EDGE_CURVE('',#1224,#1216,#1226,.T.);
#1224 = VERTEX_POINT('',#1225);
#1225 = CARTESIAN_POINT('',(0.525,-1.15,0.15));
#1226 = LINE('',#1227,#1228);
#1227 = CARTESIAN_POINT('',(0.525,-1.15,-1.648112749638));
#1228 = VECTOR('',#1229,1.);
#1229 = DIRECTION('',(0.,0.,-1.));
#1230 = ORIENTED_EDGE('',*,*,#1231,.T.);
#1231 = EDGE_CURVE('',#1224,#1232,#1234,.T.);
#1232 = VERTEX_POINT('',#1233);
#1233 = CARTESIAN_POINT('',(0.525,-0.925851428922,0.15));
#1234 = LINE('',#1235,#1236);
#1235 = CARTESIAN_POINT('',(0.525,1.878320690304E-16,0.15));
#1236 = VECTOR('',#1237,1.);
#1237 = DIRECTION('',(0.,1.,0.));
#1238 = ORIENTED_EDGE('',*,*,#1239,.F.);
#1239 = EDGE_CURVE('',#1240,#1232,#1242,.T.);
#1240 = VERTEX_POINT('',#1241);
#1241 = CARTESIAN_POINT('',(0.525,-0.876262542047,0.193601383078));
#1242 = CIRCLE('',#1243,5.E-02);
#1243 = AXIS2_PLACEMENT_3D('',#1244,#1245,#1246);
#1244 = CARTESIAN_POINT('',(0.525,-0.925851428922,0.2));
#1245 = DIRECTION('',(-1.,0.,-0.));
#1246 = DIRECTION('',(0.,2.168404344971E-14,-1.));
#1247 = ORIENTED_EDGE('',*,*,#1248,.F.);
#1248 = EDGE_CURVE('',#1249,#1240,#1251,.T.);
#1249 = VERTEX_POINT('',#1250);
#1250 = CARTESIAN_POINT('',(0.525,-0.826972719885,0.575594467688));
#1251 = LINE('',#1252,#1253);
#1252 = CARTESIAN_POINT('',(0.525,-1.095662632898,-1.506735801989));
#1253 = VECTOR('',#1254,1.);
#1254 = DIRECTION('',(0.,-0.127972338441,-0.991777737497));
#1255 = ORIENTED_EDGE('',*,*,#1256,.T.);
#1256 = EDGE_CURVE('',#1249,#1126,#1257,.T.);
#1257 = CIRCLE('',#1258,0.2);
#1258 = AXIS2_PLACEMENT_3D('',#1259,#1260,#1261);
#1259 = CARTESIAN_POINT('',(0.525,-0.628617172386,0.55));
#1260 = DIRECTION('',(-1.,0.,-0.));
#1261 = DIRECTION('',(0.,1.084202172486E-15,-1.));
#1262 = PLANE('',#1263);
#1263 = AXIS2_PLACEMENT_3D('',#1264,#1265,#1266);
#1264 = CARTESIAN_POINT('',(0.525,1.878320690304E-16,-1.648112749638));
#1265 = DIRECTION('',(1.,-0.,0.));
#1266 = DIRECTION('',(0.,0.,-1.));
#1267 = ADVANCED_FACE('',(#1268),#1347,.T.);
#1268 = FACE_BOUND('',#1269,.T.);
#1269 = EDGE_LOOP('',(#1270,#1271,#1272,#1281,#1289,#1298,#1306,#1314,
    #1322,#1331,#1339,#1346));
#1270 = ORIENTED_EDGE('',*,*,#258,.F.);
#1271 = ORIENTED_EDGE('',*,*,#1141,.T.);
#1272 = ORIENTED_EDGE('',*,*,#1273,.F.);
#1273 = EDGE_CURVE('',#1274,#1134,#1276,.T.);
#1274 = VERTEX_POINT('',#1275);
#1275 = CARTESIAN_POINT('',(0.775,-0.826972719885,0.575594467688));
#1276 = CIRCLE('',#1277,0.2);
#1277 = AXIS2_PLACEMENT_3D('',#1278,#1279,#1280);
#1278 = CARTESIAN_POINT('',(0.775,-0.628617172386,0.55));
#1279 = DIRECTION('',(-1.,0.,-0.));
#1280 = DIRECTION('',(0.,1.084202172486E-15,-1.));
#1281 = ORIENTED_EDGE('',*,*,#1282,.T.);
#1282 = EDGE_CURVE('',#1274,#1283,#1285,.T.);
#1283 = VERTEX_POINT('',#1284);
#1284 = CARTESIAN_POINT('',(0.775,-0.876262542047,0.193601383078));
#1285 = LINE('',#1286,#1287);
#1286 = CARTESIAN_POINT('',(0.775,-1.095662632898,-1.506735801989));
#1287 = VECTOR('',#1288,1.);
#1288 = DIRECTION('',(0.,-0.127972338441,-0.991777737497));
#1289 = ORIENTED_EDGE('',*,*,#1290,.T.);
#1290 = EDGE_CURVE('',#1283,#1291,#1293,.T.);
#1291 = VERTEX_POINT('',#1292);
#1292 = CARTESIAN_POINT('',(0.775,-0.925851428922,0.15));
#1293 = CIRCLE('',#1294,5.E-02);
#1294 = AXIS2_PLACEMENT_3D('',#1295,#1296,#1297);
#1295 = CARTESIAN_POINT('',(0.775,-0.925851428922,0.2));
#1296 = DIRECTION('',(-1.,0.,-0.));
#1297 = DIRECTION('',(0.,2.168404344971E-14,-1.));
#1298 = ORIENTED_EDGE('',*,*,#1299,.F.);
#1299 = EDGE_CURVE('',#1300,#1291,#1302,.T.);
#1300 = VERTEX_POINT('',#1301);
#1301 = CARTESIAN_POINT('',(0.775,-1.15,0.15));
#1302 = LINE('',#1303,#1304);
#1303 = CARTESIAN_POINT('',(0.775,1.878320690304E-16,0.15));
#1304 = VECTOR('',#1305,1.);
#1305 = DIRECTION('',(0.,1.,0.));
#1306 = ORIENTED_EDGE('',*,*,#1307,.T.);
#1307 = EDGE_CURVE('',#1300,#1308,#1310,.T.);
#1308 = VERTEX_POINT('',#1309);
#1309 = CARTESIAN_POINT('',(0.775,-1.15,0.));
#1310 = LINE('',#1311,#1312);
#1311 = CARTESIAN_POINT('',(0.775,-1.15,-1.648112749638));
#1312 = VECTOR('',#1313,1.);
#1313 = DIRECTION('',(0.,0.,-1.));
#1314 = ORIENTED_EDGE('',*,*,#1315,.T.);
#1315 = EDGE_CURVE('',#1308,#1316,#1318,.T.);
#1316 = VERTEX_POINT('',#1317);
#1317 = CARTESIAN_POINT('',(0.775,-0.925851428922,0.));
#1318 = LINE('',#1319,#1320);
#1319 = CARTESIAN_POINT('',(0.775,1.878320690304E-16,0.));
#1320 = VECTOR('',#1321,1.);
#1321 = DIRECTION('',(0.,1.,0.));
#1322 = ORIENTED_EDGE('',*,*,#1323,.T.);
#1323 = EDGE_CURVE('',#1316,#1324,#1326,.T.);
#1324 = VERTEX_POINT('',#1325);
#1325 = CARTESIAN_POINT('',(0.775,-0.727495881423,0.174405532312));
#1326 = CIRCLE('',#1327,0.2);
#1327 = AXIS2_PLACEMENT_3D('',#1328,#1329,#1330);
#1328 = CARTESIAN_POINT('',(0.775,-0.925851428922,0.2));
#1329 = DIRECTION('',(1.,-0.,0.));
#1330 = DIRECTION('',(0.,0.,-1.));
#1331 = ORIENTED_EDGE('',*,*,#1332,.F.);
#1332 = EDGE_CURVE('',#1333,#1324,#1335,.T.);
#1333 = VERTEX_POINT('',#1334);
#1334 = CARTESIAN_POINT('',(0.775,-0.67820605926,0.556398616922));
#1335 = LINE('',#1336,#1337);
#1336 = CARTESIAN_POINT('',(0.775,-0.946895972274,-1.525931652755));
#1337 = VECTOR('',#1338,1.);
#1338 = DIRECTION('',(0.,-0.127972338441,-0.991777737497));
#1339 = ORIENTED_EDGE('',*,*,#1340,.F.);
#1340 = EDGE_CURVE('',#1157,#1333,#1341,.T.);
#1341 = CIRCLE('',#1342,5.E-02);
#1342 = AXIS2_PLACEMENT_3D('',#1343,#1344,#1345);
#1343 = CARTESIAN_POINT('',(0.775,-0.628617172386,0.55));
#1344 = DIRECTION('',(1.,-0.,0.));
#1345 = DIRECTION('',(0.,0.,-1.));
#1346 = ORIENTED_EDGE('',*,*,#1156,.T.);
#1347 = PLANE('',#1348);
#1348 = AXIS2_PLACEMENT_3D('',#1349,#1350,#1351);
#1349 = CARTESIAN_POINT('',(0.775,1.878320690304E-16,-1.648112749638));
#1350 = DIRECTION('',(1.,-0.,0.));
#1351 = DIRECTION('',(0.,0.,-1.));
#1352 = ADVANCED_FACE('',(#1353),#1364,.F.);
#1353 = FACE_BOUND('',#1354,.F.);
#1354 = EDGE_LOOP('',(#1355,#1356,#1362,#1363));
#1355 = ORIENTED_EDGE('',*,*,#1189,.T.);
#1356 = ORIENTED_EDGE('',*,*,#1357,.T.);
#1357 = EDGE_CURVE('',#1190,#1333,#1358,.T.);
#1358 = LINE('',#1359,#1360);
#1359 = CARTESIAN_POINT('',(0.525,-0.67820605926,0.556398616922));
#1360 = VECTOR('',#1361,1.);
#1361 = DIRECTION('',(1.,0.,0.));
#1362 = ORIENTED_EDGE('',*,*,#1340,.F.);
#1363 = ORIENTED_EDGE('',*,*,#1164,.F.);
#1364 = CYLINDRICAL_SURFACE('',#1365,5.E-02);
#1365 = AXIS2_PLACEMENT_3D('',#1366,#1367,#1368);
#1366 = CARTESIAN_POINT('',(0.525,-0.628617172386,0.55));
#1367 = DIRECTION('',(1.,0.,0.));
#1368 = DIRECTION('',(0.,0.,-1.));
#1369 = ADVANCED_FACE('',(#1370),#1381,.F.);
#1370 = FACE_BOUND('',#1371,.T.);
#1371 = EDGE_LOOP('',(#1372,#1373,#1374,#1380));
#1372 = ORIENTED_EDGE('',*,*,#1357,.T.);
#1373 = ORIENTED_EDGE('',*,*,#1332,.T.);
#1374 = ORIENTED_EDGE('',*,*,#1375,.F.);
#1375 = EDGE_CURVE('',#1199,#1324,#1376,.T.);
#1376 = LINE('',#1377,#1378);
#1377 = CARTESIAN_POINT('',(0.525,-0.727495881423,0.174405532312));
#1378 = VECTOR('',#1379,1.);
#1379 = DIRECTION('',(1.,0.,0.));
#1380 = ORIENTED_EDGE('',*,*,#1198,.F.);
#1381 = PLANE('',#1382);
#1382 = AXIS2_PLACEMENT_3D('',#1383,#1384,#1385);
#1383 = CARTESIAN_POINT('',(0.525,-0.946895972274,-1.525931652755));
#1384 = DIRECTION('',(0.,-0.991777737497,0.127972338441));
#1385 = DIRECTION('',(0.,-0.127972338441,-0.991777737497));
#1386 = ADVANCED_FACE('',(#1387),#1398,.T.);
#1387 = FACE_BOUND('',#1388,.T.);
#1388 = EDGE_LOOP('',(#1389,#1390,#1391,#1397));
#1389 = ORIENTED_EDGE('',*,*,#1375,.T.);
#1390 = ORIENTED_EDGE('',*,*,#1323,.F.);
#1391 = ORIENTED_EDGE('',*,*,#1392,.F.);
#1392 = EDGE_CURVE('',#1207,#1316,#1393,.T.);
#1393 = LINE('',#1394,#1395);
#1394 = CARTESIAN_POINT('',(0.525,-0.925851428922,0.));
#1395 = VECTOR('',#1396,1.);
#1396 = DIRECTION('',(1.,0.,0.));
#1397 = ORIENTED_EDGE('',*,*,#1206,.T.);
#1398 = CYLINDRICAL_SURFACE('',#1399,0.2);
#1399 = AXIS2_PLACEMENT_3D('',#1400,#1401,#1402);
#1400 = CARTESIAN_POINT('',(0.525,-0.925851428922,0.2));
#1401 = DIRECTION('',(1.,0.,0.));
#1402 = DIRECTION('',(0.,0.,-1.));
#1403 = ADVANCED_FACE('',(#1404),#1415,.T.);
#1404 = FACE_BOUND('',#1405,.T.);
#1405 = EDGE_LOOP('',(#1406,#1407,#1408,#1414));
#1406 = ORIENTED_EDGE('',*,*,#1392,.T.);
#1407 = ORIENTED_EDGE('',*,*,#1315,.F.);
#1408 = ORIENTED_EDGE('',*,*,#1409,.F.);
#1409 = EDGE_CURVE('',#1216,#1308,#1410,.T.);
#1410 = LINE('',#1411,#1412);
#1411 = CARTESIAN_POINT('',(0.525,-1.15,0.));
#1412 = VECTOR('',#1413,1.);
#1413 = DIRECTION('',(1.,0.,0.));
#1414 = ORIENTED_EDGE('',*,*,#1215,.T.);
#1415 = PLANE('',#1416);
#1416 = AXIS2_PLACEMENT_3D('',#1417,#1418,#1419);
#1417 = CARTESIAN_POINT('',(0.525,1.878320690304E-16,0.));
#1418 = DIRECTION('',(0.,0.,-1.));
#1419 = DIRECTION('',(-1.,0.,-0.));
#1420 = ADVANCED_FACE('',(#1421),#1432,.T.);
#1421 = FACE_BOUND('',#1422,.T.);
#1422 = EDGE_LOOP('',(#1423,#1424,#1425,#1431));
#1423 = ORIENTED_EDGE('',*,*,#1409,.T.);
#1424 = ORIENTED_EDGE('',*,*,#1307,.F.);
#1425 = ORIENTED_EDGE('',*,*,#1426,.F.);
#1426 = EDGE_CURVE('',#1224,#1300,#1427,.T.);
#1427 = LINE('',#1428,#1429);
#1428 = CARTESIAN_POINT('',(0.525,-1.15,0.15));
#1429 = VECTOR('',#1430,1.);
#1430 = DIRECTION('',(1.,0.,0.));
#1431 = ORIENTED_EDGE('',*,*,#1223,.T.);
#1432 = PLANE('',#1433);
#1433 = AXIS2_PLACEMENT_3D('',#1434,#1435,#1436);
#1434 = CARTESIAN_POINT('',(0.525,-1.15,-1.648112749638));
#1435 = DIRECTION('',(0.,-1.,0.));
#1436 = DIRECTION('',(0.,-0.,-1.));
#1437 = ADVANCED_FACE('',(#1438),#1449,.F.);
#1438 = FACE_BOUND('',#1439,.T.);
#1439 = EDGE_LOOP('',(#1440,#1441,#1442,#1448));
#1440 = ORIENTED_EDGE('',*,*,#1426,.T.);
#1441 = ORIENTED_EDGE('',*,*,#1299,.T.);
#1442 = ORIENTED_EDGE('',*,*,#1443,.F.);
#1443 = EDGE_CURVE('',#1232,#1291,#1444,.T.);
#1444 = LINE('',#1445,#1446);
#1445 = CARTESIAN_POINT('',(0.525,-0.925851428922,0.15));
#1446 = VECTOR('',#1447,1.);
#1447 = DIRECTION('',(1.,0.,0.));
#1448 = ORIENTED_EDGE('',*,*,#1231,.F.);
#1449 = PLANE('',#1450);
#1450 = AXIS2_PLACEMENT_3D('',#1451,#1452,#1453);
#1451 = CARTESIAN_POINT('',(0.525,1.878320690304E-16,0.15));
#1452 = DIRECTION('',(0.,0.,-1.));
#1453 = DIRECTION('',(-1.,0.,-0.));
#1454 = ADVANCED_FACE('',(#1455),#1466,.F.);
#1455 = FACE_BOUND('',#1456,.F.);
#1456 = EDGE_LOOP('',(#1457,#1458,#1464,#1465));
#1457 = ORIENTED_EDGE('',*,*,#1239,.F.);
#1458 = ORIENTED_EDGE('',*,*,#1459,.T.);
#1459 = EDGE_CURVE('',#1240,#1283,#1460,.T.);
#1460 = LINE('',#1461,#1462);
#1461 = CARTESIAN_POINT('',(0.525,-0.876262542047,0.193601383078));
#1462 = VECTOR('',#1463,1.);
#1463 = DIRECTION('',(1.,0.,0.));
#1464 = ORIENTED_EDGE('',*,*,#1290,.T.);
#1465 = ORIENTED_EDGE('',*,*,#1443,.F.);
#1466 = CYLINDRICAL_SURFACE('',#1467,5.E-02);
#1467 = AXIS2_PLACEMENT_3D('',#1468,#1469,#1470);
#1468 = CARTESIAN_POINT('',(0.525,-0.925851428922,0.2));
#1469 = DIRECTION('',(1.,0.,0.));
#1470 = DIRECTION('',(0.,0.,-1.));
#1471 = ADVANCED_FACE('',(#1472),#1483,.T.);
#1472 = FACE_BOUND('',#1473,.T.);
#1473 = EDGE_LOOP('',(#1474,#1475,#1476,#1482));
#1474 = ORIENTED_EDGE('',*,*,#1459,.T.);
#1475 = ORIENTED_EDGE('',*,*,#1282,.F.);
#1476 = ORIENTED_EDGE('',*,*,#1477,.F.);
#1477 = EDGE_CURVE('',#1249,#1274,#1478,.T.);
#1478 = LINE('',#1479,#1480);
#1479 = CARTESIAN_POINT('',(0.525,-0.826972719885,0.575594467688));
#1480 = VECTOR('',#1481,1.);
#1481 = DIRECTION('',(1.,0.,0.));
#1482 = ORIENTED_EDGE('',*,*,#1248,.T.);
#1483 = PLANE('',#1484);
#1484 = AXIS2_PLACEMENT_3D('',#1485,#1486,#1487);
#1485 = CARTESIAN_POINT('',(0.525,-1.095662632898,-1.506735801989));
#1486 = DIRECTION('',(0.,-0.991777737497,0.127972338441));
#1487 = DIRECTION('',(0.,-0.127972338441,-0.991777737497));
#1488 = ADVANCED_FACE('',(#1489),#1495,.T.);
#1489 = FACE_BOUND('',#1490,.T.);
#1490 = EDGE_LOOP('',(#1491,#1492,#1493,#1494));
#1491 = ORIENTED_EDGE('',*,*,#1477,.T.);
#1492 = ORIENTED_EDGE('',*,*,#1273,.T.);
#1493 = ORIENTED_EDGE('',*,*,#1133,.F.);
#1494 = ORIENTED_EDGE('',*,*,#1256,.F.);
#1495 = CYLINDRICAL_SURFACE('',#1496,0.2);
#1496 = AXIS2_PLACEMENT_3D('',#1497,#1498,#1499);
#1497 = CARTESIAN_POINT('',(0.525,-0.628617172386,0.55));
#1498 = DIRECTION('',(1.,0.,0.));
#1499 = DIRECTION('',(0.,0.,-1.));
#1500 = ADVANCED_FACE('',(#1501),#1537,.T.);
#1501 = FACE_BOUND('',#1502,.T.);
#1502 = EDGE_LOOP('',(#1503,#1513,#1522,#1530));
#1503 = ORIENTED_EDGE('',*,*,#1504,.T.);
#1504 = EDGE_CURVE('',#1505,#1507,#1509,.T.);
#1505 = VERTEX_POINT('',#1506);
#1506 = CARTESIAN_POINT('',(-0.125,-0.826972719885,0.575594467688));
#1507 = VERTEX_POINT('',#1508);
#1508 = CARTESIAN_POINT('',(0.125,-0.826972719885,0.575594467688));
#1509 = LINE('',#1510,#1511);
#1510 = CARTESIAN_POINT('',(-0.125,-0.826972719885,0.575594467688));
#1511 = VECTOR('',#1512,1.);
#1512 = DIRECTION('',(1.,0.,0.));
#1513 = ORIENTED_EDGE('',*,*,#1514,.T.);
#1514 = EDGE_CURVE('',#1507,#1515,#1517,.T.);
#1515 = VERTEX_POINT('',#1516);
#1516 = CARTESIAN_POINT('',(0.125,-0.628617172386,0.75));
#1517 = CIRCLE('',#1518,0.2);
#1518 = AXIS2_PLACEMENT_3D('',#1519,#1520,#1521);
#1519 = CARTESIAN_POINT('',(0.125,-0.628617172386,0.55));
#1520 = DIRECTION('',(-1.,0.,-0.));
#1521 = DIRECTION('',(0.,1.084202172486E-15,-1.));
#1522 = ORIENTED_EDGE('',*,*,#1523,.F.);
#1523 = EDGE_CURVE('',#1524,#1515,#1526,.T.);
#1524 = VERTEX_POINT('',#1525);
#1525 = CARTESIAN_POINT('',(-0.125,-0.628617172386,0.75));
#1526 = LINE('',#1527,#1528);
#1527 = CARTESIAN_POINT('',(-0.125,-0.628617172386,0.75));
#1528 = VECTOR('',#1529,1.);
#1529 = DIRECTION('',(1.,0.,0.));
#1530 = ORIENTED_EDGE('',*,*,#1531,.F.);
#1531 = EDGE_CURVE('',#1505,#1524,#1532,.T.);
#1532 = CIRCLE('',#1533,0.2);
#1533 = AXIS2_PLACEMENT_3D('',#1534,#1535,#1536);
#1534 = CARTESIAN_POINT('',(-0.125,-0.628617172386,0.55));
#1535 = DIRECTION('',(-1.,0.,-0.));
#1536 = DIRECTION('',(0.,1.084202172486E-15,-1.));
#1537 = CYLINDRICAL_SURFACE('',#1538,0.2);
#1538 = AXIS2_PLACEMENT_3D('',#1539,#1540,#1541);
#1539 = CARTESIAN_POINT('',(-0.125,-0.628617172386,0.55));
#1540 = DIRECTION('',(1.,0.,0.));
#1541 = DIRECTION('',(0.,0.,-1.));
#1542 = ADVANCED_FACE('',(#1543),#1568,.T.);
#1543 = FACE_BOUND('',#1544,.T.);
#1544 = EDGE_LOOP('',(#1545,#1555,#1561,#1562));
#1545 = ORIENTED_EDGE('',*,*,#1546,.T.);
#1546 = EDGE_CURVE('',#1547,#1549,#1551,.T.);
#1547 = VERTEX_POINT('',#1548);
#1548 = CARTESIAN_POINT('',(-0.125,-0.876262542047,0.193601383078));
#1549 = VERTEX_POINT('',#1550);
#1550 = CARTESIAN_POINT('',(0.125,-0.876262542047,0.193601383078));
#1551 = LINE('',#1552,#1553);
#1552 = CARTESIAN_POINT('',(-0.125,-0.876262542047,0.193601383078));
#1553 = VECTOR('',#1554,1.);
#1554 = DIRECTION('',(1.,0.,0.));
#1555 = ORIENTED_EDGE('',*,*,#1556,.F.);
#1556 = EDGE_CURVE('',#1507,#1549,#1557,.T.);
#1557 = LINE('',#1558,#1559);
#1558 = CARTESIAN_POINT('',(0.125,-1.095662632898,-1.506735801989));
#1559 = VECTOR('',#1560,1.);
#1560 = DIRECTION('',(0.,-0.127972338441,-0.991777737497));
#1561 = ORIENTED_EDGE('',*,*,#1504,.F.);
#1562 = ORIENTED_EDGE('',*,*,#1563,.T.);
#1563 = EDGE_CURVE('',#1505,#1547,#1564,.T.);
#1564 = LINE('',#1565,#1566);
#1565 = CARTESIAN_POINT('',(-0.125,-1.095662632898,-1.506735801989));
#1566 = VECTOR('',#1567,1.);
#1567 = DIRECTION('',(0.,-0.127972338441,-0.991777737497));
#1568 = PLANE('',#1569);
#1569 = AXIS2_PLACEMENT_3D('',#1570,#1571,#1572);
#1570 = CARTESIAN_POINT('',(-0.125,-1.095662632898,-1.506735801989));
#1571 = DIRECTION('',(0.,-0.991777737497,0.127972338441));
#1572 = DIRECTION('',(0.,-0.127972338441,-0.991777737497));
#1573 = ADVANCED_FACE('',(#1574),#1601,.F.);
#1574 = FACE_BOUND('',#1575,.F.);
#1575 = EDGE_LOOP('',(#1576,#1585,#1586,#1595));
#1576 = ORIENTED_EDGE('',*,*,#1577,.F.);
#1577 = EDGE_CURVE('',#1547,#1578,#1580,.T.);
#1578 = VERTEX_POINT('',#1579);
#1579 = CARTESIAN_POINT('',(-0.125,-0.925851428922,0.15));
#1580 = CIRCLE('',#1581,5.E-02);
#1581 = AXIS2_PLACEMENT_3D('',#1582,#1583,#1584);
#1582 = CARTESIAN_POINT('',(-0.125,-0.925851428922,0.2));
#1583 = DIRECTION('',(-1.,0.,-0.));
#1584 = DIRECTION('',(0.,2.168404344971E-14,-1.));
#1585 = ORIENTED_EDGE('',*,*,#1546,.T.);
#1586 = ORIENTED_EDGE('',*,*,#1587,.T.);
#1587 = EDGE_CURVE('',#1549,#1588,#1590,.T.);
#1588 = VERTEX_POINT('',#1589);
#1589 = CARTESIAN_POINT('',(0.125,-0.925851428922,0.15));
#1590 = CIRCLE('',#1591,5.E-02);
#1591 = AXIS2_PLACEMENT_3D('',#1592,#1593,#1594);
#1592 = CARTESIAN_POINT('',(0.125,-0.925851428922,0.2));
#1593 = DIRECTION('',(-1.,0.,-0.));
#1594 = DIRECTION('',(0.,2.168404344971E-14,-1.));
#1595 = ORIENTED_EDGE('',*,*,#1596,.F.);
#1596 = EDGE_CURVE('',#1578,#1588,#1597,.T.);
#1597 = LINE('',#1598,#1599);
#1598 = CARTESIAN_POINT('',(-0.125,-0.925851428922,0.15));
#1599 = VECTOR('',#1600,1.);
#1600 = DIRECTION('',(1.,0.,0.));
#1601 = CYLINDRICAL_SURFACE('',#1602,5.E-02);
#1602 = AXIS2_PLACEMENT_3D('',#1603,#1604,#1605);
#1603 = CARTESIAN_POINT('',(-0.125,-0.925851428922,0.2));
#1604 = DIRECTION('',(1.,0.,0.));
#1605 = DIRECTION('',(0.,0.,-1.));
#1606 = ADVANCED_FACE('',(#1607),#1632,.F.);
#1607 = FACE_BOUND('',#1608,.T.);
#1608 = EDGE_LOOP('',(#1609,#1619,#1625,#1626));
#1609 = ORIENTED_EDGE('',*,*,#1610,.T.);
#1610 = EDGE_CURVE('',#1611,#1613,#1615,.T.);
#1611 = VERTEX_POINT('',#1612);
#1612 = CARTESIAN_POINT('',(-0.125,-1.15,0.15));
#1613 = VERTEX_POINT('',#1614);
#1614 = CARTESIAN_POINT('',(0.125,-1.15,0.15));
#1615 = LINE('',#1616,#1617);
#1616 = CARTESIAN_POINT('',(-0.125,-1.15,0.15));
#1617 = VECTOR('',#1618,1.);
#1618 = DIRECTION('',(1.,0.,0.));
#1619 = ORIENTED_EDGE('',*,*,#1620,.T.);
#1620 = EDGE_CURVE('',#1613,#1588,#1621,.T.);
#1621 = LINE('',#1622,#1623);
#1622 = CARTESIAN_POINT('',(0.125,2.325769205933E-16,0.15));
#1623 = VECTOR('',#1624,1.);
#1624 = DIRECTION('',(0.,1.,0.));
#1625 = ORIENTED_EDGE('',*,*,#1596,.F.);
#1626 = ORIENTED_EDGE('',*,*,#1627,.F.);
#1627 = EDGE_CURVE('',#1611,#1578,#1628,.T.);
#1628 = LINE('',#1629,#1630);
#1629 = CARTESIAN_POINT('',(-0.125,2.325769205933E-16,0.15));
#1630 = VECTOR('',#1631,1.);
#1631 = DIRECTION('',(0.,1.,0.));
#1632 = PLANE('',#1633);
#1633 = AXIS2_PLACEMENT_3D('',#1634,#1635,#1636);
#1634 = CARTESIAN_POINT('',(-0.125,2.325769205933E-16,0.15));
#1635 = DIRECTION('',(0.,0.,-1.));
#1636 = DIRECTION('',(-1.,0.,-0.));
#1637 = ADVANCED_FACE('',(#1638),#1663,.T.);
#1638 = FACE_BOUND('',#1639,.T.);
#1639 = EDGE_LOOP('',(#1640,#1650,#1656,#1657));
#1640 = ORIENTED_EDGE('',*,*,#1641,.T.);
#1641 = EDGE_CURVE('',#1642,#1644,#1646,.T.);
#1642 = VERTEX_POINT('',#1643);
#1643 = CARTESIAN_POINT('',(-0.125,-1.15,4.474485156289E-17));
#1644 = VERTEX_POINT('',#1645);
#1645 = CARTESIAN_POINT('',(0.125,-1.15,4.474485156289E-17));
#1646 = LINE('',#1647,#1648);
#1647 = CARTESIAN_POINT('',(-0.125,-1.15,4.474485156289E-17));
#1648 = VECTOR('',#1649,1.);
#1649 = DIRECTION('',(1.,0.,0.));
#1650 = ORIENTED_EDGE('',*,*,#1651,.F.);
#1651 = EDGE_CURVE('',#1613,#1644,#1652,.T.);
#1652 = LINE('',#1653,#1654);
#1653 = CARTESIAN_POINT('',(0.125,-1.15,-1.648112749638));
#1654 = VECTOR('',#1655,1.);
#1655 = DIRECTION('',(0.,0.,-1.));
#1656 = ORIENTED_EDGE('',*,*,#1610,.F.);
#1657 = ORIENTED_EDGE('',*,*,#1658,.T.);
#1658 = EDGE_CURVE('',#1611,#1642,#1659,.T.);
#1659 = LINE('',#1660,#1661);
#1660 = CARTESIAN_POINT('',(-0.125,-1.15,-1.648112749638));
#1661 = VECTOR('',#1662,1.);
#1662 = DIRECTION('',(0.,0.,-1.));
#1663 = PLANE('',#1664);
#1664 = AXIS2_PLACEMENT_3D('',#1665,#1666,#1667);
#1665 = CARTESIAN_POINT('',(-0.125,-1.15,-1.648112749638));
#1666 = DIRECTION('',(0.,-1.,0.));
#1667 = DIRECTION('',(0.,-0.,-1.));
#1668 = ADVANCED_FACE('',(#1669),#1694,.T.);
#1669 = FACE_BOUND('',#1670,.T.);
#1670 = EDGE_LOOP('',(#1671,#1681,#1687,#1688));
#1671 = ORIENTED_EDGE('',*,*,#1672,.T.);
#1672 = EDGE_CURVE('',#1673,#1675,#1677,.T.);
#1673 = VERTEX_POINT('',#1674);
#1674 = CARTESIAN_POINT('',(-0.125,-0.925851428922,4.474485156289E-17));
#1675 = VERTEX_POINT('',#1676);
#1676 = CARTESIAN_POINT('',(0.125,-0.925851428922,4.474485156289E-17));
#1677 = LINE('',#1678,#1679);
#1678 = CARTESIAN_POINT('',(-0.125,-0.925851428922,4.474485156289E-17));
#1679 = VECTOR('',#1680,1.);
#1680 = DIRECTION('',(1.,0.,0.));
#1681 = ORIENTED_EDGE('',*,*,#1682,.F.);
#1682 = EDGE_CURVE('',#1644,#1675,#1683,.T.);
#1683 = LINE('',#1684,#1685);
#1684 = CARTESIAN_POINT('',(0.125,2.325769205933E-16,4.474485156289E-17)
  );
#1685 = VECTOR('',#1686,1.);
#1686 = DIRECTION('',(0.,1.,0.));
#1687 = ORIENTED_EDGE('',*,*,#1641,.F.);
#1688 = ORIENTED_EDGE('',*,*,#1689,.T.);
#1689 = EDGE_CURVE('',#1642,#1673,#1690,.T.);
#1690 = LINE('',#1691,#1692);
#1691 = CARTESIAN_POINT('',(-0.125,2.325769205933E-16,4.474485156289E-17
    ));
#1692 = VECTOR('',#1693,1.);
#1693 = DIRECTION('',(0.,1.,0.));
#1694 = PLANE('',#1695);
#1695 = AXIS2_PLACEMENT_3D('',#1696,#1697,#1698);
#1696 = CARTESIAN_POINT('',(-0.125,2.325769205933E-16,4.474485156289E-17
    ));
#1697 = DIRECTION('',(0.,0.,-1.));
#1698 = DIRECTION('',(-1.,0.,-0.));
#1699 = ADVANCED_FACE('',(#1700),#1727,.T.);
#1700 = FACE_BOUND('',#1701,.T.);
#1701 = EDGE_LOOP('',(#1702,#1712,#1719,#1720));
#1702 = ORIENTED_EDGE('',*,*,#1703,.T.);
#1703 = EDGE_CURVE('',#1704,#1706,#1708,.T.);
#1704 = VERTEX_POINT('',#1705);
#1705 = CARTESIAN_POINT('',(-0.125,-0.727495881423,0.174405532312));
#1706 = VERTEX_POINT('',#1707);
#1707 = CARTESIAN_POINT('',(0.125,-0.727495881423,0.174405532312));
#1708 = LINE('',#1709,#1710);
#1709 = CARTESIAN_POINT('',(-0.125,-0.727495881423,0.174405532312));
#1710 = VECTOR('',#1711,1.);
#1711 = DIRECTION('',(1.,0.,0.));
#1712 = ORIENTED_EDGE('',*,*,#1713,.F.);
#1713 = EDGE_CURVE('',#1675,#1706,#1714,.T.);
#1714 = CIRCLE('',#1715,0.2);
#1715 = AXIS2_PLACEMENT_3D('',#1716,#1717,#1718);
#1716 = CARTESIAN_POINT('',(0.125,-0.925851428922,0.2));
#1717 = DIRECTION('',(1.,-0.,0.));
#1718 = DIRECTION('',(0.,0.,-1.));
#1719 = ORIENTED_EDGE('',*,*,#1672,.F.);
#1720 = ORIENTED_EDGE('',*,*,#1721,.T.);
#1721 = EDGE_CURVE('',#1673,#1704,#1722,.T.);
#1722 = CIRCLE('',#1723,0.2);
#1723 = AXIS2_PLACEMENT_3D('',#1724,#1725,#1726);
#1724 = CARTESIAN_POINT('',(-0.125,-0.925851428922,0.2));
#1725 = DIRECTION('',(1.,-0.,0.));
#1726 = DIRECTION('',(0.,0.,-1.));
#1727 = CYLINDRICAL_SURFACE('',#1728,0.2);
#1728 = AXIS2_PLACEMENT_3D('',#1729,#1730,#1731);
#1729 = CARTESIAN_POINT('',(-0.125,-0.925851428922,0.2));
#1730 = DIRECTION('',(1.,0.,0.));
#1731 = DIRECTION('',(0.,0.,-1.));
#1732 = ADVANCED_FACE('',(#1733),#1758,.F.);
#1733 = FACE_BOUND('',#1734,.T.);
#1734 = EDGE_LOOP('',(#1735,#1745,#1751,#1752));
#1735 = ORIENTED_EDGE('',*,*,#1736,.T.);
#1736 = EDGE_CURVE('',#1737,#1739,#1741,.T.);
#1737 = VERTEX_POINT('',#1738);
#1738 = CARTESIAN_POINT('',(-0.125,-0.67820605926,0.556398616922));
#1739 = VERTEX_POINT('',#1740);
#1740 = CARTESIAN_POINT('',(0.125,-0.67820605926,0.556398616922));
#1741 = LINE('',#1742,#1743);
#1742 = CARTESIAN_POINT('',(-0.125,-0.67820605926,0.556398616922));
#1743 = VECTOR('',#1744,1.);
#1744 = DIRECTION('',(1.,0.,0.));
#1745 = ORIENTED_EDGE('',*,*,#1746,.T.);
#1746 = EDGE_CURVE('',#1739,#1706,#1747,.T.);
#1747 = LINE('',#1748,#1749);
#1748 = CARTESIAN_POINT('',(0.125,-0.946895972274,-1.525931652755));
#1749 = VECTOR('',#1750,1.);
#1750 = DIRECTION('',(0.,-0.127972338441,-0.991777737497));
#1751 = ORIENTED_EDGE('',*,*,#1703,.F.);
#1752 = ORIENTED_EDGE('',*,*,#1753,.F.);
#1753 = EDGE_CURVE('',#1737,#1704,#1754,.T.);
#1754 = LINE('',#1755,#1756);
#1755 = CARTESIAN_POINT('',(-0.125,-0.946895972274,-1.525931652755));
#1756 = VECTOR('',#1757,1.);
#1757 = DIRECTION('',(0.,-0.127972338441,-0.991777737497));
#1758 = PLANE('',#1759);
#1759 = AXIS2_PLACEMENT_3D('',#1760,#1761,#1762);
#1760 = CARTESIAN_POINT('',(-0.125,-0.946895972274,-1.525931652755));
#1761 = DIRECTION('',(0.,-0.991777737497,0.127972338441));
#1762 = DIRECTION('',(0.,-0.127972338441,-0.991777737497));
#1763 = ADVANCED_FACE('',(#1764),#1791,.F.);
#1764 = FACE_BOUND('',#1765,.F.);
#1765 = EDGE_LOOP('',(#1766,#1775,#1776,#1785));
#1766 = ORIENTED_EDGE('',*,*,#1767,.T.);
#1767 = EDGE_CURVE('',#1768,#1737,#1770,.T.);
#1768 = VERTEX_POINT('',#1769);
#1769 = CARTESIAN_POINT('',(-0.125,-0.628617172386,0.6));
#1770 = CIRCLE('',#1771,5.E-02);
#1771 = AXIS2_PLACEMENT_3D('',#1772,#1773,#1774);
#1772 = CARTESIAN_POINT('',(-0.125,-0.628617172386,0.55));
#1773 = DIRECTION('',(1.,-0.,0.));
#1774 = DIRECTION('',(0.,0.,-1.));
#1775 = ORIENTED_EDGE('',*,*,#1736,.T.);
#1776 = ORIENTED_EDGE('',*,*,#1777,.F.);
#1777 = EDGE_CURVE('',#1778,#1739,#1780,.T.);
#1778 = VERTEX_POINT('',#1779);
#1779 = CARTESIAN_POINT('',(0.125,-0.628617172386,0.6));
#1780 = CIRCLE('',#1781,5.E-02);
#1781 = AXIS2_PLACEMENT_3D('',#1782,#1783,#1784);
#1782 = CARTESIAN_POINT('',(0.125,-0.628617172386,0.55));
#1783 = DIRECTION('',(1.,-0.,0.));
#1784 = DIRECTION('',(0.,0.,-1.));
#1785 = ORIENTED_EDGE('',*,*,#1786,.F.);
#1786 = EDGE_CURVE('',#1768,#1778,#1787,.T.);
#1787 = LINE('',#1788,#1789);
#1788 = CARTESIAN_POINT('',(-0.125,-0.628617172386,0.6));
#1789 = VECTOR('',#1790,1.);
#1790 = DIRECTION('',(1.,0.,0.));
#1791 = CYLINDRICAL_SURFACE('',#1792,5.E-02);
#1792 = AXIS2_PLACEMENT_3D('',#1793,#1794,#1795);
#1793 = CARTESIAN_POINT('',(-0.125,-0.628617172386,0.55));
#1794 = DIRECTION('',(1.,0.,0.));
#1795 = DIRECTION('',(0.,0.,-1.));
#1796 = ADVANCED_FACE('',(#1797),#1821,.T.);
#1797 = FACE_BOUND('',#1798,.T.);
#1798 = EDGE_LOOP('',(#1799,#1800,#1806,#1807,#1808,#1809,#1810,#1811,
    #1812,#1813,#1814,#1815));
#1799 = ORIENTED_EDGE('',*,*,#226,.F.);
#1800 = ORIENTED_EDGE('',*,*,#1801,.T.);
#1801 = EDGE_CURVE('',#219,#1515,#1802,.T.);
#1802 = LINE('',#1803,#1804);
#1803 = CARTESIAN_POINT('',(0.125,2.325769205933E-16,0.75));
#1804 = VECTOR('',#1805,1.);
#1805 = DIRECTION('',(0.,-1.,0.));
#1806 = ORIENTED_EDGE('',*,*,#1514,.F.);
#1807 = ORIENTED_EDGE('',*,*,#1556,.T.);
#1808 = ORIENTED_EDGE('',*,*,#1587,.T.);
#1809 = ORIENTED_EDGE('',*,*,#1620,.F.);
#1810 = ORIENTED_EDGE('',*,*,#1651,.T.);
#1811 = ORIENTED_EDGE('',*,*,#1682,.T.);
#1812 = ORIENTED_EDGE('',*,*,#1713,.T.);
#1813 = ORIENTED_EDGE('',*,*,#1746,.F.);
#1814 = ORIENTED_EDGE('',*,*,#1777,.F.);
#1815 = ORIENTED_EDGE('',*,*,#1816,.T.);
#1816 = EDGE_CURVE('',#1778,#227,#1817,.T.);
#1817 = LINE('',#1818,#1819);
#1818 = CARTESIAN_POINT('',(0.125,-2.867774635168E-15,0.6));
#1819 = VECTOR('',#1820,1.);
#1820 = DIRECTION('',(0.,1.,1.3790907757E-15));
#1821 = PLANE('',#1822);
#1822 = AXIS2_PLACEMENT_3D('',#1823,#1824,#1825);
#1823 = CARTESIAN_POINT('',(0.125,2.325769205933E-16,-1.648112749638));
#1824 = DIRECTION('',(1.,-0.,0.));
#1825 = DIRECTION('',(0.,0.,-1.));
#1826 = ADVANCED_FACE('',(#1827),#1838,.T.);
#1827 = FACE_BOUND('',#1828,.T.);
#1828 = EDGE_LOOP('',(#1829,#1830,#1831,#1832));
#1829 = ORIENTED_EDGE('',*,*,#343,.T.);
#1830 = ORIENTED_EDGE('',*,*,#1816,.F.);
#1831 = ORIENTED_EDGE('',*,*,#1786,.F.);
#1832 = ORIENTED_EDGE('',*,*,#1833,.T.);
#1833 = EDGE_CURVE('',#1768,#203,#1834,.T.);
#1834 = LINE('',#1835,#1836);
#1835 = CARTESIAN_POINT('',(-0.125,-2.867774635168E-15,0.6));
#1836 = VECTOR('',#1837,1.);
#1837 = DIRECTION('',(0.,1.,1.3790907757E-15));
#1838 = PLANE('',#1839);
#1839 = AXIS2_PLACEMENT_3D('',#1840,#1841,#1842);
#1840 = CARTESIAN_POINT('',(-0.125,-2.867774635168E-15,0.6));
#1841 = DIRECTION('',(0.,1.3790907757E-15,-1.));
#1842 = DIRECTION('',(0.,1.,1.3790907757E-15));
#1843 = ADVANCED_FACE('',(#1844),#1863,.F.);
#1844 = FACE_BOUND('',#1845,.T.);
#1845 = EDGE_LOOP('',(#1846,#1852,#1853,#1854,#1855,#1856,#1857,#1858,
    #1859,#1860,#1861,#1862));
#1846 = ORIENTED_EDGE('',*,*,#1847,.F.);
#1847 = EDGE_CURVE('',#211,#1524,#1848,.T.);
#1848 = LINE('',#1849,#1850);
#1849 = CARTESIAN_POINT('',(-0.125,2.325769205933E-16,0.75));
#1850 = VECTOR('',#1851,1.);
#1851 = DIRECTION('',(0.,-1.,0.));
#1852 = ORIENTED_EDGE('',*,*,#210,.T.);
#1853 = ORIENTED_EDGE('',*,*,#1833,.F.);
#1854 = ORIENTED_EDGE('',*,*,#1767,.T.);
#1855 = ORIENTED_EDGE('',*,*,#1753,.T.);
#1856 = ORIENTED_EDGE('',*,*,#1721,.F.);
#1857 = ORIENTED_EDGE('',*,*,#1689,.F.);
#1858 = ORIENTED_EDGE('',*,*,#1658,.F.);
#1859 = ORIENTED_EDGE('',*,*,#1627,.T.);
#1860 = ORIENTED_EDGE('',*,*,#1577,.F.);
#1861 = ORIENTED_EDGE('',*,*,#1563,.F.);
#1862 = ORIENTED_EDGE('',*,*,#1531,.T.);
#1863 = PLANE('',#1864);
#1864 = AXIS2_PLACEMENT_3D('',#1865,#1866,#1867);
#1865 = CARTESIAN_POINT('',(-0.125,2.325769205933E-16,-1.648112749638));
#1866 = DIRECTION('',(1.,-0.,0.));
#1867 = DIRECTION('',(0.,0.,-1.));
#1868 = ADVANCED_FACE('',(#1869),#1875,.T.);
#1869 = FACE_BOUND('',#1870,.T.);
#1870 = EDGE_LOOP('',(#1871,#1872,#1873,#1874));
#1871 = ORIENTED_EDGE('',*,*,#218,.F.);
#1872 = ORIENTED_EDGE('',*,*,#1847,.T.);
#1873 = ORIENTED_EDGE('',*,*,#1523,.T.);
#1874 = ORIENTED_EDGE('',*,*,#1801,.F.);
#1875 = PLANE('',#1876);
#1876 = AXIS2_PLACEMENT_3D('',#1877,#1878,#1879);
#1877 = CARTESIAN_POINT('',(-0.125,2.325769205933E-16,0.75));
#1878 = DIRECTION('',(-0.,0.,1.));
#1879 = DIRECTION('',(1.,0.,0.));
#1880 = ADVANCED_FACE('',(#1881),#1917,.T.);
#1881 = FACE_BOUND('',#1882,.T.);
#1882 = EDGE_LOOP('',(#1883,#1893,#1902,#1910));
#1883 = ORIENTED_EDGE('',*,*,#1884,.T.);
#1884 = EDGE_CURVE('',#1885,#1887,#1889,.T.);
#1885 = VERTEX_POINT('',#1886);
#1886 = CARTESIAN_POINT('',(-0.775,-0.826972719885,0.575594467688));
#1887 = VERTEX_POINT('',#1888);
#1888 = CARTESIAN_POINT('',(-0.525,-0.826972719885,0.575594467688));
#1889 = LINE('',#1890,#1891);
#1890 = CARTESIAN_POINT('',(-0.775,-0.826972719885,0.575594467688));
#1891 = VECTOR('',#1892,1.);
#1892 = DIRECTION('',(1.,0.,0.));
#1893 = ORIENTED_EDGE('',*,*,#1894,.T.);
#1894 = EDGE_CURVE('',#1887,#1895,#1897,.T.);
#1895 = VERTEX_POINT('',#1896);
#1896 = CARTESIAN_POINT('',(-0.525,-0.628617172386,0.75));
#1897 = CIRCLE('',#1898,0.2);
#1898 = AXIS2_PLACEMENT_3D('',#1899,#1900,#1901);
#1899 = CARTESIAN_POINT('',(-0.525,-0.628617172386,0.55));
#1900 = DIRECTION('',(-1.,0.,-0.));
#1901 = DIRECTION('',(0.,1.084202172486E-15,-1.));
#1902 = ORIENTED_EDGE('',*,*,#1903,.F.);
#1903 = EDGE_CURVE('',#1904,#1895,#1906,.T.);
#1904 = VERTEX_POINT('',#1905);
#1905 = CARTESIAN_POINT('',(-0.775,-0.628617172386,0.75));
#1906 = LINE('',#1907,#1908);
#1907 = CARTESIAN_POINT('',(-0.775,-0.628617172386,0.75));
#1908 = VECTOR('',#1909,1.);
#1909 = DIRECTION('',(1.,0.,0.));
#1910 = ORIENTED_EDGE('',*,*,#1911,.F.);
#1911 = EDGE_CURVE('',#1885,#1904,#1912,.T.);
#1912 = CIRCLE('',#1913,0.2);
#1913 = AXIS2_PLACEMENT_3D('',#1914,#1915,#1916);
#1914 = CARTESIAN_POINT('',(-0.775,-0.628617172386,0.55));
#1915 = DIRECTION('',(-1.,0.,-0.));
#1916 = DIRECTION('',(0.,1.084202172486E-15,-1.));
#1917 = CYLINDRICAL_SURFACE('',#1918,0.2);
#1918 = AXIS2_PLACEMENT_3D('',#1919,#1920,#1921);
#1919 = CARTESIAN_POINT('',(-0.775,-0.628617172386,0.55));
#1920 = DIRECTION('',(1.,0.,0.));
#1921 = DIRECTION('',(0.,0.,-1.));
#1922 = ADVANCED_FACE('',(#1923),#1948,.T.);
#1923 = FACE_BOUND('',#1924,.T.);
#1924 = EDGE_LOOP('',(#1925,#1935,#1941,#1942));
#1925 = ORIENTED_EDGE('',*,*,#1926,.T.);
#1926 = EDGE_CURVE('',#1927,#1929,#1931,.T.);
#1927 = VERTEX_POINT('',#1928);
#1928 = CARTESIAN_POINT('',(-0.775,-0.876262542047,0.193601383078));
#1929 = VERTEX_POINT('',#1930);
#1930 = CARTESIAN_POINT('',(-0.525,-0.876262542047,0.193601383078));
#1931 = LINE('',#1932,#1933);
#1932 = CARTESIAN_POINT('',(-0.775,-0.876262542047,0.193601383078));
#1933 = VECTOR('',#1934,1.);
#1934 = DIRECTION('',(1.,0.,0.));
#1935 = ORIENTED_EDGE('',*,*,#1936,.F.);
#1936 = EDGE_CURVE('',#1887,#1929,#1937,.T.);
#1937 = LINE('',#1938,#1939);
#1938 = CARTESIAN_POINT('',(-0.525,-1.095662632898,-1.506735801989));
#1939 = VECTOR('',#1940,1.);
#1940 = DIRECTION('',(0.,-0.127972338441,-0.991777737497));
#1941 = ORIENTED_EDGE('',*,*,#1884,.F.);
#1942 = ORIENTED_EDGE('',*,*,#1943,.T.);
#1943 = EDGE_CURVE('',#1885,#1927,#1944,.T.);
#1944 = LINE('',#1945,#1946);
#1945 = CARTESIAN_POINT('',(-0.775,-1.095662632898,-1.506735801989));
#1946 = VECTOR('',#1947,1.);
#1947 = DIRECTION('',(0.,-0.127972338441,-0.991777737497));
#1948 = PLANE('',#1949);
#1949 = AXIS2_PLACEMENT_3D('',#1950,#1951,#1952);
#1950 = CARTESIAN_POINT('',(-0.775,-1.095662632898,-1.506735801989));
#1951 = DIRECTION('',(0.,-0.991777737497,0.127972338441));
#1952 = DIRECTION('',(0.,-0.127972338441,-0.991777737497));
#1953 = ADVANCED_FACE('',(#1954),#1981,.F.);
#1954 = FACE_BOUND('',#1955,.F.);
#1955 = EDGE_LOOP('',(#1956,#1965,#1966,#1975));
#1956 = ORIENTED_EDGE('',*,*,#1957,.F.);
#1957 = EDGE_CURVE('',#1927,#1958,#1960,.T.);
#1958 = VERTEX_POINT('',#1959);
#1959 = CARTESIAN_POINT('',(-0.775,-0.925851428922,0.15));
#1960 = CIRCLE('',#1961,5.E-02);
#1961 = AXIS2_PLACEMENT_3D('',#1962,#1963,#1964);
#1962 = CARTESIAN_POINT('',(-0.775,-0.925851428922,0.2));
#1963 = DIRECTION('',(-1.,0.,-0.));
#1964 = DIRECTION('',(0.,2.168404344971E-14,-1.));
#1965 = ORIENTED_EDGE('',*,*,#1926,.T.);
#1966 = ORIENTED_EDGE('',*,*,#1967,.T.);
#1967 = EDGE_CURVE('',#1929,#1968,#1970,.T.);
#1968 = VERTEX_POINT('',#1969);
#1969 = CARTESIAN_POINT('',(-0.525,-0.925851428922,0.15));
#1970 = CIRCLE('',#1971,5.E-02);
#1971 = AXIS2_PLACEMENT_3D('',#1972,#1973,#1974);
#1972 = CARTESIAN_POINT('',(-0.525,-0.925851428922,0.2));
#1973 = DIRECTION('',(-1.,0.,-0.));
#1974 = DIRECTION('',(0.,2.168404344971E-14,-1.));
#1975 = ORIENTED_EDGE('',*,*,#1976,.F.);
#1976 = EDGE_CURVE('',#1958,#1968,#1977,.T.);
#1977 = LINE('',#1978,#1979);
#1978 = CARTESIAN_POINT('',(-0.775,-0.925851428922,0.15));
#1979 = VECTOR('',#1980,1.);
#1980 = DIRECTION('',(1.,0.,0.));
#1981 = CYLINDRICAL_SURFACE('',#1982,5.E-02);
#1982 = AXIS2_PLACEMENT_3D('',#1983,#1984,#1985);
#1983 = CARTESIAN_POINT('',(-0.775,-0.925851428922,0.2));
#1984 = DIRECTION('',(1.,0.,0.));
#1985 = DIRECTION('',(0.,0.,-1.));
#1986 = ADVANCED_FACE('',(#1987),#2012,.F.);
#1987 = FACE_BOUND('',#1988,.T.);
#1988 = EDGE_LOOP('',(#1989,#1999,#2005,#2006));
#1989 = ORIENTED_EDGE('',*,*,#1990,.T.);
#1990 = EDGE_CURVE('',#1991,#1993,#1995,.T.);
#1991 = VERTEX_POINT('',#1992);
#1992 = CARTESIAN_POINT('',(-0.775,-1.15,0.15));
#1993 = VERTEX_POINT('',#1994);
#1994 = CARTESIAN_POINT('',(-0.525,-1.15,0.15));
#1995 = LINE('',#1996,#1997);
#1996 = CARTESIAN_POINT('',(-0.775,-1.15,0.15));
#1997 = VECTOR('',#1998,1.);
#1998 = DIRECTION('',(1.,0.,0.));
#1999 = ORIENTED_EDGE('',*,*,#2000,.T.);
#2000 = EDGE_CURVE('',#1993,#1968,#2001,.T.);
#2001 = LINE('',#2002,#2003);
#2002 = CARTESIAN_POINT('',(-0.525,2.773217721562E-16,0.15));
#2003 = VECTOR('',#2004,1.);
#2004 = DIRECTION('',(0.,1.,0.));
#2005 = ORIENTED_EDGE('',*,*,#1976,.F.);
#2006 = ORIENTED_EDGE('',*,*,#2007,.F.);
#2007 = EDGE_CURVE('',#1991,#1958,#2008,.T.);
#2008 = LINE('',#2009,#2010);
#2009 = CARTESIAN_POINT('',(-0.775,2.773217721562E-16,0.15));
#2010 = VECTOR('',#2011,1.);
#2011 = DIRECTION('',(0.,1.,0.));
#2012 = PLANE('',#2013);
#2013 = AXIS2_PLACEMENT_3D('',#2014,#2015,#2016);
#2014 = CARTESIAN_POINT('',(-0.775,2.773217721562E-16,0.15));
#2015 = DIRECTION('',(0.,0.,-1.));
#2016 = DIRECTION('',(-1.,0.,-0.));
#2017 = ADVANCED_FACE('',(#2018),#2043,.T.);
#2018 = FACE_BOUND('',#2019,.T.);
#2019 = EDGE_LOOP('',(#2020,#2030,#2036,#2037));
#2020 = ORIENTED_EDGE('',*,*,#2021,.T.);
#2021 = EDGE_CURVE('',#2022,#2024,#2026,.T.);
#2022 = VERTEX_POINT('',#2023);
#2023 = CARTESIAN_POINT('',(-0.775,-1.15,8.948970312579E-17));
#2024 = VERTEX_POINT('',#2025);
#2025 = CARTESIAN_POINT('',(-0.525,-1.15,8.948970312579E-17));
#2026 = LINE('',#2027,#2028);
#2027 = CARTESIAN_POINT('',(-0.775,-1.15,8.948970312579E-17));
#2028 = VECTOR('',#2029,1.);
#2029 = DIRECTION('',(1.,0.,0.));
#2030 = ORIENTED_EDGE('',*,*,#2031,.F.);
#2031 = EDGE_CURVE('',#1993,#2024,#2032,.T.);
#2032 = LINE('',#2033,#2034);
#2033 = CARTESIAN_POINT('',(-0.525,-1.15,-1.648112749638));
#2034 = VECTOR('',#2035,1.);
#2035 = DIRECTION('',(0.,0.,-1.));
#2036 = ORIENTED_EDGE('',*,*,#1990,.F.);
#2037 = ORIENTED_EDGE('',*,*,#2038,.T.);
#2038 = EDGE_CURVE('',#1991,#2022,#2039,.T.);
#2039 = LINE('',#2040,#2041);
#2040 = CARTESIAN_POINT('',(-0.775,-1.15,-1.648112749638));
#2041 = VECTOR('',#2042,1.);
#2042 = DIRECTION('',(0.,0.,-1.));
#2043 = PLANE('',#2044);
#2044 = AXIS2_PLACEMENT_3D('',#2045,#2046,#2047);
#2045 = CARTESIAN_POINT('',(-0.775,-1.15,-1.648112749638));
#2046 = DIRECTION('',(0.,-1.,0.));
#2047 = DIRECTION('',(0.,-0.,-1.));
#2048 = ADVANCED_FACE('',(#2049),#2074,.T.);
#2049 = FACE_BOUND('',#2050,.T.);
#2050 = EDGE_LOOP('',(#2051,#2061,#2067,#2068));
#2051 = ORIENTED_EDGE('',*,*,#2052,.T.);
#2052 = EDGE_CURVE('',#2053,#2055,#2057,.T.);
#2053 = VERTEX_POINT('',#2054);
#2054 = CARTESIAN_POINT('',(-0.775,-0.925851428922,8.948970312579E-17));
#2055 = VERTEX_POINT('',#2056);
#2056 = CARTESIAN_POINT('',(-0.525,-0.925851428922,8.948970312579E-17));
#2057 = LINE('',#2058,#2059);
#2058 = CARTESIAN_POINT('',(-0.775,-0.925851428922,8.948970312579E-17));
#2059 = VECTOR('',#2060,1.);
#2060 = DIRECTION('',(1.,0.,0.));
#2061 = ORIENTED_EDGE('',*,*,#2062,.F.);
#2062 = EDGE_CURVE('',#2024,#2055,#2063,.T.);
#2063 = LINE('',#2064,#2065);
#2064 = CARTESIAN_POINT('',(-0.525,2.773217721562E-16,8.948970312579E-17
    ));
#2065 = VECTOR('',#2066,1.);
#2066 = DIRECTION('',(0.,1.,0.));
#2067 = ORIENTED_EDGE('',*,*,#2021,.F.);
#2068 = ORIENTED_EDGE('',*,*,#2069,.T.);
#2069 = EDGE_CURVE('',#2022,#2053,#2070,.T.);
#2070 = LINE('',#2071,#2072);
#2071 = CARTESIAN_POINT('',(-0.775,2.773217721562E-16,8.948970312579E-17
    ));
#2072 = VECTOR('',#2073,1.);
#2073 = DIRECTION('',(0.,1.,0.));
#2074 = PLANE('',#2075);
#2075 = AXIS2_PLACEMENT_3D('',#2076,#2077,#2078);
#2076 = CARTESIAN_POINT('',(-0.775,2.773217721562E-16,8.948970312579E-17
    ));
#2077 = DIRECTION('',(0.,0.,-1.));
#2078 = DIRECTION('',(-1.,0.,-0.));
#2079 = ADVANCED_FACE('',(#2080),#2107,.T.);
#2080 = FACE_BOUND('',#2081,.T.);
#2081 = EDGE_LOOP('',(#2082,#2092,#2099,#2100));
#2082 = ORIENTED_EDGE('',*,*,#2083,.T.);
#2083 = EDGE_CURVE('',#2084,#2086,#2088,.T.);
#2084 = VERTEX_POINT('',#2085);
#2085 = CARTESIAN_POINT('',(-0.775,-0.727495881423,0.174405532312));
#2086 = VERTEX_POINT('',#2087);
#2087 = CARTESIAN_POINT('',(-0.525,-0.727495881423,0.174405532312));
#2088 = LINE('',#2089,#2090);
#2089 = CARTESIAN_POINT('',(-0.775,-0.727495881423,0.174405532312));
#2090 = VECTOR('',#2091,1.);
#2091 = DIRECTION('',(1.,0.,0.));
#2092 = ORIENTED_EDGE('',*,*,#2093,.F.);
#2093 = EDGE_CURVE('',#2055,#2086,#2094,.T.);
#2094 = CIRCLE('',#2095,0.2);
#2095 = AXIS2_PLACEMENT_3D('',#2096,#2097,#2098);
#2096 = CARTESIAN_POINT('',(-0.525,-0.925851428922,0.2));
#2097 = DIRECTION('',(1.,-0.,0.));
#2098 = DIRECTION('',(0.,0.,-1.));
#2099 = ORIENTED_EDGE('',*,*,#2052,.F.);
#2100 = ORIENTED_EDGE('',*,*,#2101,.T.);
#2101 = EDGE_CURVE('',#2053,#2084,#2102,.T.);
#2102 = CIRCLE('',#2103,0.2);
#2103 = AXIS2_PLACEMENT_3D('',#2104,#2105,#2106);
#2104 = CARTESIAN_POINT('',(-0.775,-0.925851428922,0.2));
#2105 = DIRECTION('',(1.,-0.,0.));
#2106 = DIRECTION('',(0.,0.,-1.));
#2107 = CYLINDRICAL_SURFACE('',#2108,0.2);
#2108 = AXIS2_PLACEMENT_3D('',#2109,#2110,#2111);
#2109 = CARTESIAN_POINT('',(-0.775,-0.925851428922,0.2));
#2110 = DIRECTION('',(1.,0.,0.));
#2111 = DIRECTION('',(0.,0.,-1.));
#2112 = ADVANCED_FACE('',(#2113),#2138,.F.);
#2113 = FACE_BOUND('',#2114,.T.);
#2114 = EDGE_LOOP('',(#2115,#2125,#2131,#2132));
#2115 = ORIENTED_EDGE('',*,*,#2116,.T.);
#2116 = EDGE_CURVE('',#2117,#2119,#2121,.T.);
#2117 = VERTEX_POINT('',#2118);
#2118 = CARTESIAN_POINT('',(-0.775,-0.67820605926,0.556398616922));
#2119 = VERTEX_POINT('',#2120);
#2120 = CARTESIAN_POINT('',(-0.525,-0.67820605926,0.556398616922));
#2121 = LINE('',#2122,#2123);
#2122 = CARTESIAN_POINT('',(-0.775,-0.67820605926,0.556398616922));
#2123 = VECTOR('',#2124,1.);
#2124 = DIRECTION('',(1.,0.,0.));
#2125 = ORIENTED_EDGE('',*,*,#2126,.T.);
#2126 = EDGE_CURVE('',#2119,#2086,#2127,.T.);
#2127 = LINE('',#2128,#2129);
#2128 = CARTESIAN_POINT('',(-0.525,-0.946895972274,-1.525931652755));
#2129 = VECTOR('',#2130,1.);
#2130 = DIRECTION('',(0.,-0.127972338441,-0.991777737497));
#2131 = ORIENTED_EDGE('',*,*,#2083,.F.);
#2132 = ORIENTED_EDGE('',*,*,#2133,.F.);
#2133 = EDGE_CURVE('',#2117,#2084,#2134,.T.);
#2134 = LINE('',#2135,#2136);
#2135 = CARTESIAN_POINT('',(-0.775,-0.946895972274,-1.525931652755));
#2136 = VECTOR('',#2137,1.);
#2137 = DIRECTION('',(0.,-0.127972338441,-0.991777737497));
#2138 = PLANE('',#2139);
#2139 = AXIS2_PLACEMENT_3D('',#2140,#2141,#2142);
#2140 = CARTESIAN_POINT('',(-0.775,-0.946895972274,-1.525931652755));
#2141 = DIRECTION('',(0.,-0.991777737497,0.127972338441));
#2142 = DIRECTION('',(0.,-0.127972338441,-0.991777737497));
#2143 = ADVANCED_FACE('',(#2144),#2171,.F.);
#2144 = FACE_BOUND('',#2145,.F.);
#2145 = EDGE_LOOP('',(#2146,#2155,#2156,#2165));
#2146 = ORIENTED_EDGE('',*,*,#2147,.T.);
#2147 = EDGE_CURVE('',#2148,#2117,#2150,.T.);
#2148 = VERTEX_POINT('',#2149);
#2149 = CARTESIAN_POINT('',(-0.775,-0.628617172386,0.6));
#2150 = CIRCLE('',#2151,5.E-02);
#2151 = AXIS2_PLACEMENT_3D('',#2152,#2153,#2154);
#2152 = CARTESIAN_POINT('',(-0.775,-0.628617172386,0.55));
#2153 = DIRECTION('',(1.,-0.,0.));
#2154 = DIRECTION('',(0.,0.,-1.));
#2155 = ORIENTED_EDGE('',*,*,#2116,.T.);
#2156 = ORIENTED_EDGE('',*,*,#2157,.F.);
#2157 = EDGE_CURVE('',#2158,#2119,#2160,.T.);
#2158 = VERTEX_POINT('',#2159);
#2159 = CARTESIAN_POINT('',(-0.525,-0.628617172386,0.6));
#2160 = CIRCLE('',#2161,5.E-02);
#2161 = AXIS2_PLACEMENT_3D('',#2162,#2163,#2164);
#2162 = CARTESIAN_POINT('',(-0.525,-0.628617172386,0.55));
#2163 = DIRECTION('',(1.,-0.,0.));
#2164 = DIRECTION('',(0.,0.,-1.));
#2165 = ORIENTED_EDGE('',*,*,#2166,.F.);
#2166 = EDGE_CURVE('',#2148,#2158,#2167,.T.);
#2167 = LINE('',#2168,#2169);
#2168 = CARTESIAN_POINT('',(-0.775,-0.628617172386,0.6));
#2169 = VECTOR('',#2170,1.);
#2170 = DIRECTION('',(1.,0.,0.));
#2171 = CYLINDRICAL_SURFACE('',#2172,5.E-02);
#2172 = AXIS2_PLACEMENT_3D('',#2173,#2174,#2175);
#2173 = CARTESIAN_POINT('',(-0.775,-0.628617172386,0.55));
#2174 = DIRECTION('',(1.,0.,0.));
#2175 = DIRECTION('',(0.,0.,-1.));
#2176 = ADVANCED_FACE('',(#2177),#2201,.T.);
#2177 = FACE_BOUND('',#2178,.T.);
#2178 = EDGE_LOOP('',(#2179,#2180,#2186,#2187,#2188,#2189,#2190,#2191,
    #2192,#2193,#2194,#2195));
#2179 = ORIENTED_EDGE('',*,*,#194,.F.);
#2180 = ORIENTED_EDGE('',*,*,#2181,.T.);
#2181 = EDGE_CURVE('',#187,#1895,#2182,.T.);
#2182 = LINE('',#2183,#2184);
#2183 = CARTESIAN_POINT('',(-0.525,2.773217721562E-16,0.75));
#2184 = VECTOR('',#2185,1.);
#2185 = DIRECTION('',(0.,-1.,0.));
#2186 = ORIENTED_EDGE('',*,*,#1894,.F.);
#2187 = ORIENTED_EDGE('',*,*,#1936,.T.);
#2188 = ORIENTED_EDGE('',*,*,#1967,.T.);
#2189 = ORIENTED_EDGE('',*,*,#2000,.F.);
#2190 = ORIENTED_EDGE('',*,*,#2031,.T.);
#2191 = ORIENTED_EDGE('',*,*,#2062,.T.);
#2192 = ORIENTED_EDGE('',*,*,#2093,.T.);
#2193 = ORIENTED_EDGE('',*,*,#2126,.F.);
#2194 = ORIENTED_EDGE('',*,*,#2157,.F.);
#2195 = ORIENTED_EDGE('',*,*,#2196,.T.);
#2196 = EDGE_CURVE('',#2158,#195,#2197,.T.);
#2197 = LINE('',#2198,#2199);
#2198 = CARTESIAN_POINT('',(-0.525,-2.823029783605E-15,0.6));
#2199 = VECTOR('',#2200,1.);
#2200 = DIRECTION('',(0.,1.,1.3790907757E-15));
#2201 = PLANE('',#2202);
#2202 = AXIS2_PLACEMENT_3D('',#2203,#2204,#2205);
#2203 = CARTESIAN_POINT('',(-0.525,2.773217721562E-16,-1.648112749638));
#2204 = DIRECTION('',(1.,-0.,0.));
#2205 = DIRECTION('',(0.,0.,-1.));
#2206 = ADVANCED_FACE('',(#2207),#2218,.T.);
#2207 = FACE_BOUND('',#2208,.T.);
#2208 = EDGE_LOOP('',(#2209,#2210,#2211,#2212));
#2209 = ORIENTED_EDGE('',*,*,#350,.T.);
#2210 = ORIENTED_EDGE('',*,*,#2196,.F.);
#2211 = ORIENTED_EDGE('',*,*,#2166,.F.);
#2212 = ORIENTED_EDGE('',*,*,#2213,.T.);
#2213 = EDGE_CURVE('',#2148,#171,#2214,.T.);
#2214 = LINE('',#2215,#2216);
#2215 = CARTESIAN_POINT('',(-0.775,-2.823029783605E-15,0.6));
#2216 = VECTOR('',#2217,1.);
#2217 = DIRECTION('',(0.,1.,1.3790907757E-15));
#2218 = PLANE('',#2219);
#2219 = AXIS2_PLACEMENT_3D('',#2220,#2221,#2222);
#2220 = CARTESIAN_POINT('',(-0.775,-2.823029783605E-15,0.6));
#2221 = DIRECTION('',(0.,1.3790907757E-15,-1.));
#2222 = DIRECTION('',(0.,1.,1.3790907757E-15));
#2223 = ADVANCED_FACE('',(#2224),#2243,.F.);
#2224 = FACE_BOUND('',#2225,.T.);
#2225 = EDGE_LOOP('',(#2226,#2232,#2233,#2234,#2235,#2236,#2237,#2238,
    #2239,#2240,#2241,#2242));
#2226 = ORIENTED_EDGE('',*,*,#2227,.F.);
#2227 = EDGE_CURVE('',#179,#1904,#2228,.T.);
#2228 = LINE('',#2229,#2230);
#2229 = CARTESIAN_POINT('',(-0.775,2.773217721562E-16,0.75));
#2230 = VECTOR('',#2231,1.);
#2231 = DIRECTION('',(0.,-1.,0.));
#2232 = ORIENTED_EDGE('',*,*,#178,.T.);
#2233 = ORIENTED_EDGE('',*,*,#2213,.F.);
#2234 = ORIENTED_EDGE('',*,*,#2147,.T.);
#2235 = ORIENTED_EDGE('',*,*,#2133,.T.);
#2236 = ORIENTED_EDGE('',*,*,#2101,.F.);
#2237 = ORIENTED_EDGE('',*,*,#2069,.F.);
#2238 = ORIENTED_EDGE('',*,*,#2038,.F.);
#2239 = ORIENTED_EDGE('',*,*,#2007,.T.);
#2240 = ORIENTED_EDGE('',*,*,#1957,.F.);
#2241 = ORIENTED_EDGE('',*,*,#1943,.F.);
#2242 = ORIENTED_EDGE('',*,*,#1911,.T.);
#2243 = PLANE('',#2244);
#2244 = AXIS2_PLACEMENT_3D('',#2245,#2246,#2247);
#2245 = CARTESIAN_POINT('',(-0.775,2.773217721562E-16,-1.648112749638));
#2246 = DIRECTION('',(1.,-0.,0.));
#2247 = DIRECTION('',(0.,0.,-1.));
#2248 = ADVANCED_FACE('',(#2249),#2255,.T.);
#2249 = FACE_BOUND('',#2250,.T.);
#2250 = EDGE_LOOP('',(#2251,#2252,#2253,#2254));
#2251 = ORIENTED_EDGE('',*,*,#186,.F.);
#2252 = ORIENTED_EDGE('',*,*,#2227,.T.);
#2253 = ORIENTED_EDGE('',*,*,#1903,.T.);
#2254 = ORIENTED_EDGE('',*,*,#2181,.F.);
#2255 = PLANE('',#2256);
#2256 = AXIS2_PLACEMENT_3D('',#2257,#2258,#2259);
#2257 = CARTESIAN_POINT('',(-0.775,2.773217721562E-16,0.75));
#2258 = DIRECTION('',(-0.,0.,1.));
#2259 = DIRECTION('',(1.,0.,0.));
#2260 = ADVANCED_FACE('',(#2261),#2295,.T.);
#2261 = FACE_BOUND('',#2262,.T.);
#2262 = EDGE_LOOP('',(#2263,#2273,#2281,#2289));
#2263 = ORIENTED_EDGE('',*,*,#2264,.T.);
#2264 = EDGE_CURVE('',#2265,#2267,#2269,.T.);
#2265 = VERTEX_POINT('',#2266);
#2266 = CARTESIAN_POINT('',(-0.125,0.727495881423,0.174405532312));
#2267 = VERTEX_POINT('',#2268);
#2268 = CARTESIAN_POINT('',(0.125,0.727495881423,0.174405532312));
#2269 = LINE('',#2270,#2271);
#2270 = CARTESIAN_POINT('',(-0.125,0.727495881423,0.174405532312));
#2271 = VECTOR('',#2272,1.);
#2272 = DIRECTION('',(1.,0.,0.));
#2273 = ORIENTED_EDGE('',*,*,#2274,.F.);
#2274 = EDGE_CURVE('',#2275,#2267,#2277,.T.);
#2275 = VERTEX_POINT('',#2276);
#2276 = CARTESIAN_POINT('',(0.125,0.67820605926,0.556398616922));
#2277 = LINE('',#2278,#2279);
#2278 = CARTESIAN_POINT('',(0.125,0.67820605926,0.556398616922));
#2279 = VECTOR('',#2280,1.);
#2280 = DIRECTION('',(0.,0.127972338441,-0.991777737497));
#2281 = ORIENTED_EDGE('',*,*,#2282,.F.);
#2282 = EDGE_CURVE('',#2283,#2275,#2285,.T.);
#2283 = VERTEX_POINT('',#2284);
#2284 = CARTESIAN_POINT('',(-0.125,0.67820605926,0.556398616922));
#2285 = LINE('',#2286,#2287);
#2286 = CARTESIAN_POINT('',(-0.125,0.67820605926,0.556398616922));
#2287 = VECTOR('',#2288,1.);
#2288 = DIRECTION('',(1.,0.,0.));
#2289 = ORIENTED_EDGE('',*,*,#2290,.T.);
#2290 = EDGE_CURVE('',#2283,#2265,#2291,.T.);
#2291 = LINE('',#2292,#2293);
#2292 = CARTESIAN_POINT('',(-0.125,0.67820605926,0.556398616922));
#2293 = VECTOR('',#2294,1.);
#2294 = DIRECTION('',(0.,0.127972338441,-0.991777737497));
#2295 = PLANE('',#2296);
#2296 = AXIS2_PLACEMENT_3D('',#2297,#2298,#2299);
#2297 = CARTESIAN_POINT('',(-0.125,0.67820605926,0.556398616922));
#2298 = DIRECTION('',(0.,-0.991777737497,-0.127972338441));
#2299 = DIRECTION('',(0.,0.127972338441,-0.991777737497));
#2300 = ADVANCED_FACE('',(#2301),#2328,.T.);
#2301 = FACE_BOUND('',#2302,.T.);
#2302 = EDGE_LOOP('',(#2303,#2313,#2320,#2321));
#2303 = ORIENTED_EDGE('',*,*,#2304,.T.);
#2304 = EDGE_CURVE('',#2305,#2307,#2309,.T.);
#2305 = VERTEX_POINT('',#2306);
#2306 = CARTESIAN_POINT('',(-0.125,0.925851428922,-1.89735380185E-16));
#2307 = VERTEX_POINT('',#2308);
#2308 = CARTESIAN_POINT('',(0.125,0.925851428922,-1.89735380185E-16));
#2309 = LINE('',#2310,#2311);
#2310 = CARTESIAN_POINT('',(-0.125,0.925851428922,-1.89735380185E-16));
#2311 = VECTOR('',#2312,1.);
#2312 = DIRECTION('',(1.,0.,0.));
#2313 = ORIENTED_EDGE('',*,*,#2314,.T.);
#2314 = EDGE_CURVE('',#2307,#2267,#2315,.T.);
#2315 = CIRCLE('',#2316,0.2);
#2316 = AXIS2_PLACEMENT_3D('',#2317,#2318,#2319);
#2317 = CARTESIAN_POINT('',(0.125,0.925851428922,0.2));
#2318 = DIRECTION('',(-1.,-0.,0.));
#2319 = DIRECTION('',(0.,0.,1.));
#2320 = ORIENTED_EDGE('',*,*,#2264,.F.);
#2321 = ORIENTED_EDGE('',*,*,#2322,.F.);
#2322 = EDGE_CURVE('',#2305,#2265,#2323,.T.);
#2323 = CIRCLE('',#2324,0.2);
#2324 = AXIS2_PLACEMENT_3D('',#2325,#2326,#2327);
#2325 = CARTESIAN_POINT('',(-0.125,0.925851428922,0.2));
#2326 = DIRECTION('',(-1.,-0.,0.));
#2327 = DIRECTION('',(0.,0.,1.));
#2328 = CYLINDRICAL_SURFACE('',#2329,0.2);
#2329 = AXIS2_PLACEMENT_3D('',#2330,#2331,#2332);
#2330 = CARTESIAN_POINT('',(-0.125,0.925851428922,0.2));
#2331 = DIRECTION('',(1.,0.,0.));
#2332 = DIRECTION('',(0.,0.,-1.));
#2333 = ADVANCED_FACE('',(#2334),#2359,.F.);
#2334 = FACE_BOUND('',#2335,.T.);
#2335 = EDGE_LOOP('',(#2336,#2346,#2352,#2353));
#2336 = ORIENTED_EDGE('',*,*,#2337,.T.);
#2337 = EDGE_CURVE('',#2338,#2340,#2342,.T.);
#2338 = VERTEX_POINT('',#2339);
#2339 = CARTESIAN_POINT('',(-0.125,1.15,-1.084202172486E-16));
#2340 = VERTEX_POINT('',#2341);
#2341 = CARTESIAN_POINT('',(0.125,1.15,-1.084202172486E-16));
#2342 = LINE('',#2343,#2344);
#2343 = CARTESIAN_POINT('',(-0.125,1.15,-1.084202172486E-16));
#2344 = VECTOR('',#2345,1.);
#2345 = DIRECTION('',(1.,0.,0.));
#2346 = ORIENTED_EDGE('',*,*,#2347,.T.);
#2347 = EDGE_CURVE('',#2340,#2307,#2348,.T.);
#2348 = LINE('',#2349,#2350);
#2349 = CARTESIAN_POINT('',(0.125,1.15,-1.084202172486E-16));
#2350 = VECTOR('',#2351,1.);
#2351 = DIRECTION('',(0.,-1.,0.));
#2352 = ORIENTED_EDGE('',*,*,#2304,.F.);
#2353 = ORIENTED_EDGE('',*,*,#2354,.F.);
#2354 = EDGE_CURVE('',#2338,#2305,#2355,.T.);
#2355 = LINE('',#2356,#2357);
#2356 = CARTESIAN_POINT('',(-0.125,1.15,-1.084202172486E-16));
#2357 = VECTOR('',#2358,1.);
#2358 = DIRECTION('',(0.,-1.,0.));
#2359 = PLANE('',#2360);
#2360 = AXIS2_PLACEMENT_3D('',#2361,#2362,#2363);
#2361 = CARTESIAN_POINT('',(-0.125,1.15,-1.084202172486E-16));
#2362 = DIRECTION('',(-0.,0.,1.));
#2363 = DIRECTION('',(1.,0.,0.));
#2364 = ADVANCED_FACE('',(#2365),#2390,.F.);
#2365 = FACE_BOUND('',#2366,.T.);
#2366 = EDGE_LOOP('',(#2367,#2377,#2383,#2384));
#2367 = ORIENTED_EDGE('',*,*,#2368,.T.);
#2368 = EDGE_CURVE('',#2369,#2371,#2373,.T.);
#2369 = VERTEX_POINT('',#2370);
#2370 = CARTESIAN_POINT('',(-0.125,1.15,0.15));
#2371 = VERTEX_POINT('',#2372);
#2372 = CARTESIAN_POINT('',(0.125,1.15,0.15));
#2373 = LINE('',#2374,#2375);
#2374 = CARTESIAN_POINT('',(-0.125,1.15,0.15));
#2375 = VECTOR('',#2376,1.);
#2376 = DIRECTION('',(1.,0.,0.));
#2377 = ORIENTED_EDGE('',*,*,#2378,.T.);
#2378 = EDGE_CURVE('',#2371,#2340,#2379,.T.);
#2379 = LINE('',#2380,#2381);
#2380 = CARTESIAN_POINT('',(0.125,1.15,0.15));
#2381 = VECTOR('',#2382,1.);
#2382 = DIRECTION('',(0.,0.,-1.));
#2383 = ORIENTED_EDGE('',*,*,#2337,.F.);
#2384 = ORIENTED_EDGE('',*,*,#2385,.F.);
#2385 = EDGE_CURVE('',#2369,#2338,#2386,.T.);
#2386 = LINE('',#2387,#2388);
#2387 = CARTESIAN_POINT('',(-0.125,1.15,0.15));
#2388 = VECTOR('',#2389,1.);
#2389 = DIRECTION('',(0.,0.,-1.));
#2390 = PLANE('',#2391);
#2391 = AXIS2_PLACEMENT_3D('',#2392,#2393,#2394);
#2392 = CARTESIAN_POINT('',(-0.125,1.15,0.15));
#2393 = DIRECTION('',(0.,-1.,0.));
#2394 = DIRECTION('',(0.,-0.,-1.));
#2395 = ADVANCED_FACE('',(#2396),#2421,.T.);
#2396 = FACE_BOUND('',#2397,.T.);
#2397 = EDGE_LOOP('',(#2398,#2408,#2414,#2415));
#2398 = ORIENTED_EDGE('',*,*,#2399,.T.);
#2399 = EDGE_CURVE('',#2400,#2402,#2404,.T.);
#2400 = VERTEX_POINT('',#2401);
#2401 = CARTESIAN_POINT('',(-0.125,0.925851428922,0.15));
#2402 = VERTEX_POINT('',#2403);
#2403 = CARTESIAN_POINT('',(0.125,0.925851428922,0.15));
#2404 = LINE('',#2405,#2406);
#2405 = CARTESIAN_POINT('',(-0.125,0.925851428922,0.15));
#2406 = VECTOR('',#2407,1.);
#2407 = DIRECTION('',(1.,0.,0.));
#2408 = ORIENTED_EDGE('',*,*,#2409,.F.);
#2409 = EDGE_CURVE('',#2371,#2402,#2410,.T.);
#2410 = LINE('',#2411,#2412);
#2411 = CARTESIAN_POINT('',(0.125,1.15,0.15));
#2412 = VECTOR('',#2413,1.);
#2413 = DIRECTION('',(0.,-1.,0.));
#2414 = ORIENTED_EDGE('',*,*,#2368,.F.);
#2415 = ORIENTED_EDGE('',*,*,#2416,.T.);
#2416 = EDGE_CURVE('',#2369,#2400,#2417,.T.);
#2417 = LINE('',#2418,#2419);
#2418 = CARTESIAN_POINT('',(-0.125,1.15,0.15));
#2419 = VECTOR('',#2420,1.);
#2420 = DIRECTION('',(0.,-1.,0.));
#2421 = PLANE('',#2422);
#2422 = AXIS2_PLACEMENT_3D('',#2423,#2424,#2425);
#2423 = CARTESIAN_POINT('',(-0.125,1.15,0.15));
#2424 = DIRECTION('',(-0.,0.,1.));
#2425 = DIRECTION('',(1.,0.,0.));
#2426 = ADVANCED_FACE('',(#2427),#2454,.F.);
#2427 = FACE_BOUND('',#2428,.F.);
#2428 = EDGE_LOOP('',(#2429,#2438,#2439,#2448));
#2429 = ORIENTED_EDGE('',*,*,#2430,.T.);
#2430 = EDGE_CURVE('',#2431,#2400,#2433,.T.);
#2431 = VERTEX_POINT('',#2432);
#2432 = CARTESIAN_POINT('',(-0.125,0.876262542047,0.193601383078));
#2433 = CIRCLE('',#2434,5.E-02);
#2434 = AXIS2_PLACEMENT_3D('',#2435,#2436,#2437);
#2435 = CARTESIAN_POINT('',(-0.125,0.925851428922,0.2));
#2436 = DIRECTION('',(1.,0.,0.));
#2437 = DIRECTION('',(0.,0.,-1.));
#2438 = ORIENTED_EDGE('',*,*,#2399,.T.);
#2439 = ORIENTED_EDGE('',*,*,#2440,.F.);
#2440 = EDGE_CURVE('',#2441,#2402,#2443,.T.);
#2441 = VERTEX_POINT('',#2442);
#2442 = CARTESIAN_POINT('',(0.125,0.876262542047,0.193601383078));
#2443 = CIRCLE('',#2444,5.E-02);
#2444 = AXIS2_PLACEMENT_3D('',#2445,#2446,#2447);
#2445 = CARTESIAN_POINT('',(0.125,0.925851428922,0.2));
#2446 = DIRECTION('',(1.,0.,0.));
#2447 = DIRECTION('',(0.,0.,-1.));
#2448 = ORIENTED_EDGE('',*,*,#2449,.F.);
#2449 = EDGE_CURVE('',#2431,#2441,#2450,.T.);
#2450 = LINE('',#2451,#2452);
#2451 = CARTESIAN_POINT('',(-0.125,0.876262542047,0.193601383078));
#2452 = VECTOR('',#2453,1.);
#2453 = DIRECTION('',(1.,0.,0.));
#2454 = CYLINDRICAL_SURFACE('',#2455,5.E-02);
#2455 = AXIS2_PLACEMENT_3D('',#2456,#2457,#2458);
#2456 = CARTESIAN_POINT('',(-0.125,0.925851428922,0.2));
#2457 = DIRECTION('',(1.,0.,0.));
#2458 = DIRECTION('',(0.,0.,-1.));
#2459 = ADVANCED_FACE('',(#2460),#2485,.F.);
#2460 = FACE_BOUND('',#2461,.T.);
#2461 = EDGE_LOOP('',(#2462,#2472,#2478,#2479));
#2462 = ORIENTED_EDGE('',*,*,#2463,.T.);
#2463 = EDGE_CURVE('',#2464,#2466,#2468,.T.);
#2464 = VERTEX_POINT('',#2465);
#2465 = CARTESIAN_POINT('',(-0.125,0.826972719885,0.575594467688));
#2466 = VERTEX_POINT('',#2467);
#2467 = CARTESIAN_POINT('',(0.125,0.826972719885,0.575594467688));
#2468 = LINE('',#2469,#2470);
#2469 = CARTESIAN_POINT('',(-0.125,0.826972719885,0.575594467688));
#2470 = VECTOR('',#2471,1.);
#2471 = DIRECTION('',(1.,0.,0.));
#2472 = ORIENTED_EDGE('',*,*,#2473,.T.);
#2473 = EDGE_CURVE('',#2466,#2441,#2474,.T.);
#2474 = LINE('',#2475,#2476);
#2475 = CARTESIAN_POINT('',(0.125,0.826972719885,0.575594467688));
#2476 = VECTOR('',#2477,1.);
#2477 = DIRECTION('',(0.,0.127972338441,-0.991777737497));
#2478 = ORIENTED_EDGE('',*,*,#2449,.F.);
#2479 = ORIENTED_EDGE('',*,*,#2480,.F.);
#2480 = EDGE_CURVE('',#2464,#2431,#2481,.T.);
#2481 = LINE('',#2482,#2483);
#2482 = CARTESIAN_POINT('',(-0.125,0.826972719885,0.575594467688));
#2483 = VECTOR('',#2484,1.);
#2484 = DIRECTION('',(0.,0.127972338441,-0.991777737497));
#2485 = PLANE('',#2486);
#2486 = AXIS2_PLACEMENT_3D('',#2487,#2488,#2489);
#2487 = CARTESIAN_POINT('',(-0.125,0.826972719885,0.575594467688));
#2488 = DIRECTION('',(0.,-0.991777737497,-0.127972338441));
#2489 = DIRECTION('',(0.,0.127972338441,-0.991777737497));
#2490 = ADVANCED_FACE('',(#2491),#2518,.T.);
#2491 = FACE_BOUND('',#2492,.T.);
#2492 = EDGE_LOOP('',(#2493,#2503,#2510,#2511));
#2493 = ORIENTED_EDGE('',*,*,#2494,.T.);
#2494 = EDGE_CURVE('',#2495,#2497,#2499,.T.);
#2495 = VERTEX_POINT('',#2496);
#2496 = CARTESIAN_POINT('',(-0.125,0.628617172386,0.75));
#2497 = VERTEX_POINT('',#2498);
#2498 = CARTESIAN_POINT('',(0.125,0.628617172386,0.75));
#2499 = LINE('',#2500,#2501);
#2500 = CARTESIAN_POINT('',(-0.125,0.628617172386,0.75));
#2501 = VECTOR('',#2502,1.);
#2502 = DIRECTION('',(1.,0.,0.));
#2503 = ORIENTED_EDGE('',*,*,#2504,.F.);
#2504 = EDGE_CURVE('',#2466,#2497,#2505,.T.);
#2505 = CIRCLE('',#2506,0.2);
#2506 = AXIS2_PLACEMENT_3D('',#2507,#2508,#2509);
#2507 = CARTESIAN_POINT('',(0.125,0.628617172386,0.55));
#2508 = DIRECTION('',(1.,0.,0.));
#2509 = DIRECTION('',(0.,0.,-1.));
#2510 = ORIENTED_EDGE('',*,*,#2463,.F.);
#2511 = ORIENTED_EDGE('',*,*,#2512,.T.);
#2512 = EDGE_CURVE('',#2464,#2495,#2513,.T.);
#2513 = CIRCLE('',#2514,0.2);
#2514 = AXIS2_PLACEMENT_3D('',#2515,#2516,#2517);
#2515 = CARTESIAN_POINT('',(-0.125,0.628617172386,0.55));
#2516 = DIRECTION('',(1.,0.,0.));
#2517 = DIRECTION('',(0.,0.,-1.));
#2518 = CYLINDRICAL_SURFACE('',#2519,0.2);
#2519 = AXIS2_PLACEMENT_3D('',#2520,#2521,#2522);
#2520 = CARTESIAN_POINT('',(-0.125,0.628617172386,0.55));
#2521 = DIRECTION('',(1.,0.,0.));
#2522 = DIRECTION('',(0.,0.,-1.));
#2523 = ADVANCED_FACE('',(#2524),#2556,.F.);
#2524 = FACE_BOUND('',#2525,.T.);
#2525 = EDGE_LOOP('',(#2526,#2532,#2533,#2541,#2548,#2549,#2550,#2551,
    #2552,#2553,#2554,#2555));
#2526 = ORIENTED_EDGE('',*,*,#2527,.F.);
#2527 = EDGE_CURVE('',#604,#2497,#2528,.T.);
#2528 = LINE('',#2529,#2530);
#2529 = CARTESIAN_POINT('',(0.125,0.55,0.75));
#2530 = VECTOR('',#2531,1.);
#2531 = DIRECTION('',(0.,1.,0.));
#2532 = ORIENTED_EDGE('',*,*,#603,.T.);
#2533 = ORIENTED_EDGE('',*,*,#2534,.F.);
#2534 = EDGE_CURVE('',#2535,#447,#2537,.T.);
#2535 = VERTEX_POINT('',#2536);
#2536 = CARTESIAN_POINT('',(0.125,0.628617172386,0.6));
#2537 = LINE('',#2538,#2539);
#2538 = CARTESIAN_POINT('',(0.125,0.628617172386,0.6));
#2539 = VECTOR('',#2540,1.);
#2540 = DIRECTION('',(0.,-1.,1.3790907757E-15));
#2541 = ORIENTED_EDGE('',*,*,#2542,.T.);
#2542 = EDGE_CURVE('',#2535,#2275,#2543,.T.);
#2543 = CIRCLE('',#2544,5.E-02);
#2544 = AXIS2_PLACEMENT_3D('',#2545,#2546,#2547);
#2545 = CARTESIAN_POINT('',(0.125,0.628617172386,0.55));
#2546 = DIRECTION('',(-1.,-0.,0.));
#2547 = DIRECTION('',(0.,0.,1.));
#2548 = ORIENTED_EDGE('',*,*,#2274,.T.);
#2549 = ORIENTED_EDGE('',*,*,#2314,.F.);
#2550 = ORIENTED_EDGE('',*,*,#2347,.F.);
#2551 = ORIENTED_EDGE('',*,*,#2378,.F.);
#2552 = ORIENTED_EDGE('',*,*,#2409,.T.);
#2553 = ORIENTED_EDGE('',*,*,#2440,.F.);
#2554 = ORIENTED_EDGE('',*,*,#2473,.F.);
#2555 = ORIENTED_EDGE('',*,*,#2504,.T.);
#2556 = PLANE('',#2557);
#2557 = AXIS2_PLACEMENT_3D('',#2558,#2559,#2560);
#2558 = CARTESIAN_POINT('',(0.125,0.628617172386,0.55));
#2559 = DIRECTION('',(-1.,-0.,0.));
#2560 = DIRECTION('',(0.,0.,1.));
#2561 = ADVANCED_FACE('',(#2562),#2581,.F.);
#2562 = FACE_BOUND('',#2563,.F.);
#2563 = EDGE_LOOP('',(#2564,#2573,#2579,#2580));
#2564 = ORIENTED_EDGE('',*,*,#2565,.F.);
#2565 = EDGE_CURVE('',#2566,#2283,#2568,.T.);
#2566 = VERTEX_POINT('',#2567);
#2567 = CARTESIAN_POINT('',(-0.125,0.628617172386,0.6));
#2568 = CIRCLE('',#2569,5.E-02);
#2569 = AXIS2_PLACEMENT_3D('',#2570,#2571,#2572);
#2570 = CARTESIAN_POINT('',(-0.125,0.628617172386,0.55));
#2571 = DIRECTION('',(-1.,-0.,0.));
#2572 = DIRECTION('',(0.,0.,1.));
#2573 = ORIENTED_EDGE('',*,*,#2574,.T.);
#2574 = EDGE_CURVE('',#2566,#2535,#2575,.T.);
#2575 = LINE('',#2576,#2577);
#2576 = CARTESIAN_POINT('',(-0.125,0.628617172386,0.6));
#2577 = VECTOR('',#2578,1.);
#2578 = DIRECTION('',(1.,0.,0.));
#2579 = ORIENTED_EDGE('',*,*,#2542,.T.);
#2580 = ORIENTED_EDGE('',*,*,#2282,.F.);
#2581 = CYLINDRICAL_SURFACE('',#2582,5.E-02);
#2582 = AXIS2_PLACEMENT_3D('',#2583,#2584,#2585);
#2583 = CARTESIAN_POINT('',(-0.125,0.628617172386,0.55));
#2584 = DIRECTION('',(1.,0.,0.));
#2585 = DIRECTION('',(0.,0.,-1.));
#2586 = ADVANCED_FACE('',(#2587),#2611,.T.);
#2587 = FACE_BOUND('',#2588,.T.);
#2588 = EDGE_LOOP('',(#2589,#2590,#2596,#2597,#2598,#2599,#2600,#2601,
    #2602,#2603,#2604,#2605));
#2589 = ORIENTED_EDGE('',*,*,#619,.F.);
#2590 = ORIENTED_EDGE('',*,*,#2591,.T.);
#2591 = EDGE_CURVE('',#612,#2495,#2592,.T.);
#2592 = LINE('',#2593,#2594);
#2593 = CARTESIAN_POINT('',(-0.125,0.55,0.75));
#2594 = VECTOR('',#2595,1.);
#2595 = DIRECTION('',(0.,1.,0.));
#2596 = ORIENTED_EDGE('',*,*,#2512,.F.);
#2597 = ORIENTED_EDGE('',*,*,#2480,.T.);
#2598 = ORIENTED_EDGE('',*,*,#2430,.T.);
#2599 = ORIENTED_EDGE('',*,*,#2416,.F.);
#2600 = ORIENTED_EDGE('',*,*,#2385,.T.);
#2601 = ORIENTED_EDGE('',*,*,#2354,.T.);
#2602 = ORIENTED_EDGE('',*,*,#2322,.T.);
#2603 = ORIENTED_EDGE('',*,*,#2290,.F.);
#2604 = ORIENTED_EDGE('',*,*,#2565,.F.);
#2605 = ORIENTED_EDGE('',*,*,#2606,.T.);
#2606 = EDGE_CURVE('',#2566,#439,#2607,.T.);
#2607 = LINE('',#2608,#2609);
#2608 = CARTESIAN_POINT('',(-0.125,0.628617172386,0.6));
#2609 = VECTOR('',#2610,1.);
#2610 = DIRECTION('',(0.,-1.,1.3790907757E-15));
#2611 = PLANE('',#2612);
#2612 = AXIS2_PLACEMENT_3D('',#2613,#2614,#2615);
#2613 = CARTESIAN_POINT('',(-0.125,0.628617172386,0.55));
#2614 = DIRECTION('',(-1.,-0.,0.));
#2615 = DIRECTION('',(0.,0.,1.));
#2616 = ADVANCED_FACE('',(#2617),#2623,.F.);
#2617 = FACE_BOUND('',#2618,.T.);
#2618 = EDGE_LOOP('',(#2619,#2620,#2621,#2622));
#2619 = ORIENTED_EDGE('',*,*,#2591,.F.);
#2620 = ORIENTED_EDGE('',*,*,#611,.T.);
#2621 = ORIENTED_EDGE('',*,*,#2527,.T.);
#2622 = ORIENTED_EDGE('',*,*,#2494,.F.);
#2623 = PLANE('',#2624);
#2624 = AXIS2_PLACEMENT_3D('',#2625,#2626,#2627);
#2625 = CARTESIAN_POINT('',(-0.125,0.55,0.75));
#2626 = DIRECTION('',(0.,0.,-1.));
#2627 = DIRECTION('',(-1.,0.,-0.));
#2628 = ADVANCED_FACE('',(#2629),#2635,.F.);
#2629 = FACE_BOUND('',#2630,.T.);
#2630 = EDGE_LOOP('',(#2631,#2632,#2633,#2634));
#2631 = ORIENTED_EDGE('',*,*,#2534,.T.);
#2632 = ORIENTED_EDGE('',*,*,#446,.T.);
#2633 = ORIENTED_EDGE('',*,*,#2606,.F.);
#2634 = ORIENTED_EDGE('',*,*,#2574,.T.);
#2635 = PLANE('',#2636);
#2636 = AXIS2_PLACEMENT_3D('',#2637,#2638,#2639);
#2637 = CARTESIAN_POINT('',(-0.125,0.628617172386,0.6));
#2638 = DIRECTION('',(-0.,1.3790907757E-15,1.));
#2639 = DIRECTION('',(0.,-1.,1.3790907757E-15));
#2640 = ADVANCED_FACE('',(#2641),#2675,.T.);
#2641 = FACE_BOUND('',#2642,.T.);
#2642 = EDGE_LOOP('',(#2643,#2653,#2661,#2669));
#2643 = ORIENTED_EDGE('',*,*,#2644,.T.);
#2644 = EDGE_CURVE('',#2645,#2647,#2649,.T.);
#2645 = VERTEX_POINT('',#2646);
#2646 = CARTESIAN_POINT('',(-0.775,0.727495881423,0.174405532312));
#2647 = VERTEX_POINT('',#2648);
#2648 = CARTESIAN_POINT('',(-0.525,0.727495881423,0.174405532312));
#2649 = LINE('',#2650,#2651);
#2650 = CARTESIAN_POINT('',(-0.775,0.727495881423,0.174405532312));
#2651 = VECTOR('',#2652,1.);
#2652 = DIRECTION('',(1.,0.,0.));
#2653 = ORIENTED_EDGE('',*,*,#2654,.F.);
#2654 = EDGE_CURVE('',#2655,#2647,#2657,.T.);
#2655 = VERTEX_POINT('',#2656);
#2656 = CARTESIAN_POINT('',(-0.525,0.67820605926,0.556398616922));
#2657 = LINE('',#2658,#2659);
#2658 = CARTESIAN_POINT('',(-0.525,0.67820605926,0.556398616922));
#2659 = VECTOR('',#2660,1.);
#2660 = DIRECTION('',(0.,0.127972338441,-0.991777737497));
#2661 = ORIENTED_EDGE('',*,*,#2662,.F.);
#2662 = EDGE_CURVE('',#2663,#2655,#2665,.T.);
#2663 = VERTEX_POINT('',#2664);
#2664 = CARTESIAN_POINT('',(-0.775,0.67820605926,0.556398616922));
#2665 = LINE('',#2666,#2667);
#2666 = CARTESIAN_POINT('',(-0.775,0.67820605926,0.556398616922));
#2667 = VECTOR('',#2668,1.);
#2668 = DIRECTION('',(1.,0.,0.));
#2669 = ORIENTED_EDGE('',*,*,#2670,.T.);
#2670 = EDGE_CURVE('',#2663,#2645,#2671,.T.);
#2671 = LINE('',#2672,#2673);
#2672 = CARTESIAN_POINT('',(-0.775,0.67820605926,0.556398616922));
#2673 = VECTOR('',#2674,1.);
#2674 = DIRECTION('',(0.,0.127972338441,-0.991777737497));
#2675 = PLANE('',#2676);
#2676 = AXIS2_PLACEMENT_3D('',#2677,#2678,#2679);
#2677 = CARTESIAN_POINT('',(-0.775,0.67820605926,0.556398616922));
#2678 = DIRECTION('',(0.,-0.991777737497,-0.127972338441));
#2679 = DIRECTION('',(0.,0.127972338441,-0.991777737497));
#2680 = ADVANCED_FACE('',(#2681),#2708,.T.);
#2681 = FACE_BOUND('',#2682,.T.);
#2682 = EDGE_LOOP('',(#2683,#2693,#2700,#2701));
#2683 = ORIENTED_EDGE('',*,*,#2684,.T.);
#2684 = EDGE_CURVE('',#2685,#2687,#2689,.T.);
#2685 = VERTEX_POINT('',#2686);
#2686 = CARTESIAN_POINT('',(-0.775,0.925851428922,-1.89735380185E-16));
#2687 = VERTEX_POINT('',#2688);
#2688 = CARTESIAN_POINT('',(-0.525,0.925851428922,-1.89735380185E-16));
#2689 = LINE('',#2690,#2691);
#2690 = CARTESIAN_POINT('',(-0.775,0.925851428922,-1.89735380185E-16));
#2691 = VECTOR('',#2692,1.);
#2692 = DIRECTION('',(1.,0.,0.));
#2693 = ORIENTED_EDGE('',*,*,#2694,.T.);
#2694 = EDGE_CURVE('',#2687,#2647,#2695,.T.);
#2695 = CIRCLE('',#2696,0.2);
#2696 = AXIS2_PLACEMENT_3D('',#2697,#2698,#2699);
#2697 = CARTESIAN_POINT('',(-0.525,0.925851428922,0.2));
#2698 = DIRECTION('',(-1.,-0.,0.));
#2699 = DIRECTION('',(0.,0.,1.));
#2700 = ORIENTED_EDGE('',*,*,#2644,.F.);
#2701 = ORIENTED_EDGE('',*,*,#2702,.F.);
#2702 = EDGE_CURVE('',#2685,#2645,#2703,.T.);
#2703 = CIRCLE('',#2704,0.2);
#2704 = AXIS2_PLACEMENT_3D('',#2705,#2706,#2707);
#2705 = CARTESIAN_POINT('',(-0.775,0.925851428922,0.2));
#2706 = DIRECTION('',(-1.,-0.,0.));
#2707 = DIRECTION('',(0.,0.,1.));
#2708 = CYLINDRICAL_SURFACE('',#2709,0.2);
#2709 = AXIS2_PLACEMENT_3D('',#2710,#2711,#2712);
#2710 = CARTESIAN_POINT('',(-0.775,0.925851428922,0.2));
#2711 = DIRECTION('',(1.,0.,0.));
#2712 = DIRECTION('',(0.,0.,-1.));
#2713 = ADVANCED_FACE('',(#2714),#2739,.F.);
#2714 = FACE_BOUND('',#2715,.T.);
#2715 = EDGE_LOOP('',(#2716,#2726,#2732,#2733));
#2716 = ORIENTED_EDGE('',*,*,#2717,.T.);
#2717 = EDGE_CURVE('',#2718,#2720,#2722,.T.);
#2718 = VERTEX_POINT('',#2719);
#2719 = CARTESIAN_POINT('',(-0.775,1.15,-1.084202172486E-16));
#2720 = VERTEX_POINT('',#2721);
#2721 = CARTESIAN_POINT('',(-0.525,1.15,-1.084202172486E-16));
#2722 = LINE('',#2723,#2724);
#2723 = CARTESIAN_POINT('',(-0.775,1.15,-1.084202172486E-16));
#2724 = VECTOR('',#2725,1.);
#2725 = DIRECTION('',(1.,0.,0.));
#2726 = ORIENTED_EDGE('',*,*,#2727,.T.);
#2727 = EDGE_CURVE('',#2720,#2687,#2728,.T.);
#2728 = LINE('',#2729,#2730);
#2729 = CARTESIAN_POINT('',(-0.525,1.15,-1.084202172486E-16));
#2730 = VECTOR('',#2731,1.);
#2731 = DIRECTION('',(0.,-1.,0.));
#2732 = ORIENTED_EDGE('',*,*,#2684,.F.);
#2733 = ORIENTED_EDGE('',*,*,#2734,.F.);
#2734 = EDGE_CURVE('',#2718,#2685,#2735,.T.);
#2735 = LINE('',#2736,#2737);
#2736 = CARTESIAN_POINT('',(-0.775,1.15,-1.084202172486E-16));
#2737 = VECTOR('',#2738,1.);
#2738 = DIRECTION('',(0.,-1.,0.));
#2739 = PLANE('',#2740);
#2740 = AXIS2_PLACEMENT_3D('',#2741,#2742,#2743);
#2741 = CARTESIAN_POINT('',(-0.775,1.15,-1.084202172486E-16));
#2742 = DIRECTION('',(-0.,0.,1.));
#2743 = DIRECTION('',(1.,0.,0.));
#2744 = ADVANCED_FACE('',(#2745),#2770,.F.);
#2745 = FACE_BOUND('',#2746,.T.);
#2746 = EDGE_LOOP('',(#2747,#2757,#2763,#2764));
#2747 = ORIENTED_EDGE('',*,*,#2748,.T.);
#2748 = EDGE_CURVE('',#2749,#2751,#2753,.T.);
#2749 = VERTEX_POINT('',#2750);
#2750 = CARTESIAN_POINT('',(-0.775,1.15,0.15));
#2751 = VERTEX_POINT('',#2752);
#2752 = CARTESIAN_POINT('',(-0.525,1.15,0.15));
#2753 = LINE('',#2754,#2755);
#2754 = CARTESIAN_POINT('',(-0.775,1.15,0.15));
#2755 = VECTOR('',#2756,1.);
#2756 = DIRECTION('',(1.,0.,0.));
#2757 = ORIENTED_EDGE('',*,*,#2758,.T.);
#2758 = EDGE_CURVE('',#2751,#2720,#2759,.T.);
#2759 = LINE('',#2760,#2761);
#2760 = CARTESIAN_POINT('',(-0.525,1.15,0.15));
#2761 = VECTOR('',#2762,1.);
#2762 = DIRECTION('',(0.,0.,-1.));
#2763 = ORIENTED_EDGE('',*,*,#2717,.F.);
#2764 = ORIENTED_EDGE('',*,*,#2765,.F.);
#2765 = EDGE_CURVE('',#2749,#2718,#2766,.T.);
#2766 = LINE('',#2767,#2768);
#2767 = CARTESIAN_POINT('',(-0.775,1.15,0.15));
#2768 = VECTOR('',#2769,1.);
#2769 = DIRECTION('',(0.,0.,-1.));
#2770 = PLANE('',#2771);
#2771 = AXIS2_PLACEMENT_3D('',#2772,#2773,#2774);
#2772 = CARTESIAN_POINT('',(-0.775,1.15,0.15));
#2773 = DIRECTION('',(0.,-1.,0.));
#2774 = DIRECTION('',(0.,-0.,-1.));
#2775 = ADVANCED_FACE('',(#2776),#2801,.T.);
#2776 = FACE_BOUND('',#2777,.T.);
#2777 = EDGE_LOOP('',(#2778,#2788,#2794,#2795));
#2778 = ORIENTED_EDGE('',*,*,#2779,.T.);
#2779 = EDGE_CURVE('',#2780,#2782,#2784,.T.);
#2780 = VERTEX_POINT('',#2781);
#2781 = CARTESIAN_POINT('',(-0.775,0.925851428922,0.15));
#2782 = VERTEX_POINT('',#2783);
#2783 = CARTESIAN_POINT('',(-0.525,0.925851428922,0.15));
#2784 = LINE('',#2785,#2786);
#2785 = CARTESIAN_POINT('',(-0.775,0.925851428922,0.15));
#2786 = VECTOR('',#2787,1.);
#2787 = DIRECTION('',(1.,0.,0.));
#2788 = ORIENTED_EDGE('',*,*,#2789,.F.);
#2789 = EDGE_CURVE('',#2751,#2782,#2790,.T.);
#2790 = LINE('',#2791,#2792);
#2791 = CARTESIAN_POINT('',(-0.525,1.15,0.15));
#2792 = VECTOR('',#2793,1.);
#2793 = DIRECTION('',(0.,-1.,0.));
#2794 = ORIENTED_EDGE('',*,*,#2748,.F.);
#2795 = ORIENTED_EDGE('',*,*,#2796,.T.);
#2796 = EDGE_CURVE('',#2749,#2780,#2797,.T.);
#2797 = LINE('',#2798,#2799);
#2798 = CARTESIAN_POINT('',(-0.775,1.15,0.15));
#2799 = VECTOR('',#2800,1.);
#2800 = DIRECTION('',(0.,-1.,0.));
#2801 = PLANE('',#2802);
#2802 = AXIS2_PLACEMENT_3D('',#2803,#2804,#2805);
#2803 = CARTESIAN_POINT('',(-0.775,1.15,0.15));
#2804 = DIRECTION('',(-0.,0.,1.));
#2805 = DIRECTION('',(1.,0.,0.));
#2806 = ADVANCED_FACE('',(#2807),#2834,.F.);
#2807 = FACE_BOUND('',#2808,.F.);
#2808 = EDGE_LOOP('',(#2809,#2818,#2819,#2828));
#2809 = ORIENTED_EDGE('',*,*,#2810,.T.);
#2810 = EDGE_CURVE('',#2811,#2780,#2813,.T.);
#2811 = VERTEX_POINT('',#2812);
#2812 = CARTESIAN_POINT('',(-0.775,0.876262542047,0.193601383078));
#2813 = CIRCLE('',#2814,5.E-02);
#2814 = AXIS2_PLACEMENT_3D('',#2815,#2816,#2817);
#2815 = CARTESIAN_POINT('',(-0.775,0.925851428922,0.2));
#2816 = DIRECTION('',(1.,0.,0.));
#2817 = DIRECTION('',(0.,0.,-1.));
#2818 = ORIENTED_EDGE('',*,*,#2779,.T.);
#2819 = ORIENTED_EDGE('',*,*,#2820,.F.);
#2820 = EDGE_CURVE('',#2821,#2782,#2823,.T.);
#2821 = VERTEX_POINT('',#2822);
#2822 = CARTESIAN_POINT('',(-0.525,0.876262542047,0.193601383078));
#2823 = CIRCLE('',#2824,5.E-02);
#2824 = AXIS2_PLACEMENT_3D('',#2825,#2826,#2827);
#2825 = CARTESIAN_POINT('',(-0.525,0.925851428922,0.2));
#2826 = DIRECTION('',(1.,0.,0.));
#2827 = DIRECTION('',(0.,0.,-1.));
#2828 = ORIENTED_EDGE('',*,*,#2829,.F.);
#2829 = EDGE_CURVE('',#2811,#2821,#2830,.T.);
#2830 = LINE('',#2831,#2832);
#2831 = CARTESIAN_POINT('',(-0.775,0.876262542047,0.193601383078));
#2832 = VECTOR('',#2833,1.);
#2833 = DIRECTION('',(1.,0.,0.));
#2834 = CYLINDRICAL_SURFACE('',#2835,5.E-02);
#2835 = AXIS2_PLACEMENT_3D('',#2836,#2837,#2838);
#2836 = CARTESIAN_POINT('',(-0.775,0.925851428922,0.2));
#2837 = DIRECTION('',(1.,0.,0.));
#2838 = DIRECTION('',(0.,0.,-1.));
#2839 = ADVANCED_FACE('',(#2840),#2865,.F.);
#2840 = FACE_BOUND('',#2841,.T.);
#2841 = EDGE_LOOP('',(#2842,#2852,#2858,#2859));
#2842 = ORIENTED_EDGE('',*,*,#2843,.T.);
#2843 = EDGE_CURVE('',#2844,#2846,#2848,.T.);
#2844 = VERTEX_POINT('',#2845);
#2845 = CARTESIAN_POINT('',(-0.775,0.826972719885,0.575594467688));
#2846 = VERTEX_POINT('',#2847);
#2847 = CARTESIAN_POINT('',(-0.525,0.826972719885,0.575594467688));
#2848 = LINE('',#2849,#2850);
#2849 = CARTESIAN_POINT('',(-0.775,0.826972719885,0.575594467688));
#2850 = VECTOR('',#2851,1.);
#2851 = DIRECTION('',(1.,0.,0.));
#2852 = ORIENTED_EDGE('',*,*,#2853,.T.);
#2853 = EDGE_CURVE('',#2846,#2821,#2854,.T.);
#2854 = LINE('',#2855,#2856);
#2855 = CARTESIAN_POINT('',(-0.525,0.826972719885,0.575594467688));
#2856 = VECTOR('',#2857,1.);
#2857 = DIRECTION('',(0.,0.127972338441,-0.991777737497));
#2858 = ORIENTED_EDGE('',*,*,#2829,.F.);
#2859 = ORIENTED_EDGE('',*,*,#2860,.F.);
#2860 = EDGE_CURVE('',#2844,#2811,#2861,.T.);
#2861 = LINE('',#2862,#2863);
#2862 = CARTESIAN_POINT('',(-0.775,0.826972719885,0.575594467688));
#2863 = VECTOR('',#2864,1.);
#2864 = DIRECTION('',(0.,0.127972338441,-0.991777737497));
#2865 = PLANE('',#2866);
#2866 = AXIS2_PLACEMENT_3D('',#2867,#2868,#2869);
#2867 = CARTESIAN_POINT('',(-0.775,0.826972719885,0.575594467688));
#2868 = DIRECTION('',(0.,-0.991777737497,-0.127972338441));
#2869 = DIRECTION('',(0.,0.127972338441,-0.991777737497));
#2870 = ADVANCED_FACE('',(#2871),#2898,.T.);
#2871 = FACE_BOUND('',#2872,.T.);
#2872 = EDGE_LOOP('',(#2873,#2883,#2890,#2891));
#2873 = ORIENTED_EDGE('',*,*,#2874,.T.);
#2874 = EDGE_CURVE('',#2875,#2877,#2879,.T.);
#2875 = VERTEX_POINT('',#2876);
#2876 = CARTESIAN_POINT('',(-0.775,0.628617172386,0.75));
#2877 = VERTEX_POINT('',#2878);
#2878 = CARTESIAN_POINT('',(-0.525,0.628617172386,0.75));
#2879 = LINE('',#2880,#2881);
#2880 = CARTESIAN_POINT('',(-0.775,0.628617172386,0.75));
#2881 = VECTOR('',#2882,1.);
#2882 = DIRECTION('',(1.,0.,0.));
#2883 = ORIENTED_EDGE('',*,*,#2884,.F.);
#2884 = EDGE_CURVE('',#2846,#2877,#2885,.T.);
#2885 = CIRCLE('',#2886,0.2);
#2886 = AXIS2_PLACEMENT_3D('',#2887,#2888,#2889);
#2887 = CARTESIAN_POINT('',(-0.525,0.628617172386,0.55));
#2888 = DIRECTION('',(1.,0.,0.));
#2889 = DIRECTION('',(0.,0.,-1.));
#2890 = ORIENTED_EDGE('',*,*,#2843,.F.);
#2891 = ORIENTED_EDGE('',*,*,#2892,.T.);
#2892 = EDGE_CURVE('',#2844,#2875,#2893,.T.);
#2893 = CIRCLE('',#2894,0.2);
#2894 = AXIS2_PLACEMENT_3D('',#2895,#2896,#2897);
#2895 = CARTESIAN_POINT('',(-0.775,0.628617172386,0.55));
#2896 = DIRECTION('',(1.,0.,0.));
#2897 = DIRECTION('',(0.,0.,-1.));
#2898 = CYLINDRICAL_SURFACE('',#2899,0.2);
#2899 = AXIS2_PLACEMENT_3D('',#2900,#2901,#2902);
#2900 = CARTESIAN_POINT('',(-0.775,0.628617172386,0.55));
#2901 = DIRECTION('',(1.,0.,0.));
#2902 = DIRECTION('',(0.,0.,-1.));
#2903 = ADVANCED_FACE('',(#2904),#2936,.F.);
#2904 = FACE_BOUND('',#2905,.T.);
#2905 = EDGE_LOOP('',(#2906,#2912,#2913,#2921,#2928,#2929,#2930,#2931,
    #2932,#2933,#2934,#2935));
#2906 = ORIENTED_EDGE('',*,*,#2907,.F.);
#2907 = EDGE_CURVE('',#627,#2877,#2908,.T.);
#2908 = LINE('',#2909,#2910);
#2909 = CARTESIAN_POINT('',(-0.525,0.55,0.75));
#2910 = VECTOR('',#2911,1.);
#2911 = DIRECTION('',(0.,1.,0.));
#2912 = ORIENTED_EDGE('',*,*,#626,.T.);
#2913 = ORIENTED_EDGE('',*,*,#2914,.F.);
#2914 = EDGE_CURVE('',#2915,#431,#2917,.T.);
#2915 = VERTEX_POINT('',#2916);
#2916 = CARTESIAN_POINT('',(-0.525,0.628617172386,0.6));
#2917 = LINE('',#2918,#2919);
#2918 = CARTESIAN_POINT('',(-0.525,0.628617172386,0.6));
#2919 = VECTOR('',#2920,1.);
#2920 = DIRECTION('',(0.,-1.,1.3790907757E-15));
#2921 = ORIENTED_EDGE('',*,*,#2922,.T.);
#2922 = EDGE_CURVE('',#2915,#2655,#2923,.T.);
#2923 = CIRCLE('',#2924,5.E-02);
#2924 = AXIS2_PLACEMENT_3D('',#2925,#2926,#2927);
#2925 = CARTESIAN_POINT('',(-0.525,0.628617172386,0.55));
#2926 = DIRECTION('',(-1.,-0.,0.));
#2927 = DIRECTION('',(0.,0.,1.));
#2928 = ORIENTED_EDGE('',*,*,#2654,.T.);
#2929 = ORIENTED_EDGE('',*,*,#2694,.F.);
#2930 = ORIENTED_EDGE('',*,*,#2727,.F.);
#2931 = ORIENTED_EDGE('',*,*,#2758,.F.);
#2932 = ORIENTED_EDGE('',*,*,#2789,.T.);
#2933 = ORIENTED_EDGE('',*,*,#2820,.F.);
#2934 = ORIENTED_EDGE('',*,*,#2853,.F.);
#2935 = ORIENTED_EDGE('',*,*,#2884,.T.);
#2936 = PLANE('',#2937);
#2937 = AXIS2_PLACEMENT_3D('',#2938,#2939,#2940);
#2938 = CARTESIAN_POINT('',(-0.525,0.628617172386,0.55));
#2939 = DIRECTION('',(-1.,-0.,0.));
#2940 = DIRECTION('',(0.,0.,1.));
#2941 = ADVANCED_FACE('',(#2942),#2961,.F.);
#2942 = FACE_BOUND('',#2943,.F.);
#2943 = EDGE_LOOP('',(#2944,#2953,#2959,#2960));
#2944 = ORIENTED_EDGE('',*,*,#2945,.F.);
#2945 = EDGE_CURVE('',#2946,#2663,#2948,.T.);
#2946 = VERTEX_POINT('',#2947);
#2947 = CARTESIAN_POINT('',(-0.775,0.628617172386,0.6));
#2948 = CIRCLE('',#2949,5.E-02);
#2949 = AXIS2_PLACEMENT_3D('',#2950,#2951,#2952);
#2950 = CARTESIAN_POINT('',(-0.775,0.628617172386,0.55));
#2951 = DIRECTION('',(-1.,-0.,0.));
#2952 = DIRECTION('',(0.,0.,1.));
#2953 = ORIENTED_EDGE('',*,*,#2954,.T.);
#2954 = EDGE_CURVE('',#2946,#2915,#2955,.T.);
#2955 = LINE('',#2956,#2957);
#2956 = CARTESIAN_POINT('',(-0.775,0.628617172386,0.6));
#2957 = VECTOR('',#2958,1.);
#2958 = DIRECTION('',(1.,0.,0.));
#2959 = ORIENTED_EDGE('',*,*,#2922,.T.);
#2960 = ORIENTED_EDGE('',*,*,#2662,.F.);
#2961 = CYLINDRICAL_SURFACE('',#2962,5.E-02);
#2962 = AXIS2_PLACEMENT_3D('',#2963,#2964,#2965);
#2963 = CARTESIAN_POINT('',(-0.775,0.628617172386,0.55));
#2964 = DIRECTION('',(1.,0.,0.));
#2965 = DIRECTION('',(0.,0.,-1.));
#2966 = ADVANCED_FACE('',(#2967),#2991,.T.);
#2967 = FACE_BOUND('',#2968,.T.);
#2968 = EDGE_LOOP('',(#2969,#2970,#2976,#2977,#2978,#2979,#2980,#2981,
    #2982,#2983,#2984,#2985));
#2969 = ORIENTED_EDGE('',*,*,#642,.F.);
#2970 = ORIENTED_EDGE('',*,*,#2971,.T.);
#2971 = EDGE_CURVE('',#635,#2875,#2972,.T.);
#2972 = LINE('',#2973,#2974);
#2973 = CARTESIAN_POINT('',(-0.775,0.55,0.75));
#2974 = VECTOR('',#2975,1.);
#2975 = DIRECTION('',(0.,1.,0.));
#2976 = ORIENTED_EDGE('',*,*,#2892,.F.);
#2977 = ORIENTED_EDGE('',*,*,#2860,.T.);
#2978 = ORIENTED_EDGE('',*,*,#2810,.T.);
#2979 = ORIENTED_EDGE('',*,*,#2796,.F.);
#2980 = ORIENTED_EDGE('',*,*,#2765,.T.);
#2981 = ORIENTED_EDGE('',*,*,#2734,.T.);
#2982 = ORIENTED_EDGE('',*,*,#2702,.T.);
#2983 = ORIENTED_EDGE('',*,*,#2670,.F.);
#2984 = ORIENTED_EDGE('',*,*,#2945,.F.);
#2985 = ORIENTED_EDGE('',*,*,#2986,.T.);
#2986 = EDGE_CURVE('',#2946,#423,#2987,.T.);
#2987 = LINE('',#2988,#2989);
#2988 = CARTESIAN_POINT('',(-0.775,0.628617172386,0.6));
#2989 = VECTOR('',#2990,1.);
#2990 = DIRECTION('',(0.,-1.,1.3790907757E-15));
#2991 = PLANE('',#2992);
#2992 = AXIS2_PLACEMENT_3D('',#2993,#2994,#2995);
#2993 = CARTESIAN_POINT('',(-0.775,0.628617172386,0.55));
#2994 = DIRECTION('',(-1.,-0.,0.));
#2995 = DIRECTION('',(0.,0.,1.));
#2996 = ADVANCED_FACE('',(#2997),#3003,.F.);
#2997 = FACE_BOUND('',#2998,.T.);
#2998 = EDGE_LOOP('',(#2999,#3000,#3001,#3002));
#2999 = ORIENTED_EDGE('',*,*,#2971,.F.);
#3000 = ORIENTED_EDGE('',*,*,#634,.T.);
#3001 = ORIENTED_EDGE('',*,*,#2907,.T.);
#3002 = ORIENTED_EDGE('',*,*,#2874,.F.);
#3003 = PLANE('',#3004);
#3004 = AXIS2_PLACEMENT_3D('',#3005,#3006,#3007);
#3005 = CARTESIAN_POINT('',(-0.775,0.55,0.75));
#3006 = DIRECTION('',(0.,0.,-1.));
#3007 = DIRECTION('',(-1.,0.,-0.));
#3008 = ADVANCED_FACE('',(#3009),#3015,.F.);
#3009 = FACE_BOUND('',#3010,.T.);
#3010 = EDGE_LOOP('',(#3011,#3012,#3013,#3014));
#3011 = ORIENTED_EDGE('',*,*,#2914,.T.);
#3012 = ORIENTED_EDGE('',*,*,#430,.T.);
#3013 = ORIENTED_EDGE('',*,*,#2986,.F.);
#3014 = ORIENTED_EDGE('',*,*,#2954,.T.);
#3015 = PLANE('',#3016);
#3016 = AXIS2_PLACEMENT_3D('',#3017,#3018,#3019);
#3017 = CARTESIAN_POINT('',(-0.775,0.628617172386,0.6));
#3018 = DIRECTION('',(-0.,1.3790907757E-15,1.));
#3019 = DIRECTION('',(0.,-1.,1.3790907757E-15));
#3020 = ADVANCED_FACE('',(#3021),#3033,.T.);
#3021 = FACE_BOUND('',#3022,.T.);
#3022 = EDGE_LOOP('',(#3023,#3024,#3025,#3032));
#3023 = ORIENTED_EDGE('',*,*,#729,.F.);
#3024 = ORIENTED_EDGE('',*,*,#680,.F.);
#3025 = ORIENTED_EDGE('',*,*,#3026,.F.);
#3026 = EDGE_CURVE('',#163,#375,#3027,.T.);
#3027 = ( BOUNDED_CURVE() B_SPLINE_CURVE(3,(#3028,#3029,#3030,#3031),
.UNSPECIFIED.,.F.,.F.) B_SPLINE_CURVE_WITH_KNOTS((4,4),(5.531305892885,
7.035064721475),.PIECEWISE_BEZIER_KNOTS.) CURVE() 
GEOMETRIC_REPRESENTATION_ITEM() RATIONAL_B_SPLINE_CURVE((1.,
0.820270997176,0.820270997176,1.)) REPRESENTATION_ITEM('') );
#3028 = CARTESIAN_POINT('',(-0.953407417371,-0.625,0.6));
#3029 = CARTESIAN_POINT('',(-1.010747694782,-0.625,0.6));
#3030 = CARTESIAN_POINT('',(-1.05,-0.585747694782,0.6));
#3031 = CARTESIAN_POINT('',(-1.05,-0.528407417371,0.6));
#3032 = ORIENTED_EDGE('',*,*,#162,.F.);
#3033 = CYLINDRICAL_SURFACE('',#3034,1.E-01);
#3034 = AXIS2_PLACEMENT_3D('',#3035,#3036,#3037);
#3035 = CARTESIAN_POINT('',(-0.959471665876,-0.534471665876,
    0.551486011959));
#3036 = DIRECTION('',(-0.250562807086,-0.250562807086,-0.935113126531));
#3037 = DIRECTION('',(-0.965925826289,-3.469446951954E-17,0.258819045103
    ));
#3038 = ADVANCED_FACE('',(#3039),#3045,.T.);
#3039 = FACE_BOUND('',#3040,.T.);
#3040 = EDGE_LOOP('',(#3041,#3042,#3043,#3044));
#3041 = ORIENTED_EDGE('',*,*,#493,.F.);
#3042 = ORIENTED_EDGE('',*,*,#313,.F.);
#3043 = ORIENTED_EDGE('',*,*,#3026,.T.);
#3044 = ORIENTED_EDGE('',*,*,#374,.F.);
#3045 = CYLINDRICAL_SURFACE('',#3046,0.1);
#3046 = AXIS2_PLACEMENT_3D('',#3047,#3048,#3049);
#3047 = CARTESIAN_POINT('',(-0.880994515508,-0.455994515508,
    0.355633275633));
#3048 = DIRECTION('',(-0.250562807086,-0.250562807086,0.935113126531));
#3049 = DIRECTION('',(0.965925826289,-3.469446951954E-17,0.258819045103)
  );
#3050 = ADVANCED_FACE('',(#3051),#3063,.T.);
#3051 = FACE_BOUND('',#3052,.T.);
#3052 = EDGE_LOOP('',(#3053,#3054,#3055,#3062));
#3053 = ORIENTED_EDGE('',*,*,#721,.F.);
#3054 = ORIENTED_EDGE('',*,*,#649,.F.);
#3055 = ORIENTED_EDGE('',*,*,#3056,.F.);
#3056 = EDGE_CURVE('',#383,#415,#3057,.T.);
#3057 = ( BOUNDED_CURVE() B_SPLINE_CURVE(3,(#3058,#3059,#3060,#3061),
.UNSPECIFIED.,.F.,.F.) B_SPLINE_CURVE_WITH_KNOTS((4,4),(5.531305892885,
7.035064721475),.PIECEWISE_BEZIER_KNOTS.) CURVE() 
GEOMETRIC_REPRESENTATION_ITEM() RATIONAL_B_SPLINE_CURVE((1.,
0.820270997176,0.820270997176,1.)) REPRESENTATION_ITEM('') );
#3058 = CARTESIAN_POINT('',(-1.05,0.528407417371,0.6));
#3059 = CARTESIAN_POINT('',(-1.05,0.585747694782,0.6));
#3060 = CARTESIAN_POINT('',(-1.010747694782,0.625,0.6));
#3061 = CARTESIAN_POINT('',(-0.953407417371,0.625,0.6));
#3062 = ORIENTED_EDGE('',*,*,#673,.F.);
#3063 = CYLINDRICAL_SURFACE('',#3064,1.E-01);
#3064 = AXIS2_PLACEMENT_3D('',#3065,#3066,#3067);
#3065 = CARTESIAN_POINT('',(-0.959471665876,0.534471665876,
    0.551486011959));
#3066 = DIRECTION('',(-0.250562807086,0.250562807086,-0.935113126531));
#3067 = DIRECTION('',(-0.965925826289,3.469446951954E-17,0.258819045103)
  );
#3068 = ADVANCED_FACE('',(#3069),#3075,.T.);
#3069 = FACE_BOUND('',#3070,.T.);
#3070 = EDGE_LOOP('',(#3071,#3072,#3073,#3074));
#3071 = ORIENTED_EDGE('',*,*,#501,.F.);
#3072 = ORIENTED_EDGE('',*,*,#390,.F.);
#3073 = ORIENTED_EDGE('',*,*,#3056,.T.);
#3074 = ORIENTED_EDGE('',*,*,#414,.F.);
#3075 = CYLINDRICAL_SURFACE('',#3076,1.E-01);
#3076 = AXIS2_PLACEMENT_3D('',#3077,#3078,#3079);
#3077 = CARTESIAN_POINT('',(-0.959471665876,0.534471665876,
    0.648513988041));
#3078 = DIRECTION('',(-0.250562807086,0.250562807086,0.935113126531));
#3079 = DIRECTION('',(0.965925826289,-3.469446951954E-17,0.258819045103)
  );
#3080 = ADVANCED_FACE('',(#3081),#3093,.T.);
#3081 = FACE_BOUND('',#3082,.T.);
#3082 = EDGE_LOOP('',(#3083,#3084,#3085,#3092));
#3083 = ORIENTED_EDGE('',*,*,#713,.F.);
#3084 = ORIENTED_EDGE('',*,*,#549,.F.);
#3085 = ORIENTED_EDGE('',*,*,#3086,.F.);
#3086 = EDGE_CURVE('',#471,#283,#3087,.T.);
#3087 = ( BOUNDED_CURVE() B_SPLINE_CURVE(3,(#3088,#3089,#3090,#3091),
.UNSPECIFIED.,.F.,.F.) B_SPLINE_CURVE_WITH_KNOTS((4,4),(5.531305892885,
7.035064721475),.PIECEWISE_BEZIER_KNOTS.) CURVE() 
GEOMETRIC_REPRESENTATION_ITEM() RATIONAL_B_SPLINE_CURVE((1.,
0.820270997176,0.820270997176,1.)) REPRESENTATION_ITEM('') );
#3088 = CARTESIAN_POINT('',(0.953407417371,0.625,0.6));
#3089 = CARTESIAN_POINT('',(1.010747694782,0.625,0.6));
#3090 = CARTESIAN_POINT('',(1.05,0.585747694782,0.6));
#3091 = CARTESIAN_POINT('',(1.05,0.528407417371,0.6));
#3092 = ORIENTED_EDGE('',*,*,#573,.F.);
#3093 = CYLINDRICAL_SURFACE('',#3094,0.1);
#3094 = AXIS2_PLACEMENT_3D('',#3095,#3096,#3097);
#3095 = CARTESIAN_POINT('',(0.827630053257,0.402630053257,1.043525608804
    ));
#3096 = DIRECTION('',(0.250562807086,0.250562807086,-0.935113126531));
#3097 = DIRECTION('',(-0.965925826289,2.844946500602E-16,-0.258819045103
    ));
#3098 = ADVANCED_FACE('',(#3099),#3105,.T.);
#3099 = FACE_BOUND('',#3100,.T.);
#3100 = EDGE_LOOP('',(#3101,#3102,#3103,#3104));
#3101 = ORIENTED_EDGE('',*,*,#509,.F.);
#3102 = ORIENTED_EDGE('',*,*,#478,.F.);
#3103 = ORIENTED_EDGE('',*,*,#3086,.T.);
#3104 = ORIENTED_EDGE('',*,*,#282,.F.);
#3105 = CYLINDRICAL_SURFACE('',#3106,1.E-01);
#3106 = AXIS2_PLACEMENT_3D('',#3107,#3108,#3109);
#3107 = CARTESIAN_POINT('',(0.959471665876,0.534471665876,0.648513988041
    ));
#3108 = DIRECTION('',(0.250562807086,0.250562807086,0.935113126531));
#3109 = DIRECTION('',(0.965925826289,3.469446951954E-17,-0.258819045103)
  );
#3110 = ADVANCED_FACE('',(#3111),#3123,.T.);
#3111 = FACE_BOUND('',#3112,.T.);
#3112 = EDGE_LOOP('',(#3113,#3114,#3115,#3122));
#3113 = ORIENTED_EDGE('',*,*,#705,.F.);
#3114 = ORIENTED_EDGE('',*,*,#146,.F.);
#3115 = ORIENTED_EDGE('',*,*,#3116,.F.);
#3116 = EDGE_CURVE('',#291,#139,#3117,.T.);
#3117 = ( BOUNDED_CURVE() B_SPLINE_CURVE(3,(#3118,#3119,#3120,#3121),
.UNSPECIFIED.,.F.,.F.) B_SPLINE_CURVE_WITH_KNOTS((4,4),(5.531305892885,
7.035064721475),.PIECEWISE_BEZIER_KNOTS.) CURVE() 
GEOMETRIC_REPRESENTATION_ITEM() RATIONAL_B_SPLINE_CURVE((1.,
0.820270997176,0.820270997176,1.)) REPRESENTATION_ITEM('') );
#3118 = CARTESIAN_POINT('',(1.05,-0.528407417371,0.6));
#3119 = CARTESIAN_POINT('',(1.05,-0.585747694782,0.6));
#3120 = CARTESIAN_POINT('',(1.010747694782,-0.625,0.6));
#3121 = CARTESIAN_POINT('',(0.953407417371,-0.625,0.6));
#3122 = ORIENTED_EDGE('',*,*,#542,.F.);
#3123 = CYLINDRICAL_SURFACE('',#3124,0.1);
#3124 = AXIS2_PLACEMENT_3D('',#3125,#3126,#3127);
#3125 = CARTESIAN_POINT('',(0.880994515508,-0.455994515508,
    0.844366724367));
#3126 = DIRECTION('',(0.250562807086,-0.250562807086,-0.935113126531));
#3127 = DIRECTION('',(-0.965925826289,-3.469446951954E-17,
    -0.258819045103));
#3128 = ADVANCED_FACE('',(#3129),#3135,.T.);
#3129 = FACE_BOUND('',#3130,.T.);
#3130 = EDGE_LOOP('',(#3131,#3132,#3133,#3134));
#3131 = ORIENTED_EDGE('',*,*,#517,.F.);
#3132 = ORIENTED_EDGE('',*,*,#298,.F.);
#3133 = ORIENTED_EDGE('',*,*,#3116,.T.);
#3134 = ORIENTED_EDGE('',*,*,#329,.F.);
#3135 = CYLINDRICAL_SURFACE('',#3136,0.1);
#3136 = AXIS2_PLACEMENT_3D('',#3137,#3138,#3139);
#3137 = CARTESIAN_POINT('',(0.827630053257,-0.402630053257,
    0.156474391196));
#3138 = DIRECTION('',(0.250562807086,-0.250562807086,0.935113126531));
#3139 = DIRECTION('',(0.965925826289,3.469446951954E-17,-0.258819045103)
  );
#3140 = ADVANCED_FACE('',(#3141),#3153,.F.);
#3141 = FACE_BOUND('',#3142,.F.);
#3142 = EDGE_LOOP('',(#3143,#3144,#3145,#3152));
#3143 = ORIENTED_EDGE('',*,*,#694,.F.);
#3144 = ORIENTED_EDGE('',*,*,#94,.F.);
#3145 = ORIENTED_EDGE('',*,*,#3146,.T.);
#3146 = EDGE_CURVE('',#95,#114,#3147,.T.);
#3147 = CIRCLE('',#3148,1.E-01);
#3148 = AXIS2_PLACEMENT_3D('',#3149,#3150,#3151);
#3149 = CARTESIAN_POINT('',(-0.699748739564,-0.257664745789,0.95));
#3150 = DIRECTION('',(0.,0.,1.));
#3151 = DIRECTION('',(1.,0.,-0.));
#3152 = ORIENTED_EDGE('',*,*,#113,.T.);
#3153 = CONICAL_SURFACE('',#3154,0.15,0.785398163397);
#3154 = AXIS2_PLACEMENT_3D('',#3155,#3156,#3157);
#3155 = CARTESIAN_POINT('',(-0.699748739564,-0.257664745789,1.));
#3156 = DIRECTION('',(-0.,-0.,1.));
#3157 = DIRECTION('',(1.,0.,0.));
#3158 = ADVANCED_FACE('',(#3159),#3163,.T.);
#3159 = FACE_BOUND('',#3160,.T.);
#3160 = EDGE_LOOP('',(#3161,#3162));
#3161 = ORIENTED_EDGE('',*,*,#3146,.T.);
#3162 = ORIENTED_EDGE('',*,*,#121,.T.);
#3163 = PLANE('',#3164);
#3164 = AXIS2_PLACEMENT_3D('',#3165,#3166,#3167);
#3165 = CARTESIAN_POINT('',(-0.699748739564,-0.257664745789,0.95));
#3166 = DIRECTION('',(0.,0.,1.));
#3167 = DIRECTION('',(1.,0.,-0.));
#3168 = ( GEOMETRIC_REPRESENTATION_CONTEXT(3) 
GLOBAL_UNCERTAINTY_ASSIGNED_CONTEXT((#3172)) 
GLOBAL_UNIT_ASSIGNED_CONTEXT((#3169,#3170,#3171)) REPRESENTATION_CONTEXT
('Context #1','3D Context with UNIT and UNCERTAINTY') );
#3169 = ( LENGTH_UNIT() NAMED_UNIT(*) SI_UNIT(.MILLI.,.METRE.) );
#3170 = ( NAMED_UNIT(*) PLANE_ANGLE_UNIT() SI_UNIT($,.RADIAN.) );
#3171 = ( NAMED_UNIT(*) SI_UNIT($,.STERADIAN.) SOLID_ANGLE_UNIT() );
#3172 = UNCERTAINTY_MEASURE_WITH_UNIT(LENGTH_MEASURE(1.E-07),#3169,
  'distance_accuracy_value','confusion accuracy');
#3173 = CONTEXT_DEPENDENT_SHAPE_REPRESENTATION(#3174,#3176);
#3174 = ( REPRESENTATION_RELATIONSHIP('','',#87,#64) 
REPRESENTATION_RELATIONSHIP_WITH_TRANSFORMATION(#3175) 
SHAPE_REPRESENTATION_RELATIONSHIP() );
#3175 = ITEM_DEFINED_TRANSFORMATION('','',#11,#65);
#3176 = PRODUCT_DEFINITION_SHAPE('Placement','Placement of an item',
  #3177);
#3177 = NEXT_ASSEMBLY_USAGE_OCCURRENCE('1','=>[0:1:1:3]','',#59,#82,$);
#3178 = PRODUCT_RELATED_PRODUCT_CATEGORY('part',$,(#84));
#3179 = SHAPE_DEFINITION_REPRESENTATION(#3180,#3186);
#3180 = PRODUCT_DEFINITION_SHAPE('','',#3181);
#3181 = PRODUCT_DEFINITION('design','',#3182,#3185);
#3182 = PRODUCT_DEFINITION_FORMATION('','',#3183);
#3183 = PRODUCT('0603R','0603R','',(#3184));
#3184 = PRODUCT_CONTEXT('',#2,'mechanical');
#3185 = PRODUCT_DEFINITION_CONTEXT('part definition',#2,'design');
#3186 = SHAPE_REPRESENTATION('',(#11,#3187),#3191);
#3187 = AXIS2_PLACEMENT_3D('',#3188,#3189,#3190);
#3188 = CARTESIAN_POINT('',(0.,0.,0.));
#3189 = DIRECTION('',(0.,0.,1.));
#3190 = DIRECTION('',(1.,0.,-0.));
#3191 = ( GEOMETRIC_REPRESENTATION_CONTEXT(3) 
GLOBAL_UNCERTAINTY_ASSIGNED_CONTEXT((#3195)) 
GLOBAL_UNIT_ASSIGNED_CONTEXT((#3192,#3193,#3194)) REPRESENTATION_CONTEXT
('Context #1','3D Context with UNIT and UNCERTAINTY') );
#3192 = ( LENGTH_UNIT() NAMED_UNIT(*) SI_UNIT(.MILLI.,.METRE.) );
#3193 = ( NAMED_UNIT(*) PLANE_ANGLE_UNIT() SI_UNIT($,.RADIAN.) );
#3194 = ( NAMED_UNIT(*) SI_UNIT($,.STERADIAN.) SOLID_ANGLE_UNIT() );
#3195 = UNCERTAINTY_MEASURE_WITH_UNIT(LENGTH_MEASURE(2.E-05),#3192,
  'distance_accuracy_value','confusion accuracy');
#3196 = CONTEXT_DEPENDENT_SHAPE_REPRESENTATION(#3197,#3199);
#3197 = ( REPRESENTATION_RELATIONSHIP('','',#3186,#10) 
REPRESENTATION_RELATIONSHIP_WITH_TRANSFORMATION(#3198) 
SHAPE_REPRESENTATION_RELATIONSHIP() );
#3198 = ITEM_DEFINED_TRANSFORMATION('','',#11,#19);
#3199 = PRODUCT_DEFINITION_SHAPE('Placement','Placement of an item',
  #3200);
#3200 = NEXT_ASSEMBLY_USAGE_OCCURRENCE('4','R1','',#5,#3181,$);
#3201 = PRODUCT_RELATED_PRODUCT_CATEGORY('part',$,(#3183));
#3202 = SHAPE_DEFINITION_REPRESENTATION(#3203,#3209);
#3203 = PRODUCT_DEFINITION_SHAPE('','',#3204);
#3204 = PRODUCT_DEFINITION('design','',#3205,#3208);
#3205 = PRODUCT_DEFINITION_FORMATION('','',#3206);
#3206 = PRODUCT('User Library-R0603-1','User Library-R0603-1','',(#3207)
  );
#3207 = PRODUCT_CONTEXT('',#2,'mechanical');
#3208 = PRODUCT_DEFINITION_CONTEXT('part definition',#2,'design');
#3209 = ADVANCED_BREP_SHAPE_REPRESENTATION('',(#11,#3210),#5048);
#3210 = MANIFOLD_SOLID_BREP('',#3211);
#3211 = CLOSED_SHELL('',(#3212,#3252,#3292,#3374,#3414,#3472,#3512,#3594
    ,#3634,#3692,#3732,#3772,#3812,#3834,#3892,#3925,#3990,#4023,#4088,
    #4121,#4186,#4219,#4284,#4314,#4344,#4356,#4368,#4392,#4416,#4440,
    #4464,#4480,#4526,#4542,#4588,#4620,#4638,#4655,#4673,#4690,#4703,
    #4735,#4753,#4770,#4788,#4805,#4818,#4850,#4868,#4885,#4903,#4920,
    #4933,#4965,#4983,#5000,#5018,#5035));
#3212 = ADVANCED_FACE('',(#3213),#3247,.F.);
#3213 = FACE_BOUND('',#3214,.T.);
#3214 = EDGE_LOOP('',(#3215,#3225,#3233,#3241));
#3215 = ORIENTED_EDGE('',*,*,#3216,.T.);
#3216 = EDGE_CURVE('',#3217,#3219,#3221,.T.);
#3217 = VERTEX_POINT('',#3218);
#3218 = CARTESIAN_POINT('',(0.8,0.431159223263,-0.37));
#3219 = VERTEX_POINT('',#3220);
#3220 = CARTESIAN_POINT('',(0.8,0.431159223263,0.37));
#3221 = LINE('',#3222,#3223);
#3222 = CARTESIAN_POINT('',(0.8,0.431159223263,0.39));
#3223 = VECTOR('',#3224,1.);
#3224 = DIRECTION('',(-0.,-0.,1.));
#3225 = ORIENTED_EDGE('',*,*,#3226,.T.);
#3226 = EDGE_CURVE('',#3219,#3227,#3229,.T.);
#3227 = VERTEX_POINT('',#3228);
#3228 = CARTESIAN_POINT('',(0.8,0.366385174434,0.37));
#3229 = LINE('',#3230,#3231);
#3230 = CARTESIAN_POINT('',(0.8,0.451159223263,0.37));
#3231 = VECTOR('',#3232,1.);
#3232 = DIRECTION('',(-0.,-1.,-0.));
#3233 = ORIENTED_EDGE('',*,*,#3234,.F.);
#3234 = EDGE_CURVE('',#3235,#3227,#3237,.T.);
#3235 = VERTEX_POINT('',#3236);
#3236 = CARTESIAN_POINT('',(0.8,0.366385174434,-0.37));
#3237 = LINE('',#3238,#3239);
#3238 = CARTESIAN_POINT('',(0.8,0.366385174434,-0.39));
#3239 = VECTOR('',#3240,1.);
#3240 = DIRECTION('',(0.,0.,1.));
#3241 = ORIENTED_EDGE('',*,*,#3242,.T.);
#3242 = EDGE_CURVE('',#3235,#3217,#3243,.T.);
#3243 = LINE('',#3244,#3245);
#3244 = CARTESIAN_POINT('',(0.8,0.431159223263,-0.37));
#3245 = VECTOR('',#3246,1.);
#3246 = DIRECTION('',(-0.,1.,-0.));
#3247 = PLANE('',#3248);
#3248 = AXIS2_PLACEMENT_3D('',#3249,#3250,#3251);
#3249 = CARTESIAN_POINT('',(0.8,0.451159223263,0.4));
#3250 = DIRECTION('',(-1.,0.,0.));
#3251 = DIRECTION('',(0.,0.,1.));
#3252 = ADVANCED_FACE('',(#3253),#3287,.T.);
#3253 = FACE_BOUND('',#3254,.T.);
#3254 = EDGE_LOOP('',(#3255,#3265,#3273,#3281));
#3255 = ORIENTED_EDGE('',*,*,#3256,.T.);
#3256 = EDGE_CURVE('',#3257,#3259,#3261,.T.);
#3257 = VERTEX_POINT('',#3258);
#3258 = CARTESIAN_POINT('',(-0.52,0.451159223263,0.37));
#3259 = VERTEX_POINT('',#3260);
#3260 = CARTESIAN_POINT('',(-0.52,0.451159223263,-0.37));
#3261 = LINE('',#3262,#3263);
#3262 = CARTESIAN_POINT('',(-0.52,0.451159223263,-0.39));
#3263 = VECTOR('',#3264,1.);
#3264 = DIRECTION('',(-1.355252715607E-16,0.,-1.));
#3265 = ORIENTED_EDGE('',*,*,#3266,.T.);
#3266 = EDGE_CURVE('',#3259,#3267,#3269,.T.);
#3267 = VERTEX_POINT('',#3268);
#3268 = CARTESIAN_POINT('',(-0.78,0.451159223263,-0.37));
#3269 = LINE('',#3270,#3271);
#3270 = CARTESIAN_POINT('',(-0.78,0.451159223263,-0.37));
#3271 = VECTOR('',#3272,1.);
#3272 = DIRECTION('',(-1.,-0.,1.807003620809E-16));
#3273 = ORIENTED_EDGE('',*,*,#3274,.T.);
#3274 = EDGE_CURVE('',#3267,#3275,#3277,.T.);
#3275 = VERTEX_POINT('',#3276);
#3276 = CARTESIAN_POINT('',(-0.78,0.451159223263,0.37));
#3277 = LINE('',#3278,#3279);
#3278 = CARTESIAN_POINT('',(-0.78,0.451159223263,0.39));
#3279 = VECTOR('',#3280,1.);
#3280 = DIRECTION('',(-0.,0.,1.));
#3281 = ORIENTED_EDGE('',*,*,#3282,.T.);
#3282 = EDGE_CURVE('',#3275,#3257,#3283,.T.);
#3283 = LINE('',#3284,#3285);
#3284 = CARTESIAN_POINT('',(0.,0.451159223263,0.37));
#3285 = VECTOR('',#3286,1.);
#3286 = DIRECTION('',(1.,-0.,-0.));
#3287 = PLANE('',#3288);
#3288 = AXIS2_PLACEMENT_3D('',#3289,#3290,#3291);
#3289 = CARTESIAN_POINT('',(0.,0.451159223263,0.));
#3290 = DIRECTION('',(0.,1.,0.));
#3291 = DIRECTION('',(0.,-0.,1.));
#3292 = ADVANCED_FACE('',(#3293),#3369,.F.);
#3293 = FACE_BOUND('',#3294,.T.);
#3294 = EDGE_LOOP('',(#3295,#3305,#3326,#3334,#3342,#3350));
#3295 = ORIENTED_EDGE('',*,*,#3296,.F.);
#3296 = EDGE_CURVE('',#3297,#3299,#3301,.T.);
#3297 = VERTEX_POINT('',#3298);
#3298 = CARTESIAN_POINT('',(-0.95,0.,-0.37));
#3299 = VERTEX_POINT('',#3300);
#3300 = CARTESIAN_POINT('',(-0.95,0.,0.37));
#3301 = LINE('',#3302,#3303);
#3302 = CARTESIAN_POINT('',(-0.95,0.,-0.39));
#3303 = VECTOR('',#3304,1.);
#3304 = DIRECTION('',(0.,0.,1.));
#3305 = ORIENTED_EDGE('',*,*,#3306,.T.);
#3306 = EDGE_CURVE('',#3297,#3307,#3309,.T.);
#3307 = VERTEX_POINT('',#3308);
#3308 = CARTESIAN_POINT('',(-0.922112489232,0.,-0.39));
#3309 = B_SPLINE_CURVE_WITH_KNOTS('',3,(#3310,#3311,#3312,#3313,#3314,
    #3315,#3316,#3317,#3318,#3319,#3320,#3321,#3322,#3323,#3324,#3325),
  .UNSPECIFIED.,.F.,.F.,(4,3,3,3,3,4),(0.,5.33308900556E-06,
    1.062065031258E-05,1.81611736461E-05,2.856067469685E-05,
    3.767182535655E-05),.UNSPECIFIED.);
#3310 = CARTESIAN_POINT('',(-0.95,0.,-0.37));
#3311 = CARTESIAN_POINT('',(-0.95,-1.582391850887E-35,-0.371777696335));
#3312 = CARTESIAN_POINT('',(-0.949647888902,0.,-0.37358109358));
#3313 = CARTESIAN_POINT('',(-0.949009967246,0.,-0.375240388677));
#3314 = CARTESIAN_POINT('',(-0.948375152251,0.,-0.376891603052));
#3315 = CARTESIAN_POINT('',(-0.947448681893,0.,-0.378447047443));
#3316 = CARTESIAN_POINT('',(-0.946346405705,0.,-0.379830697036));
#3317 = CARTESIAN_POINT('',(-0.944780716018,0.,-0.381796053741));
#3318 = CARTESIAN_POINT('',(-0.942822821679,0.,-0.383475854175));
#3319 = CARTESIAN_POINT('',(-0.940710931608,0.,-0.384837445706));
#3320 = CARTESIAN_POINT('',(-0.93780650336,0.,-0.386710007615));
#3321 = CARTESIAN_POINT('',(-0.934521164086,0.,-0.388050981549));
#3322 = CARTESIAN_POINT('',(-0.931169158537,0.,-0.388891368571));
#3323 = CARTESIAN_POINT('',(-0.928219038842,0.,-0.389630998105));
#3324 = CARTESIAN_POINT('',(-0.925153912922,0.,-0.39));
#3325 = CARTESIAN_POINT('',(-0.922112489232,0.,-0.39));
#3326 = ORIENTED_EDGE('',*,*,#3327,.F.);
#3327 = EDGE_CURVE('',#3328,#3307,#3330,.T.);
#3328 = VERTEX_POINT('',#3329);
#3329 = CARTESIAN_POINT('',(-0.52,0.,-0.39));
#3330 = LINE('',#3331,#3332);
#3331 = CARTESIAN_POINT('',(-0.8,0.,-0.39));
#3332 = VECTOR('',#3333,1.);
#3333 = DIRECTION('',(-1.,-0.,1.807003620809E-16));
#3334 = ORIENTED_EDGE('',*,*,#3335,.T.);
#3335 = EDGE_CURVE('',#3328,#3336,#3338,.T.);
#3336 = VERTEX_POINT('',#3337);
#3337 = CARTESIAN_POINT('',(-0.52,0.,0.39));
#3338 = LINE('',#3339,#3340);
#3339 = CARTESIAN_POINT('',(-0.52,0.,0.39));
#3340 = VECTOR('',#3341,1.);
#3341 = DIRECTION('',(1.355252715607E-16,-0.,1.));
#3342 = ORIENTED_EDGE('',*,*,#3343,.F.);
#3343 = EDGE_CURVE('',#3344,#3336,#3346,.T.);
#3344 = VERTEX_POINT('',#3345);
#3345 = CARTESIAN_POINT('',(-0.922112489232,0.,0.39));
#3346 = LINE('',#3347,#3348);
#3347 = CARTESIAN_POINT('',(-0.8,0.,0.39));
#3348 = VECTOR('',#3349,1.);
#3349 = DIRECTION('',(1.,0.,0.));
#3350 = ORIENTED_EDGE('',*,*,#3351,.T.);
#3351 = EDGE_CURVE('',#3344,#3299,#3352,.T.);
#3352 = B_SPLINE_CURVE_WITH_KNOTS('',3,(#3353,#3354,#3355,#3356,#3357,
    #3358,#3359,#3360,#3361,#3362,#3363,#3364,#3365,#3366,#3367,#3368),
  .UNSPECIFIED.,.F.,.F.,(4,3,3,3,3,4),(0.,1.244777469223E-05,
    2.168196786831E-05,2.838576188401E-05,3.37120755045E-05,
    3.748736161624E-05),.UNSPECIFIED.);
#3353 = CARTESIAN_POINT('',(-0.922112489232,0.,0.39));
#3354 = CARTESIAN_POINT('',(-0.926261747463,0.,0.39));
#3355 = CARTESIAN_POINT('',(-0.930476479302,0.,0.389311893694));
#3356 = CARTESIAN_POINT('',(-0.934385196325,0.,0.387919674208));
#3357 = CARTESIAN_POINT('',(-0.937296166103,0.,0.386882835566));
#3358 = CARTESIAN_POINT('',(-0.940110001172,0.,0.385427387587));
#3359 = CARTESIAN_POINT('',(-0.942553400528,0.,0.383535674342));
#3360 = CARTESIAN_POINT('',(-0.944331887755,0.,0.382158745174));
#3361 = CARTESIAN_POINT('',(-0.94594997256,0.,0.380516184884));
#3362 = CARTESIAN_POINT('',(-0.947212438321,0.,0.378654698663));
#3363 = CARTESIAN_POINT('',(-0.94821674131,0.,0.377173869454));
#3364 = CARTESIAN_POINT('',(-0.949013637828,0.,0.375517922312));
#3365 = CARTESIAN_POINT('',(-0.949485827913,0.,0.373792084497));
#3366 = CARTESIAN_POINT('',(-0.949822458997,0.,0.372561709966));
#3367 = CARTESIAN_POINT('',(-0.95,0.,0.371275594753));
#3368 = CARTESIAN_POINT('',(-0.95,0.,0.37));
#3369 = PLANE('',#3370);
#3370 = AXIS2_PLACEMENT_3D('',#3371,#3372,#3373);
#3371 = CARTESIAN_POINT('',(0.,0.,0.));
#3372 = DIRECTION('',(0.,1.,0.));
#3373 = DIRECTION('',(0.,-0.,1.));
#3374 = ADVANCED_FACE('',(#3375),#3409,.F.);
#3375 = FACE_BOUND('',#3376,.T.);
#3376 = EDGE_LOOP('',(#3377,#3387,#3395,#3403));
#3377 = ORIENTED_EDGE('',*,*,#3378,.T.);
#3378 = EDGE_CURVE('',#3379,#3381,#3383,.T.);
#3379 = VERTEX_POINT('',#3380);
#3380 = CARTESIAN_POINT('',(-0.8,0.431159223263,0.37));
#3381 = VERTEX_POINT('',#3382);
#3382 = CARTESIAN_POINT('',(-0.8,0.431159223263,-0.37));
#3383 = LINE('',#3384,#3385);
#3384 = CARTESIAN_POINT('',(-0.8,0.431159223263,-0.39));
#3385 = VECTOR('',#3386,1.);
#3386 = DIRECTION('',(0.,-0.,-1.));
#3387 = ORIENTED_EDGE('',*,*,#3388,.T.);
#3388 = EDGE_CURVE('',#3381,#3389,#3391,.T.);
#3389 = VERTEX_POINT('',#3390);
#3390 = CARTESIAN_POINT('',(-0.8,0.366385174434,-0.37));
#3391 = LINE('',#3392,#3393);
#3392 = CARTESIAN_POINT('',(-0.8,0.451159223263,-0.37));
#3393 = VECTOR('',#3394,1.);
#3394 = DIRECTION('',(-0.,-1.,1.306104834247E-30));
#3395 = ORIENTED_EDGE('',*,*,#3396,.T.);
#3396 = EDGE_CURVE('',#3389,#3397,#3399,.T.);
#3397 = VERTEX_POINT('',#3398);
#3398 = CARTESIAN_POINT('',(-0.8,0.366385174434,0.37));
#3399 = LINE('',#3400,#3401);
#3400 = CARTESIAN_POINT('',(-0.8,0.366385174434,-0.39));
#3401 = VECTOR('',#3402,1.);
#3402 = DIRECTION('',(0.,0.,1.));
#3403 = ORIENTED_EDGE('',*,*,#3404,.T.);
#3404 = EDGE_CURVE('',#3397,#3379,#3405,.T.);
#3405 = LINE('',#3406,#3407);
#3406 = CARTESIAN_POINT('',(-0.8,0.431159223263,0.37));
#3407 = VECTOR('',#3408,1.);
#3408 = DIRECTION('',(-0.,1.,-0.));
#3409 = PLANE('',#3410);
#3410 = AXIS2_PLACEMENT_3D('',#3411,#3412,#3413);
#3411 = CARTESIAN_POINT('',(-0.8,0.451159223263,0.4));
#3412 = DIRECTION('',(1.,-0.,0.));
#3413 = DIRECTION('',(0.,0.,-1.));
#3414 = ADVANCED_FACE('',(#3415),#3467,.T.);
#3415 = FACE_BOUND('',#3416,.T.);
#3416 = EDGE_LOOP('',(#3417,#3427,#3435,#3443,#3452,#3460));
#3417 = ORIENTED_EDGE('',*,*,#3418,.F.);
#3418 = EDGE_CURVE('',#3419,#3421,#3423,.T.);
#3419 = VERTEX_POINT('',#3420);
#3420 = CARTESIAN_POINT('',(-0.5,2.E-02,0.39));
#3421 = VERTEX_POINT('',#3422);
#3422 = CARTESIAN_POINT('',(-0.5,3.267949185433E-02,0.39));
#3423 = LINE('',#3424,#3425);
#3424 = CARTESIAN_POINT('',(-0.5,0.,0.39));
#3425 = VECTOR('',#3426,1.);
#3426 = DIRECTION('',(3.614007241618E-15,1.,0.));
#3427 = ORIENTED_EDGE('',*,*,#3428,.T.);
#3428 = EDGE_CURVE('',#3419,#3429,#3431,.T.);
#3429 = VERTEX_POINT('',#3430);
#3430 = CARTESIAN_POINT('',(-0.5,2.E-02,-0.39));
#3431 = LINE('',#3432,#3433);
#3432 = CARTESIAN_POINT('',(-0.5,2.E-02,-0.39));
#3433 = VECTOR('',#3434,1.);
#3434 = DIRECTION('',(-1.355252715607E-16,0.,-1.));
#3435 = ORIENTED_EDGE('',*,*,#3436,.F.);
#3436 = EDGE_CURVE('',#3437,#3429,#3439,.T.);
#3437 = VERTEX_POINT('',#3438);
#3438 = CARTESIAN_POINT('',(-0.5,3.267949185433E-02,-0.39));
#3439 = LINE('',#3440,#3441);
#3440 = CARTESIAN_POINT('',(-0.5,0.,-0.39));
#3441 = VECTOR('',#3442,1.);
#3442 = DIRECTION('',(-3.614007241618E-15,-1.,-0.));
#3443 = ORIENTED_EDGE('',*,*,#3444,.T.);
#3444 = EDGE_CURVE('',#3437,#3445,#3447,.T.);
#3445 = VERTEX_POINT('',#3446);
#3446 = CARTESIAN_POINT('',(-0.5,3.E-02,-0.38));
#3447 = CIRCLE('',#3448,2.E-02);
#3448 = AXIS2_PLACEMENT_3D('',#3449,#3450,#3451);
#3449 = CARTESIAN_POINT('',(-0.5,5.E-02,-0.38));
#3450 = DIRECTION('',(-1.,7.228014483237E-15,1.355252715607E-16));
#3451 = DIRECTION('',(7.228014483237E-15,1.,2.710505431214E-15));
#3452 = ORIENTED_EDGE('',*,*,#3453,.F.);
#3453 = EDGE_CURVE('',#3454,#3445,#3456,.T.);
#3454 = VERTEX_POINT('',#3455);
#3455 = CARTESIAN_POINT('',(-0.5,3.E-02,0.38));
#3456 = LINE('',#3457,#3458);
#3457 = CARTESIAN_POINT('',(-0.5,3.E-02,9.6));
#3458 = VECTOR('',#3459,1.);
#3459 = DIRECTION('',(-1.355252715607E-16,-0.,-1.));
#3460 = ORIENTED_EDGE('',*,*,#3461,.T.);
#3461 = EDGE_CURVE('',#3454,#3421,#3462,.T.);
#3462 = CIRCLE('',#3463,2.E-02);
#3463 = AXIS2_PLACEMENT_3D('',#3464,#3465,#3466);
#3464 = CARTESIAN_POINT('',(-0.5,5.E-02,0.38));
#3465 = DIRECTION('',(-1.,7.228014483237E-15,1.355252715607E-16));
#3466 = DIRECTION('',(7.228014483237E-15,1.,-2.448946564213E-31));
#3467 = PLANE('',#3468);
#3468 = AXIS2_PLACEMENT_3D('',#3469,#3470,#3471);
#3469 = CARTESIAN_POINT('',(-0.5,3.614007241618E-15,9.6));
#3470 = DIRECTION('',(1.,-7.228014483237E-15,-1.355252715607E-16));
#3471 = DIRECTION('',(7.228014483237E-15,1.,0.));
#3472 = ADVANCED_FACE('',(#3473),#3507,.F.);
#3473 = FACE_BOUND('',#3474,.T.);
#3474 = EDGE_LOOP('',(#3475,#3485,#3493,#3501));
#3475 = ORIENTED_EDGE('',*,*,#3476,.T.);
#3476 = EDGE_CURVE('',#3477,#3479,#3481,.T.);
#3477 = VERTEX_POINT('',#3478);
#3478 = CARTESIAN_POINT('',(-0.5,0.421159223263,0.37));
#3479 = VERTEX_POINT('',#3480);
#3480 = CARTESIAN_POINT('',(-0.5,0.421159223263,-0.37));
#3481 = LINE('',#3482,#3483);
#3482 = CARTESIAN_POINT('',(-0.5,0.421159223263,9.6));
#3483 = VECTOR('',#3484,1.);
#3484 = DIRECTION('',(-1.355252715607E-16,-0.,-1.));
#3485 = ORIENTED_EDGE('',*,*,#3486,.T.);
#3486 = EDGE_CURVE('',#3479,#3487,#3489,.T.);
#3487 = VERTEX_POINT('',#3488);
#3488 = CARTESIAN_POINT('',(-0.5,0.431159223263,-0.37));
#3489 = LINE('',#3490,#3491);
#3490 = CARTESIAN_POINT('',(-0.5,0.421159223263,-0.37));
#3491 = VECTOR('',#3492,1.);
#3492 = DIRECTION('',(-7.228014483237E-15,1.,-0.));
#3493 = ORIENTED_EDGE('',*,*,#3494,.T.);
#3494 = EDGE_CURVE('',#3487,#3495,#3497,.T.);
#3495 = VERTEX_POINT('',#3496);
#3496 = CARTESIAN_POINT('',(-0.5,0.431159223263,0.37));
#3497 = LINE('',#3498,#3499);
#3498 = CARTESIAN_POINT('',(-0.5,0.431159223263,0.39));
#3499 = VECTOR('',#3500,1.);
#3500 = DIRECTION('',(1.355252715607E-16,0.,1.));
#3501 = ORIENTED_EDGE('',*,*,#3502,.T.);
#3502 = EDGE_CURVE('',#3495,#3477,#3503,.T.);
#3503 = LINE('',#3504,#3505);
#3504 = CARTESIAN_POINT('',(-0.5,0.418479731409,0.37));
#3505 = VECTOR('',#3506,1.);
#3506 = DIRECTION('',(7.228014483237E-15,-1.,-0.));
#3507 = PLANE('',#3508);
#3508 = AXIS2_PLACEMENT_3D('',#3509,#3510,#3511);
#3509 = CARTESIAN_POINT('',(-0.5,0.421159223263,9.6));
#3510 = DIRECTION('',(-1.,-7.228014483237E-15,1.355252715607E-16));
#3511 = DIRECTION('',(7.228014483237E-15,-1.,0.));
#3512 = ADVANCED_FACE('',(#3513),#3589,.F.);
#3513 = FACE_BOUND('',#3514,.T.);
#3514 = EDGE_LOOP('',(#3515,#3525,#3546,#3554,#3562,#3570));
#3515 = ORIENTED_EDGE('',*,*,#3516,.T.);
#3516 = EDGE_CURVE('',#3517,#3519,#3521,.T.);
#3517 = VERTEX_POINT('',#3518);
#3518 = CARTESIAN_POINT('',(0.95,0.,-0.37));
#3519 = VERTEX_POINT('',#3520);
#3520 = CARTESIAN_POINT('',(0.95,0.,0.37));
#3521 = LINE('',#3522,#3523);
#3522 = CARTESIAN_POINT('',(0.95,0.,-0.39));
#3523 = VECTOR('',#3524,1.);
#3524 = DIRECTION('',(0.,0.,1.));
#3525 = ORIENTED_EDGE('',*,*,#3526,.T.);
#3526 = EDGE_CURVE('',#3519,#3527,#3529,.T.);
#3527 = VERTEX_POINT('',#3528);
#3528 = CARTESIAN_POINT('',(0.922112489232,0.,0.39));
#3529 = B_SPLINE_CURVE_WITH_KNOTS('',3,(#3530,#3531,#3532,#3533,#3534,
    #3535,#3536,#3537,#3538,#3539,#3540,#3541,#3542,#3543,#3544,#3545),
  .UNSPECIFIED.,.F.,.F.,(4,3,3,3,3,4),(2.168404344971E-19,
    5.33308900556E-06,1.062065031258E-05,1.81611736461E-05,
    2.856067469685E-05,3.767182535655E-05),.UNSPECIFIED.);
#3530 = CARTESIAN_POINT('',(0.95,0.,0.37));
#3531 = CARTESIAN_POINT('',(0.95,0.,0.371777696335));
#3532 = CARTESIAN_POINT('',(0.949647888902,0.,0.37358109358));
#3533 = CARTESIAN_POINT('',(0.949009967246,0.,0.375240388677));
#3534 = CARTESIAN_POINT('',(0.948375152251,0.,0.376891603052));
#3535 = CARTESIAN_POINT('',(0.947448681893,0.,0.378447047443));
#3536 = CARTESIAN_POINT('',(0.946346405705,0.,0.379830697036));
#3537 = CARTESIAN_POINT('',(0.944780716018,0.,0.381796053741));
#3538 = CARTESIAN_POINT('',(0.942822821679,0.,0.383475854175));
#3539 = CARTESIAN_POINT('',(0.940710931608,0.,0.384837445706));
#3540 = CARTESIAN_POINT('',(0.93780650336,0.,0.386710007615));
#3541 = CARTESIAN_POINT('',(0.934521164086,0.,0.388050981549));
#3542 = CARTESIAN_POINT('',(0.931169158537,0.,0.388891368571));
#3543 = CARTESIAN_POINT('',(0.928219038842,0.,0.389630998105));
#3544 = CARTESIAN_POINT('',(0.925153912922,0.,0.39));
#3545 = CARTESIAN_POINT('',(0.922112489232,0.,0.39));
#3546 = ORIENTED_EDGE('',*,*,#3547,.F.);
#3547 = EDGE_CURVE('',#3548,#3527,#3550,.T.);
#3548 = VERTEX_POINT('',#3549);
#3549 = CARTESIAN_POINT('',(0.52,0.,0.39));
#3550 = LINE('',#3551,#3552);
#3551 = CARTESIAN_POINT('',(0.8,0.,0.39));
#3552 = VECTOR('',#3553,1.);
#3553 = DIRECTION('',(1.,-0.,-0.));
#3554 = ORIENTED_EDGE('',*,*,#3555,.T.);
#3555 = EDGE_CURVE('',#3548,#3556,#3558,.T.);
#3556 = VERTEX_POINT('',#3557);
#3557 = CARTESIAN_POINT('',(0.52,0.,-0.39));
#3558 = LINE('',#3559,#3560);
#3559 = CARTESIAN_POINT('',(0.52,0.,-0.39));
#3560 = VECTOR('',#3561,1.);
#3561 = DIRECTION('',(-1.355252715607E-16,0.,-1.));
#3562 = ORIENTED_EDGE('',*,*,#3563,.F.);
#3563 = EDGE_CURVE('',#3564,#3556,#3566,.T.);
#3564 = VERTEX_POINT('',#3565);
#3565 = CARTESIAN_POINT('',(0.922112489232,0.,-0.39));
#3566 = LINE('',#3567,#3568);
#3567 = CARTESIAN_POINT('',(0.8,0.,-0.39));
#3568 = VECTOR('',#3569,1.);
#3569 = DIRECTION('',(-1.,0.,1.807003620809E-16));
#3570 = ORIENTED_EDGE('',*,*,#3571,.T.);
#3571 = EDGE_CURVE('',#3564,#3517,#3572,.T.);
#3572 = B_SPLINE_CURVE_WITH_KNOTS('',3,(#3573,#3574,#3575,#3576,#3577,
    #3578,#3579,#3580,#3581,#3582,#3583,#3584,#3585,#3586,#3587,#3588),
  .UNSPECIFIED.,.F.,.F.,(4,3,3,3,3,4),(0.,1.244777469223E-05,
    2.168196786831E-05,2.838576188401E-05,3.37120755045E-05,
    3.748736161624E-05),.UNSPECIFIED.);
#3573 = CARTESIAN_POINT('',(0.922112489232,0.,-0.39));
#3574 = CARTESIAN_POINT('',(0.926261747463,9.745068515333E-17,-0.39));
#3575 = CARTESIAN_POINT('',(0.930476479302,0.,-0.389311893694));
#3576 = CARTESIAN_POINT('',(0.934385196325,0.,-0.387919674208));
#3577 = CARTESIAN_POINT('',(0.937296166103,0.,-0.386882835566));
#3578 = CARTESIAN_POINT('',(0.940110001172,0.,-0.385427387587));
#3579 = CARTESIAN_POINT('',(0.942553400528,0.,-0.383535674342));
#3580 = CARTESIAN_POINT('',(0.944331887755,0.,-0.382158745174));
#3581 = CARTESIAN_POINT('',(0.94594997256,0.,-0.380516184884));
#3582 = CARTESIAN_POINT('',(0.947212438321,0.,-0.378654698663));
#3583 = CARTESIAN_POINT('',(0.94821674131,0.,-0.377173869454));
#3584 = CARTESIAN_POINT('',(0.949013637828,0.,-0.375517922312));
#3585 = CARTESIAN_POINT('',(0.949485827913,0.,-0.373792084497));
#3586 = CARTESIAN_POINT('',(0.949822458997,0.,-0.372561709966));
#3587 = CARTESIAN_POINT('',(0.95,0.,-0.371275594753));
#3588 = CARTESIAN_POINT('',(0.95,0.,-0.37));
#3589 = PLANE('',#3590);
#3590 = AXIS2_PLACEMENT_3D('',#3591,#3592,#3593);
#3591 = CARTESIAN_POINT('',(0.,0.,0.));
#3592 = DIRECTION('',(0.,1.,0.));
#3593 = DIRECTION('',(0.,-0.,1.));
#3594 = ADVANCED_FACE('',(#3595),#3629,.T.);
#3595 = FACE_BOUND('',#3596,.T.);
#3596 = EDGE_LOOP('',(#3597,#3607,#3615,#3623));
#3597 = ORIENTED_EDGE('',*,*,#3598,.T.);
#3598 = EDGE_CURVE('',#3599,#3601,#3603,.T.);
#3599 = VERTEX_POINT('',#3600);
#3600 = CARTESIAN_POINT('',(0.52,0.451159223263,-0.37));
#3601 = VERTEX_POINT('',#3602);
#3602 = CARTESIAN_POINT('',(0.52,0.451159223263,0.37));
#3603 = LINE('',#3604,#3605);
#3604 = CARTESIAN_POINT('',(0.52,0.451159223263,0.39));
#3605 = VECTOR('',#3606,1.);
#3606 = DIRECTION('',(1.355252715607E-16,-0.,1.));
#3607 = ORIENTED_EDGE('',*,*,#3608,.T.);
#3608 = EDGE_CURVE('',#3601,#3609,#3611,.T.);
#3609 = VERTEX_POINT('',#3610);
#3610 = CARTESIAN_POINT('',(0.78,0.451159223263,0.37));
#3611 = LINE('',#3612,#3613);
#3612 = CARTESIAN_POINT('',(0.78,0.451159223263,0.37));
#3613 = VECTOR('',#3614,1.);
#3614 = DIRECTION('',(1.,-0.,-0.));
#3615 = ORIENTED_EDGE('',*,*,#3616,.T.);
#3616 = EDGE_CURVE('',#3609,#3617,#3619,.T.);
#3617 = VERTEX_POINT('',#3618);
#3618 = CARTESIAN_POINT('',(0.78,0.451159223263,-0.37));
#3619 = LINE('',#3620,#3621);
#3620 = CARTESIAN_POINT('',(0.78,0.451159223263,-0.39));
#3621 = VECTOR('',#3622,1.);
#3622 = DIRECTION('',(0.,0.,-1.));
#3623 = ORIENTED_EDGE('',*,*,#3624,.T.);
#3624 = EDGE_CURVE('',#3617,#3599,#3625,.T.);
#3625 = LINE('',#3626,#3627);
#3626 = CARTESIAN_POINT('',(-7.428792663327E-17,0.451159223263,-0.37));
#3627 = VECTOR('',#3628,1.);
#3628 = DIRECTION('',(-1.,-0.,2.007781800899E-16));
#3629 = PLANE('',#3630);
#3630 = AXIS2_PLACEMENT_3D('',#3631,#3632,#3633);
#3631 = CARTESIAN_POINT('',(0.,0.451159223263,0.));
#3632 = DIRECTION('',(0.,1.,0.));
#3633 = DIRECTION('',(0.,-0.,1.));
#3634 = ADVANCED_FACE('',(#3635),#3687,.T.);
#3635 = FACE_BOUND('',#3636,.T.);
#3636 = EDGE_LOOP('',(#3637,#3647,#3655,#3663,#3672,#3680));
#3637 = ORIENTED_EDGE('',*,*,#3638,.F.);
#3638 = EDGE_CURVE('',#3639,#3641,#3643,.T.);
#3639 = VERTEX_POINT('',#3640);
#3640 = CARTESIAN_POINT('',(0.5,2.E-02,-0.39));
#3641 = VERTEX_POINT('',#3642);
#3642 = CARTESIAN_POINT('',(0.5,3.267949185433E-02,-0.39));
#3643 = LINE('',#3644,#3645);
#3644 = CARTESIAN_POINT('',(0.5,0.,-0.39));
#3645 = VECTOR('',#3646,1.);
#3646 = DIRECTION('',(0.,1.,0.));
#3647 = ORIENTED_EDGE('',*,*,#3648,.T.);
#3648 = EDGE_CURVE('',#3639,#3649,#3651,.T.);
#3649 = VERTEX_POINT('',#3650);
#3650 = CARTESIAN_POINT('',(0.5,2.E-02,0.39));
#3651 = LINE('',#3652,#3653);
#3652 = CARTESIAN_POINT('',(0.5,2.E-02,0.39));
#3653 = VECTOR('',#3654,1.);
#3654 = DIRECTION('',(1.355252715607E-16,-0.,1.));
#3655 = ORIENTED_EDGE('',*,*,#3656,.F.);
#3656 = EDGE_CURVE('',#3657,#3649,#3659,.T.);
#3657 = VERTEX_POINT('',#3658);
#3658 = CARTESIAN_POINT('',(0.5,3.267949185433E-02,0.39));
#3659 = LINE('',#3660,#3661);
#3660 = CARTESIAN_POINT('',(0.5,0.,0.39));
#3661 = VECTOR('',#3662,1.);
#3662 = DIRECTION('',(-0.,-1.,-0.));
#3663 = ORIENTED_EDGE('',*,*,#3664,.T.);
#3664 = EDGE_CURVE('',#3657,#3665,#3667,.T.);
#3665 = VERTEX_POINT('',#3666);
#3666 = CARTESIAN_POINT('',(0.5,3.E-02,0.38));
#3667 = CIRCLE('',#3668,2.E-02);
#3668 = AXIS2_PLACEMENT_3D('',#3669,#3670,#3671);
#3669 = CARTESIAN_POINT('',(0.5,5.E-02,0.38));
#3670 = DIRECTION('',(1.,0.,-1.355252715607E-16));
#3671 = DIRECTION('',(1.355252715607E-16,1.694065894509E-15,1.));
#3672 = ORIENTED_EDGE('',*,*,#3673,.T.);
#3673 = EDGE_CURVE('',#3665,#3674,#3676,.T.);
#3674 = VERTEX_POINT('',#3675);
#3675 = CARTESIAN_POINT('',(0.5,3.E-02,-0.38));
#3676 = LINE('',#3677,#3678);
#3677 = CARTESIAN_POINT('',(0.5,3.E-02,9.6));
#3678 = VECTOR('',#3679,1.);
#3679 = DIRECTION('',(-1.355252715607E-16,-0.,-1.));
#3680 = ORIENTED_EDGE('',*,*,#3681,.T.);
#3681 = EDGE_CURVE('',#3674,#3641,#3682,.T.);
#3682 = CIRCLE('',#3683,2.E-02);
#3683 = AXIS2_PLACEMENT_3D('',#3684,#3685,#3686);
#3684 = CARTESIAN_POINT('',(0.5,5.E-02,-0.38));
#3685 = DIRECTION('',(1.,0.,-1.355252715607E-16));
#3686 = DIRECTION('',(1.355252715607E-16,0.,1.));
#3687 = PLANE('',#3688);
#3688 = AXIS2_PLACEMENT_3D('',#3689,#3690,#3691);
#3689 = CARTESIAN_POINT('',(0.5,-1.479114197289E-32,9.6));
#3690 = DIRECTION('',(-1.,0.,1.355252715607E-16));
#3691 = DIRECTION('',(1.355252715607E-16,0.,1.));
#3692 = ADVANCED_FACE('',(#3693),#3727,.F.);
#3693 = FACE_BOUND('',#3694,.T.);
#3694 = EDGE_LOOP('',(#3695,#3705,#3713,#3721));
#3695 = ORIENTED_EDGE('',*,*,#3696,.F.);
#3696 = EDGE_CURVE('',#3697,#3699,#3701,.T.);
#3697 = VERTEX_POINT('',#3698);
#3698 = CARTESIAN_POINT('',(0.5,0.421159223263,0.37));
#3699 = VERTEX_POINT('',#3700);
#3700 = CARTESIAN_POINT('',(0.5,0.421159223263,-0.37));
#3701 = LINE('',#3702,#3703);
#3702 = CARTESIAN_POINT('',(0.5,0.421159223263,9.6));
#3703 = VECTOR('',#3704,1.);
#3704 = DIRECTION('',(-1.355252715607E-16,-0.,-1.));
#3705 = ORIENTED_EDGE('',*,*,#3706,.T.);
#3706 = EDGE_CURVE('',#3697,#3707,#3709,.T.);
#3707 = VERTEX_POINT('',#3708);
#3708 = CARTESIAN_POINT('',(0.5,0.431159223263,0.37));
#3709 = LINE('',#3710,#3711);
#3710 = CARTESIAN_POINT('',(0.5,0.451159223263,0.37));
#3711 = VECTOR('',#3712,1.);
#3712 = DIRECTION('',(-0.,1.,-0.));
#3713 = ORIENTED_EDGE('',*,*,#3714,.T.);
#3714 = EDGE_CURVE('',#3707,#3715,#3717,.T.);
#3715 = VERTEX_POINT('',#3716);
#3716 = CARTESIAN_POINT('',(0.5,0.431159223263,-0.37));
#3717 = LINE('',#3718,#3719);
#3718 = CARTESIAN_POINT('',(0.5,0.431159223263,-0.39));
#3719 = VECTOR('',#3720,1.);
#3720 = DIRECTION('',(-1.355252715607E-16,0.,-1.));
#3721 = ORIENTED_EDGE('',*,*,#3722,.T.);
#3722 = EDGE_CURVE('',#3715,#3699,#3723,.T.);
#3723 = LINE('',#3724,#3725);
#3724 = CARTESIAN_POINT('',(0.5,0.418479731409,-0.37));
#3725 = VECTOR('',#3726,1.);
#3726 = DIRECTION('',(0.,-1.,-0.));
#3727 = PLANE('',#3728);
#3728 = AXIS2_PLACEMENT_3D('',#3729,#3730,#3731);
#3729 = CARTESIAN_POINT('',(0.5,0.451159223263,9.6));
#3730 = DIRECTION('',(1.,0.,-1.355252715607E-16));
#3731 = DIRECTION('',(-1.355252715607E-16,0.,-1.));
#3732 = ADVANCED_FACE('',(#3733),#3767,.F.);
#3733 = FACE_BOUND('',#3734,.T.);
#3734 = EDGE_LOOP('',(#3735,#3745,#3753,#3761));
#3735 = ORIENTED_EDGE('',*,*,#3736,.F.);
#3736 = EDGE_CURVE('',#3737,#3739,#3741,.T.);
#3737 = VERTEX_POINT('',#3738);
#3738 = CARTESIAN_POINT('',(-0.77,5.E-02,0.4));
#3739 = VERTEX_POINT('',#3740);
#3740 = CARTESIAN_POINT('',(-0.77,0.401159223263,0.4));
#3741 = LINE('',#3742,#3743);
#3742 = CARTESIAN_POINT('',(-0.77,0.421159223263,0.4));
#3743 = VECTOR('',#3744,1.);
#3744 = DIRECTION('',(-0.,1.,-0.));
#3745 = ORIENTED_EDGE('',*,*,#3746,.T.);
#3746 = EDGE_CURVE('',#3737,#3747,#3749,.T.);
#3747 = VERTEX_POINT('',#3748);
#3748 = CARTESIAN_POINT('',(0.77,5.E-02,0.4));
#3749 = LINE('',#3750,#3751);
#3750 = CARTESIAN_POINT('',(0.77,5.E-02,0.4));
#3751 = VECTOR('',#3752,1.);
#3752 = DIRECTION('',(1.,-0.,-1.355252715607E-16));
#3753 = ORIENTED_EDGE('',*,*,#3754,.F.);
#3754 = EDGE_CURVE('',#3755,#3747,#3757,.T.);
#3755 = VERTEX_POINT('',#3756);
#3756 = CARTESIAN_POINT('',(0.77,0.401159223263,0.4));
#3757 = LINE('',#3758,#3759);
#3758 = CARTESIAN_POINT('',(0.77,3.E-02,0.4));
#3759 = VECTOR('',#3760,1.);
#3760 = DIRECTION('',(-2.771766861179E-16,-1.,-0.));
#3761 = ORIENTED_EDGE('',*,*,#3762,.T.);
#3762 = EDGE_CURVE('',#3755,#3739,#3763,.T.);
#3763 = LINE('',#3764,#3765);
#3764 = CARTESIAN_POINT('',(0.8,0.401159223263,0.4));
#3765 = VECTOR('',#3766,1.);
#3766 = DIRECTION('',(-1.,0.,1.355252715607E-16));
#3767 = PLANE('',#3768);
#3768 = AXIS2_PLACEMENT_3D('',#3769,#3770,#3771);
#3769 = CARTESIAN_POINT('',(0.8,0.451159223263,0.4));
#3770 = DIRECTION('',(-1.355252715607E-16,0.,-1.));
#3771 = DIRECTION('',(-1.,0.,1.355252715607E-16));
#3772 = ADVANCED_FACE('',(#3773),#3807,.F.);
#3773 = FACE_BOUND('',#3774,.T.);
#3774 = EDGE_LOOP('',(#3775,#3785,#3793,#3801));
#3775 = ORIENTED_EDGE('',*,*,#3776,.F.);
#3776 = EDGE_CURVE('',#3777,#3779,#3781,.T.);
#3777 = VERTEX_POINT('',#3778);
#3778 = CARTESIAN_POINT('',(0.77,5.E-02,-0.4));
#3779 = VERTEX_POINT('',#3780);
#3780 = CARTESIAN_POINT('',(0.77,0.401159223263,-0.4));
#3781 = LINE('',#3782,#3783);
#3782 = CARTESIAN_POINT('',(0.77,3.E-02,-0.4));
#3783 = VECTOR('',#3784,1.);
#3784 = DIRECTION('',(-2.771766861179E-16,1.,0.));
#3785 = ORIENTED_EDGE('',*,*,#3786,.T.);
#3786 = EDGE_CURVE('',#3777,#3787,#3789,.T.);
#3787 = VERTEX_POINT('',#3788);
#3788 = CARTESIAN_POINT('',(-0.77,5.E-02,-0.4));
#3789 = LINE('',#3790,#3791);
#3790 = CARTESIAN_POINT('',(-0.77,5.E-02,-0.4));
#3791 = VECTOR('',#3792,1.);
#3792 = DIRECTION('',(-1.,0.,1.355252715607E-16));
#3793 = ORIENTED_EDGE('',*,*,#3794,.F.);
#3794 = EDGE_CURVE('',#3795,#3787,#3797,.T.);
#3795 = VERTEX_POINT('',#3796);
#3796 = CARTESIAN_POINT('',(-0.77,0.401159223263,-0.4));
#3797 = LINE('',#3798,#3799);
#3798 = CARTESIAN_POINT('',(-0.77,3.E-02,-0.4));
#3799 = VECTOR('',#3800,1.);
#3800 = DIRECTION('',(2.771766861179E-16,-1.,-0.));
#3801 = ORIENTED_EDGE('',*,*,#3802,.T.);
#3802 = EDGE_CURVE('',#3795,#3779,#3803,.T.);
#3803 = LINE('',#3804,#3805);
#3804 = CARTESIAN_POINT('',(0.8,0.401159223263,-0.4));
#3805 = VECTOR('',#3806,1.);
#3806 = DIRECTION('',(1.,-0.,-1.355252715607E-16));
#3807 = PLANE('',#3808);
#3808 = AXIS2_PLACEMENT_3D('',#3809,#3810,#3811);
#3809 = CARTESIAN_POINT('',(0.8,0.451159223263,-0.4));
#3810 = DIRECTION('',(1.355252715607E-16,-0.,1.));
#3811 = DIRECTION('',(1.,0.,-1.355252715607E-16));
#3812 = ADVANCED_FACE('',(#3813),#3829,.T.);
#3813 = FACE_BOUND('',#3814,.T.);
#3814 = EDGE_LOOP('',(#3815,#3816,#3822,#3823));
#3815 = ORIENTED_EDGE('',*,*,#3673,.F.);
#3816 = ORIENTED_EDGE('',*,*,#3817,.T.);
#3817 = EDGE_CURVE('',#3665,#3454,#3818,.T.);
#3818 = LINE('',#3819,#3820);
#3819 = CARTESIAN_POINT('',(-0.77,3.E-02,0.38));
#3820 = VECTOR('',#3821,1.);
#3821 = DIRECTION('',(-1.,0.,1.355252715607E-16));
#3822 = ORIENTED_EDGE('',*,*,#3453,.T.);
#3823 = ORIENTED_EDGE('',*,*,#3824,.T.);
#3824 = EDGE_CURVE('',#3445,#3674,#3825,.T.);
#3825 = LINE('',#3826,#3827);
#3826 = CARTESIAN_POINT('',(0.77,3.E-02,-0.38));
#3827 = VECTOR('',#3828,1.);
#3828 = DIRECTION('',(1.,-0.,-1.355252715607E-16));
#3829 = PLANE('',#3830);
#3830 = AXIS2_PLACEMENT_3D('',#3831,#3832,#3833);
#3831 = CARTESIAN_POINT('',(1.294786563018E-15,3.E-02,9.6));
#3832 = DIRECTION('',(0.,-1.,0.));
#3833 = DIRECTION('',(0.,-0.,-1.));
#3834 = ADVANCED_FACE('',(#3835),#3887,.F.);
#3835 = FACE_BOUND('',#3836,.T.);
#3836 = EDGE_LOOP('',(#3837,#3838,#3847,#3855,#3862,#3863,#3872,#3880));
#3837 = ORIENTED_EDGE('',*,*,#3476,.F.);
#3838 = ORIENTED_EDGE('',*,*,#3839,.T.);
#3839 = EDGE_CURVE('',#3477,#3840,#3842,.T.);
#3840 = VERTEX_POINT('',#3841);
#3841 = CARTESIAN_POINT('',(-0.502679491854,0.421159223263,0.38));
#3842 = CIRCLE('',#3843,2.E-02);
#3843 = AXIS2_PLACEMENT_3D('',#3844,#3845,#3846);
#3844 = CARTESIAN_POINT('',(-0.52,0.421159223263,0.37));
#3845 = DIRECTION('',(0.,-1.,0.));
#3846 = DIRECTION('',(0.,0.,-1.));
#3847 = ORIENTED_EDGE('',*,*,#3848,.T.);
#3848 = EDGE_CURVE('',#3840,#3849,#3851,.T.);
#3849 = VERTEX_POINT('',#3850);
#3850 = CARTESIAN_POINT('',(0.502679491854,0.421159223263,0.38));
#3851 = LINE('',#3852,#3853);
#3852 = CARTESIAN_POINT('',(0.5,0.421159223263,0.38));
#3853 = VECTOR('',#3854,1.);
#3854 = DIRECTION('',(1.,-0.,-1.355252715607E-16));
#3855 = ORIENTED_EDGE('',*,*,#3856,.T.);
#3856 = EDGE_CURVE('',#3849,#3697,#3857,.T.);
#3857 = CIRCLE('',#3858,2.E-02);
#3858 = AXIS2_PLACEMENT_3D('',#3859,#3860,#3861);
#3859 = CARTESIAN_POINT('',(0.52,0.421159223263,0.37));
#3860 = DIRECTION('',(0.,-1.,0.));
#3861 = DIRECTION('',(0.,0.,-1.));
#3862 = ORIENTED_EDGE('',*,*,#3696,.T.);
#3863 = ORIENTED_EDGE('',*,*,#3864,.T.);
#3864 = EDGE_CURVE('',#3699,#3865,#3867,.T.);
#3865 = VERTEX_POINT('',#3866);
#3866 = CARTESIAN_POINT('',(0.502679491854,0.421159223263,-0.38));
#3867 = CIRCLE('',#3868,2.E-02);
#3868 = AXIS2_PLACEMENT_3D('',#3869,#3870,#3871);
#3869 = CARTESIAN_POINT('',(0.52,0.421159223263,-0.37));
#3870 = DIRECTION('',(0.,-1.,0.));
#3871 = DIRECTION('',(0.,0.,-1.));
#3872 = ORIENTED_EDGE('',*,*,#3873,.T.);
#3873 = EDGE_CURVE('',#3865,#3874,#3876,.T.);
#3874 = VERTEX_POINT('',#3875);
#3875 = CARTESIAN_POINT('',(-0.502679491854,0.421159223263,-0.38));
#3876 = LINE('',#3877,#3878);
#3877 = CARTESIAN_POINT('',(0.5,0.421159223263,-0.38));
#3878 = VECTOR('',#3879,1.);
#3879 = DIRECTION('',(-1.,0.,1.355252715607E-16));
#3880 = ORIENTED_EDGE('',*,*,#3881,.T.);
#3881 = EDGE_CURVE('',#3874,#3479,#3882,.T.);
#3882 = CIRCLE('',#3883,2.E-02);
#3883 = AXIS2_PLACEMENT_3D('',#3884,#3885,#3886);
#3884 = CARTESIAN_POINT('',(-0.52,0.421159223263,-0.37));
#3885 = DIRECTION('',(0.,-1.,0.));
#3886 = DIRECTION('',(0.,0.,-1.));
#3887 = PLANE('',#3888);
#3888 = AXIS2_PLACEMENT_3D('',#3889,#3890,#3891);
#3889 = CARTESIAN_POINT('',(0.5,0.421159223263,9.6));
#3890 = DIRECTION('',(0.,-1.,0.));
#3891 = DIRECTION('',(0.,-0.,-1.));
#3892 = ADVANCED_FACE('',(#3893),#3920,.F.);
#3893 = FACE_BOUND('',#3894,.T.);
#3894 = EDGE_LOOP('',(#3895,#3905,#3912,#3913));
#3895 = ORIENTED_EDGE('',*,*,#3896,.F.);
#3896 = EDGE_CURVE('',#3897,#3899,#3901,.T.);
#3897 = VERTEX_POINT('',#3898);
#3898 = CARTESIAN_POINT('',(0.77,3.267949192431E-02,-0.39));
#3899 = VERTEX_POINT('',#3900);
#3900 = CARTESIAN_POINT('',(0.77,0.418479731339,-0.39));
#3901 = LINE('',#3902,#3903);
#3902 = CARTESIAN_POINT('',(0.77,3.E-02,-0.39));
#3903 = VECTOR('',#3904,1.);
#3904 = DIRECTION('',(-2.771766861179E-16,1.,0.));
#3905 = ORIENTED_EDGE('',*,*,#3906,.T.);
#3906 = EDGE_CURVE('',#3897,#3777,#3907,.T.);
#3907 = CIRCLE('',#3908,2.E-02);
#3908 = AXIS2_PLACEMENT_3D('',#3909,#3910,#3911);
#3909 = CARTESIAN_POINT('',(0.77,5.E-02,-0.38));
#3910 = DIRECTION('',(1.,2.771766861179E-16,-1.355252715607E-16));
#3911 = DIRECTION('',(2.771766861179E-16,-1.,-3.756444565642E-32));
#3912 = ORIENTED_EDGE('',*,*,#3776,.T.);
#3913 = ORIENTED_EDGE('',*,*,#3914,.T.);
#3914 = EDGE_CURVE('',#3779,#3899,#3915,.T.);
#3915 = CIRCLE('',#3916,2.E-02);
#3916 = AXIS2_PLACEMENT_3D('',#3917,#3918,#3919);
#3917 = CARTESIAN_POINT('',(0.77,0.401159223263,-0.38));
#3918 = DIRECTION('',(1.,2.771766861179E-16,-1.355252715607E-16));
#3919 = DIRECTION('',(2.771766861179E-16,-1.,-3.756444565642E-32));
#3920 = PLANE('',#3921);
#3921 = AXIS2_PLACEMENT_3D('',#3922,#3923,#3924);
#3922 = CARTESIAN_POINT('',(0.77,3.E-02,-0.39));
#3923 = DIRECTION('',(-1.,-2.771766861179E-16,1.355252715607E-16));
#3924 = DIRECTION('',(2.771766861179E-16,-1.,0.));
#3925 = ADVANCED_FACE('',(#3926),#3985,.T.);
#3926 = FACE_BOUND('',#3927,.T.);
#3927 = EDGE_LOOP('',(#3928,#3936,#3944,#3952,#3960,#3969,#3970,#3977,
    #3978,#3984));
#3928 = ORIENTED_EDGE('',*,*,#3929,.T.);
#3929 = EDGE_CURVE('',#3899,#3930,#3932,.T.);
#3930 = VERTEX_POINT('',#3931);
#3931 = CARTESIAN_POINT('',(0.52,0.418479731339,-0.39));
#3932 = LINE('',#3933,#3934);
#3933 = CARTESIAN_POINT('',(0.77,0.418479731339,-0.39));
#3934 = VECTOR('',#3935,1.);
#3935 = DIRECTION('',(-1.,0.,1.355252715607E-16));
#3936 = ORIENTED_EDGE('',*,*,#3937,.T.);
#3937 = EDGE_CURVE('',#3930,#3938,#3940,.T.);
#3938 = VERTEX_POINT('',#3939);
#3939 = CARTESIAN_POINT('',(0.52,0.431159223263,-0.39));
#3940 = LINE('',#3941,#3942);
#3941 = CARTESIAN_POINT('',(0.52,0.431159223263,-0.39));
#3942 = VECTOR('',#3943,1.);
#3943 = DIRECTION('',(0.,1.,0.));
#3944 = ORIENTED_EDGE('',*,*,#3945,.T.);
#3945 = EDGE_CURVE('',#3938,#3946,#3948,.T.);
#3946 = VERTEX_POINT('',#3947);
#3947 = CARTESIAN_POINT('',(0.78,0.431159223263,-0.39));
#3948 = LINE('',#3949,#3950);
#3949 = CARTESIAN_POINT('',(-7.895601932036E-17,0.431159223263,-0.39));
#3950 = VECTOR('',#3951,1.);
#3951 = DIRECTION('',(1.,0.,-2.007781800899E-16));
#3952 = ORIENTED_EDGE('',*,*,#3953,.T.);
#3953 = EDGE_CURVE('',#3946,#3954,#3956,.T.);
#3954 = VERTEX_POINT('',#3955);
#3955 = CARTESIAN_POINT('',(0.779999991833,0.366385174427,-0.39));
#3956 = LINE('',#3957,#3958);
#3957 = CARTESIAN_POINT('',(0.78,0.366385174434,-0.39));
#3958 = VECTOR('',#3959,1.);
#3959 = DIRECTION('',(0.,-1.,0.));
#3960 = ORIENTED_EDGE('',*,*,#3961,.T.);
#3961 = EDGE_CURVE('',#3954,#3564,#3962,.T.);
#3962 = B_SPLINE_CURVE_WITH_KNOTS('',3,(#3963,#3964,#3965,#3966,#3967,
    #3968),.UNSPECIFIED.,.F.,.F.,(4,2,4),(0.,2.025648867903E-04,
    4.051297735806E-04),.UNSPECIFIED.);
#3963 = CARTESIAN_POINT('',(0.779999991833,0.366385174427,-0.39));
#3964 = CARTESIAN_POINT('',(0.780061015496,0.298861569508,-0.39));
#3965 = CARTESIAN_POINT('',(0.79109857794,0.231249415232,-0.39));
#3966 = CARTESIAN_POINT('',(0.838755291784,0.106863033769,-0.39));
#3967 = CARTESIAN_POINT('',(0.87584737973,4.923062568609E-02,-0.39));
#3968 = CARTESIAN_POINT('',(0.922112489232,0.,-0.39));
#3969 = ORIENTED_EDGE('',*,*,#3563,.T.);
#3970 = ORIENTED_EDGE('',*,*,#3971,.T.);
#3971 = EDGE_CURVE('',#3556,#3639,#3972,.T.);
#3972 = CIRCLE('',#3973,2.E-02);
#3973 = AXIS2_PLACEMENT_3D('',#3974,#3975,#3976);
#3974 = CARTESIAN_POINT('',(0.52,2.E-02,-0.39));
#3975 = DIRECTION('',(-2.007781800899E-16,0.,-1.));
#3976 = DIRECTION('',(-1.,0.,2.007781800899E-16));
#3977 = ORIENTED_EDGE('',*,*,#3638,.T.);
#3978 = ORIENTED_EDGE('',*,*,#3979,.T.);
#3979 = EDGE_CURVE('',#3641,#3897,#3980,.T.);
#3980 = LINE('',#3981,#3982);
#3981 = CARTESIAN_POINT('',(0.5,3.267949185433E-02,-0.39));
#3982 = VECTOR('',#3983,1.);
#3983 = DIRECTION('',(1.,0.,-1.355252715607E-16));
#3984 = ORIENTED_EDGE('',*,*,#3896,.T.);
#3985 = PLANE('',#3986);
#3986 = AXIS2_PLACEMENT_3D('',#3987,#3988,#3989);
#3987 = CARTESIAN_POINT('',(-7.895601932036E-17,0.,-0.39));
#3988 = DIRECTION('',(-2.007781800899E-16,0.,-1.));
#3989 = DIRECTION('',(-1.,0.,2.007781800899E-16));
#3990 = ADVANCED_FACE('',(#3991),#4018,.F.);
#3991 = FACE_BOUND('',#3992,.T.);
#3992 = EDGE_LOOP('',(#3993,#3994,#4003,#4011));
#3993 = ORIENTED_EDGE('',*,*,#3794,.T.);
#3994 = ORIENTED_EDGE('',*,*,#3995,.T.);
#3995 = EDGE_CURVE('',#3787,#3996,#3998,.T.);
#3996 = VERTEX_POINT('',#3997);
#3997 = CARTESIAN_POINT('',(-0.77,3.267949192431E-02,-0.39));
#3998 = CIRCLE('',#3999,2.E-02);
#3999 = AXIS2_PLACEMENT_3D('',#4000,#4001,#4002);
#4000 = CARTESIAN_POINT('',(-0.77,5.E-02,-0.38));
#4001 = DIRECTION('',(-1.,-2.771766861179E-16,1.355252715607E-16));
#4002 = DIRECTION('',(-2.771766861179E-16,1.,3.756444565642E-32));
#4003 = ORIENTED_EDGE('',*,*,#4004,.F.);
#4004 = EDGE_CURVE('',#4005,#3996,#4007,.T.);
#4005 = VERTEX_POINT('',#4006);
#4006 = CARTESIAN_POINT('',(-0.77,0.418479731339,-0.39));
#4007 = LINE('',#4008,#4009);
#4008 = CARTESIAN_POINT('',(-0.77,3.E-02,-0.39));
#4009 = VECTOR('',#4010,1.);
#4010 = DIRECTION('',(2.771766861179E-16,-1.,-0.));
#4011 = ORIENTED_EDGE('',*,*,#4012,.T.);
#4012 = EDGE_CURVE('',#4005,#3795,#4013,.T.);
#4013 = CIRCLE('',#4014,2.E-02);
#4014 = AXIS2_PLACEMENT_3D('',#4015,#4016,#4017);
#4015 = CARTESIAN_POINT('',(-0.77,0.401159223263,-0.38));
#4016 = DIRECTION('',(-1.,-2.771766861179E-16,1.355252715607E-16));
#4017 = DIRECTION('',(-2.771766861179E-16,1.,3.756444565642E-32));
#4018 = PLANE('',#4019);
#4019 = AXIS2_PLACEMENT_3D('',#4020,#4021,#4022);
#4020 = CARTESIAN_POINT('',(-0.77,3.E-02,-0.39));
#4021 = DIRECTION('',(1.,2.771766861179E-16,-1.355252715607E-16));
#4022 = DIRECTION('',(-2.771766861179E-16,1.,0.));
#4023 = ADVANCED_FACE('',(#4024),#4083,.F.);
#4024 = FACE_BOUND('',#4025,.T.);
#4025 = EDGE_LOOP('',(#4026,#4036,#4044,#4050,#4051,#4057,#4058,#4065,
    #4066,#4077));
#4026 = ORIENTED_EDGE('',*,*,#4027,.T.);
#4027 = EDGE_CURVE('',#4028,#4030,#4032,.T.);
#4028 = VERTEX_POINT('',#4029);
#4029 = CARTESIAN_POINT('',(-0.78,0.431159223263,-0.39));
#4030 = VERTEX_POINT('',#4031);
#4031 = CARTESIAN_POINT('',(-0.52,0.431159223263,-0.39));
#4032 = LINE('',#4033,#4034);
#4033 = CARTESIAN_POINT('',(-0.52,0.431159223263,-0.39));
#4034 = VECTOR('',#4035,1.);
#4035 = DIRECTION('',(1.,0.,-1.807003620809E-16));
#4036 = ORIENTED_EDGE('',*,*,#4037,.T.);
#4037 = EDGE_CURVE('',#4030,#4038,#4040,.T.);
#4038 = VERTEX_POINT('',#4039);
#4039 = CARTESIAN_POINT('',(-0.52,0.418479731409,-0.39));
#4040 = LINE('',#4041,#4042);
#4041 = CARTESIAN_POINT('',(-0.52,-3.758567531283E-15,-0.39));
#4042 = VECTOR('',#4043,1.);
#4043 = DIRECTION('',(7.228014483237E-15,-1.,0.));
#4044 = ORIENTED_EDGE('',*,*,#4045,.T.);
#4045 = EDGE_CURVE('',#4038,#4005,#4046,.T.);
#4046 = LINE('',#4047,#4048);
#4047 = CARTESIAN_POINT('',(-0.5,0.418479731409,-0.39));
#4048 = VECTOR('',#4049,1.);
#4049 = DIRECTION('',(-1.,0.,1.355252715607E-16));
#4050 = ORIENTED_EDGE('',*,*,#4004,.T.);
#4051 = ORIENTED_EDGE('',*,*,#4052,.T.);
#4052 = EDGE_CURVE('',#3996,#3437,#4053,.T.);
#4053 = LINE('',#4054,#4055);
#4054 = CARTESIAN_POINT('',(-0.77,3.267949192431E-02,-0.39));
#4055 = VECTOR('',#4056,1.);
#4056 = DIRECTION('',(1.,0.,-1.355252715607E-16));
#4057 = ORIENTED_EDGE('',*,*,#3436,.T.);
#4058 = ORIENTED_EDGE('',*,*,#4059,.T.);
#4059 = EDGE_CURVE('',#3429,#3328,#4060,.T.);
#4060 = CIRCLE('',#4061,2.E-02);
#4061 = AXIS2_PLACEMENT_3D('',#4062,#4063,#4064);
#4062 = CARTESIAN_POINT('',(-0.52,2.E-02,-0.39));
#4063 = DIRECTION('',(-1.807003620809E-16,-1.306104834247E-30,-1.));
#4064 = DIRECTION('',(1.,-7.115076756936E-15,-1.807003620809E-16));
#4065 = ORIENTED_EDGE('',*,*,#3327,.T.);
#4066 = ORIENTED_EDGE('',*,*,#4067,.T.);
#4067 = EDGE_CURVE('',#3307,#4068,#4070,.T.);
#4068 = VERTEX_POINT('',#4069);
#4069 = CARTESIAN_POINT('',(-0.779999991833,0.366385174427,-0.39));
#4070 = B_SPLINE_CURVE_WITH_KNOTS('',3,(#4071,#4072,#4073,#4074,#4075,
    #4076),.UNSPECIFIED.,.F.,.F.,(4,2,4),(7.438240519811E-18,
    2.027018445589E-04,4.054036891178E-04),.UNSPECIFIED.);
#4071 = CARTESIAN_POINT('',(-0.922112489232,0.,-0.39));
#4072 = CARTESIAN_POINT('',(-0.875840691093,4.923774305254E-02,-0.39));
#4073 = CARTESIAN_POINT('',(-0.838721128358,0.106924588407,-0.39));
#4074 = CARTESIAN_POINT('',(-0.791079802782,0.231326063613,-0.39));
#4075 = CARTESIAN_POINT('',(-0.780061010276,0.2988673458,-0.39));
#4076 = CARTESIAN_POINT('',(-0.779999991833,0.366385174427,-0.39));
#4077 = ORIENTED_EDGE('',*,*,#4078,.T.);
#4078 = EDGE_CURVE('',#4068,#4028,#4079,.T.);
#4079 = LINE('',#4080,#4081);
#4080 = CARTESIAN_POINT('',(-0.78,-5.224419336988E-31,-0.39));
#4081 = VECTOR('',#4082,1.);
#4082 = DIRECTION('',(3.889384548663E-62,1.,-1.306104834247E-30));
#4083 = PLANE('',#4084);
#4084 = AXIS2_PLACEMENT_3D('',#4085,#4086,#4087);
#4085 = CARTESIAN_POINT('',(-7.092489211676E-17,-5.224419336988E-31,
    -0.39));
#4086 = DIRECTION('',(1.807003620809E-16,1.306104834247E-30,1.));
#4087 = DIRECTION('',(1.,0.,-1.807003620809E-16));
#4088 = ADVANCED_FACE('',(#4089),#4116,.F.);
#4089 = FACE_BOUND('',#4090,.T.);
#4090 = EDGE_LOOP('',(#4091,#4101,#4108,#4109));
#4091 = ORIENTED_EDGE('',*,*,#4092,.F.);
#4092 = EDGE_CURVE('',#4093,#4095,#4097,.T.);
#4093 = VERTEX_POINT('',#4094);
#4094 = CARTESIAN_POINT('',(-0.77,3.267949192431E-02,0.39));
#4095 = VERTEX_POINT('',#4096);
#4096 = CARTESIAN_POINT('',(-0.77,0.418479731339,0.39));
#4097 = LINE('',#4098,#4099);
#4098 = CARTESIAN_POINT('',(-0.77,0.421159223263,0.39));
#4099 = VECTOR('',#4100,1.);
#4100 = DIRECTION('',(-0.,1.,-0.));
#4101 = ORIENTED_EDGE('',*,*,#4102,.T.);
#4102 = EDGE_CURVE('',#4093,#3737,#4103,.T.);
#4103 = CIRCLE('',#4104,2.E-02);
#4104 = AXIS2_PLACEMENT_3D('',#4105,#4106,#4107);
#4105 = CARTESIAN_POINT('',(-0.77,5.E-02,0.38));
#4106 = DIRECTION('',(-1.,-0.,-0.));
#4107 = DIRECTION('',(0.,0.,-1.));
#4108 = ORIENTED_EDGE('',*,*,#3736,.T.);
#4109 = ORIENTED_EDGE('',*,*,#4110,.T.);
#4110 = EDGE_CURVE('',#3739,#4095,#4111,.T.);
#4111 = CIRCLE('',#4112,2.E-02);
#4112 = AXIS2_PLACEMENT_3D('',#4113,#4114,#4115);
#4113 = CARTESIAN_POINT('',(-0.77,0.401159223263,0.38));
#4114 = DIRECTION('',(-1.,0.,-0.));
#4115 = DIRECTION('',(0.,2.710505431214E-15,-1.));
#4116 = PLANE('',#4117);
#4117 = AXIS2_PLACEMENT_3D('',#4118,#4119,#4120);
#4118 = CARTESIAN_POINT('',(-0.77,0.421159223263,0.39));
#4119 = DIRECTION('',(1.,0.,0.));
#4120 = DIRECTION('',(0.,0.,-1.));
#4121 = ADVANCED_FACE('',(#4122),#4181,.T.);
#4122 = FACE_BOUND('',#4123,.T.);
#4123 = EDGE_LOOP('',(#4124,#4132,#4140,#4148,#4156,#4165,#4166,#4173,
    #4174,#4180));
#4124 = ORIENTED_EDGE('',*,*,#4125,.T.);
#4125 = EDGE_CURVE('',#4095,#4126,#4128,.T.);
#4126 = VERTEX_POINT('',#4127);
#4127 = CARTESIAN_POINT('',(-0.52,0.418479731339,0.39));
#4128 = LINE('',#4129,#4130);
#4129 = CARTESIAN_POINT('',(-0.77,0.418479731339,0.39));
#4130 = VECTOR('',#4131,1.);
#4131 = DIRECTION('',(1.,-0.,-1.355252715607E-16));
#4132 = ORIENTED_EDGE('',*,*,#4133,.T.);
#4133 = EDGE_CURVE('',#4126,#4134,#4136,.T.);
#4134 = VERTEX_POINT('',#4135);
#4135 = CARTESIAN_POINT('',(-0.52,0.431159223263,0.39));
#4136 = LINE('',#4137,#4138);
#4137 = CARTESIAN_POINT('',(-0.52,0.431159223263,0.39));
#4138 = VECTOR('',#4139,1.);
#4139 = DIRECTION('',(-7.228014483237E-15,1.,0.));
#4140 = ORIENTED_EDGE('',*,*,#4141,.T.);
#4141 = EDGE_CURVE('',#4134,#4142,#4144,.T.);
#4142 = VERTEX_POINT('',#4143);
#4143 = CARTESIAN_POINT('',(-0.78,0.431159223263,0.39));
#4144 = LINE('',#4145,#4146);
#4145 = CARTESIAN_POINT('',(0.,0.431159223263,0.39));
#4146 = VECTOR('',#4147,1.);
#4147 = DIRECTION('',(-1.,0.,0.));
#4148 = ORIENTED_EDGE('',*,*,#4149,.T.);
#4149 = EDGE_CURVE('',#4142,#4150,#4152,.T.);
#4150 = VERTEX_POINT('',#4151);
#4151 = CARTESIAN_POINT('',(-0.779999991833,0.366385174427,0.39));
#4152 = LINE('',#4153,#4154);
#4153 = CARTESIAN_POINT('',(-0.78,0.366385174434,0.39));
#4154 = VECTOR('',#4155,1.);
#4155 = DIRECTION('',(0.,-1.,0.));
#4156 = ORIENTED_EDGE('',*,*,#4157,.T.);
#4157 = EDGE_CURVE('',#4150,#3344,#4158,.T.);
#4158 = B_SPLINE_CURVE_WITH_KNOTS('',3,(#4159,#4160,#4161,#4162,#4163,
    #4164),.UNSPECIFIED.,.F.,.F.,(4,2,4),(0.,2.025648867903E-04,
    4.051297735806E-04),.UNSPECIFIED.);
#4159 = CARTESIAN_POINT('',(-0.779999991833,0.366385174427,0.39));
#4160 = CARTESIAN_POINT('',(-0.780061015496,0.298861569508,0.39));
#4161 = CARTESIAN_POINT('',(-0.79109857794,0.231249415232,0.39));
#4162 = CARTESIAN_POINT('',(-0.838755291784,0.106863033769,0.39));
#4163 = CARTESIAN_POINT('',(-0.87584737973,4.923062568609E-02,0.39));
#4164 = CARTESIAN_POINT('',(-0.922112489232,0.,0.39));
#4165 = ORIENTED_EDGE('',*,*,#3343,.T.);
#4166 = ORIENTED_EDGE('',*,*,#4167,.T.);
#4167 = EDGE_CURVE('',#3336,#3419,#4168,.T.);
#4168 = CIRCLE('',#4169,2.E-02);
#4169 = AXIS2_PLACEMENT_3D('',#4170,#4171,#4172);
#4170 = CARTESIAN_POINT('',(-0.52,2.E-02,0.39));
#4171 = DIRECTION('',(0.,-0.,1.));
#4172 = DIRECTION('',(1.,0.,0.));
#4173 = ORIENTED_EDGE('',*,*,#3418,.T.);
#4174 = ORIENTED_EDGE('',*,*,#4175,.T.);
#4175 = EDGE_CURVE('',#3421,#4093,#4176,.T.);
#4176 = LINE('',#4177,#4178);
#4177 = CARTESIAN_POINT('',(-0.5,3.267949185433E-02,0.39));
#4178 = VECTOR('',#4179,1.);
#4179 = DIRECTION('',(-1.,-0.,1.355252715607E-16));
#4180 = ORIENTED_EDGE('',*,*,#4092,.T.);
#4181 = PLANE('',#4182);
#4182 = AXIS2_PLACEMENT_3D('',#4183,#4184,#4185);
#4183 = CARTESIAN_POINT('',(0.,0.,0.39));
#4184 = DIRECTION('',(0.,-0.,1.));
#4185 = DIRECTION('',(1.,0.,0.));
#4186 = ADVANCED_FACE('',(#4187),#4214,.F.);
#4187 = FACE_BOUND('',#4188,.T.);
#4188 = EDGE_LOOP('',(#4189,#4190,#4199,#4207));
#4189 = ORIENTED_EDGE('',*,*,#3754,.T.);
#4190 = ORIENTED_EDGE('',*,*,#4191,.T.);
#4191 = EDGE_CURVE('',#3747,#4192,#4194,.T.);
#4192 = VERTEX_POINT('',#4193);
#4193 = CARTESIAN_POINT('',(0.77,3.267949192431E-02,0.39));
#4194 = CIRCLE('',#4195,2.E-02);
#4195 = AXIS2_PLACEMENT_3D('',#4196,#4197,#4198);
#4196 = CARTESIAN_POINT('',(0.77,5.E-02,0.38));
#4197 = DIRECTION('',(1.,-2.771766861179E-16,-0.));
#4198 = DIRECTION('',(-2.771766861179E-16,-1.,0.));
#4199 = ORIENTED_EDGE('',*,*,#4200,.F.);
#4200 = EDGE_CURVE('',#4201,#4192,#4203,.T.);
#4201 = VERTEX_POINT('',#4202);
#4202 = CARTESIAN_POINT('',(0.77,0.418479731339,0.39));
#4203 = LINE('',#4204,#4205);
#4204 = CARTESIAN_POINT('',(0.77,3.E-02,0.39));
#4205 = VECTOR('',#4206,1.);
#4206 = DIRECTION('',(-2.771766861179E-16,-1.,-0.));
#4207 = ORIENTED_EDGE('',*,*,#4208,.T.);
#4208 = EDGE_CURVE('',#4201,#3755,#4209,.T.);
#4209 = CIRCLE('',#4210,2.E-02);
#4210 = AXIS2_PLACEMENT_3D('',#4211,#4212,#4213);
#4211 = CARTESIAN_POINT('',(0.77,0.401159223263,0.38));
#4212 = DIRECTION('',(1.,-2.771766861179E-16,-0.));
#4213 = DIRECTION('',(-2.771766861179E-16,-1.,0.));
#4214 = PLANE('',#4215);
#4215 = AXIS2_PLACEMENT_3D('',#4216,#4217,#4218);
#4216 = CARTESIAN_POINT('',(0.77,3.E-02,0.39));
#4217 = DIRECTION('',(-1.,2.771766861179E-16,0.));
#4218 = DIRECTION('',(-2.771766861179E-16,-1.,0.));
#4219 = ADVANCED_FACE('',(#4220),#4279,.F.);
#4220 = FACE_BOUND('',#4221,.T.);
#4221 = EDGE_LOOP('',(#4222,#4232,#4240,#4246,#4247,#4253,#4254,#4261,
    #4262,#4273));
#4222 = ORIENTED_EDGE('',*,*,#4223,.T.);
#4223 = EDGE_CURVE('',#4224,#4226,#4228,.T.);
#4224 = VERTEX_POINT('',#4225);
#4225 = CARTESIAN_POINT('',(0.78,0.431159223263,0.39));
#4226 = VERTEX_POINT('',#4227);
#4227 = CARTESIAN_POINT('',(0.52,0.431159223263,0.39));
#4228 = LINE('',#4229,#4230);
#4229 = CARTESIAN_POINT('',(0.52,0.431159223263,0.39));
#4230 = VECTOR('',#4231,1.);
#4231 = DIRECTION('',(-1.,-0.,0.));
#4232 = ORIENTED_EDGE('',*,*,#4233,.T.);
#4233 = EDGE_CURVE('',#4226,#4234,#4236,.T.);
#4234 = VERTEX_POINT('',#4235);
#4235 = CARTESIAN_POINT('',(0.52,0.418479731409,0.39));
#4236 = LINE('',#4237,#4238);
#4237 = CARTESIAN_POINT('',(0.52,0.,0.39));
#4238 = VECTOR('',#4239,1.);
#4239 = DIRECTION('',(0.,-1.,0.));
#4240 = ORIENTED_EDGE('',*,*,#4241,.T.);
#4241 = EDGE_CURVE('',#4234,#4201,#4242,.T.);
#4242 = LINE('',#4243,#4244);
#4243 = CARTESIAN_POINT('',(0.5,0.418479731409,0.39));
#4244 = VECTOR('',#4245,1.);
#4245 = DIRECTION('',(1.,-0.,-1.355252715607E-16));
#4246 = ORIENTED_EDGE('',*,*,#4200,.T.);
#4247 = ORIENTED_EDGE('',*,*,#4248,.T.);
#4248 = EDGE_CURVE('',#4192,#3657,#4249,.T.);
#4249 = LINE('',#4250,#4251);
#4250 = CARTESIAN_POINT('',(0.77,3.267949192431E-02,0.39));
#4251 = VECTOR('',#4252,1.);
#4252 = DIRECTION('',(-1.,-0.,1.355252715607E-16));
#4253 = ORIENTED_EDGE('',*,*,#3656,.T.);
#4254 = ORIENTED_EDGE('',*,*,#4255,.T.);
#4255 = EDGE_CURVE('',#3649,#3548,#4256,.T.);
#4256 = CIRCLE('',#4257,2.E-02);
#4257 = AXIS2_PLACEMENT_3D('',#4258,#4259,#4260);
#4258 = CARTESIAN_POINT('',(0.52,2.E-02,0.39));
#4259 = DIRECTION('',(0.,0.,1.));
#4260 = DIRECTION('',(-1.,0.,0.));
#4261 = ORIENTED_EDGE('',*,*,#3547,.T.);
#4262 = ORIENTED_EDGE('',*,*,#4263,.T.);
#4263 = EDGE_CURVE('',#3527,#4264,#4266,.T.);
#4264 = VERTEX_POINT('',#4265);
#4265 = CARTESIAN_POINT('',(0.779999991833,0.366385174427,0.39));
#4266 = B_SPLINE_CURVE_WITH_KNOTS('',3,(#4267,#4268,#4269,#4270,#4271,
    #4272),.UNSPECIFIED.,.F.,.F.,(4,2,4),(7.320607597345E-18,
    2.027018445589E-04,4.054036891178E-04),.UNSPECIFIED.);
#4267 = CARTESIAN_POINT('',(0.922112489232,0.,0.39));
#4268 = CARTESIAN_POINT('',(0.875840691093,4.923774305254E-02,0.39));
#4269 = CARTESIAN_POINT('',(0.838721128358,0.106924588407,0.39));
#4270 = CARTESIAN_POINT('',(0.791079802782,0.231326063613,0.39));
#4271 = CARTESIAN_POINT('',(0.780061010276,0.2988673458,0.39));
#4272 = CARTESIAN_POINT('',(0.779999991833,0.366385174427,0.39));
#4273 = ORIENTED_EDGE('',*,*,#4274,.T.);
#4274 = EDGE_CURVE('',#4264,#4224,#4275,.T.);
#4275 = LINE('',#4276,#4277);
#4276 = CARTESIAN_POINT('',(0.78,0.,0.39));
#4277 = VECTOR('',#4278,1.);
#4278 = DIRECTION('',(0.,1.,0.));
#4279 = PLANE('',#4280);
#4280 = AXIS2_PLACEMENT_3D('',#4281,#4282,#4283);
#4281 = CARTESIAN_POINT('',(0.,0.,0.39));
#4282 = DIRECTION('',(0.,0.,-1.));
#4283 = DIRECTION('',(-1.,0.,0.));
#4284 = ADVANCED_FACE('',(#4285),#4307,.T.);
#4285 = FACE_BOUND('',#4286,.T.);
#4286 = EDGE_LOOP('',(#4287,#4288,#4297,#4298));
#4287 = ORIENTED_EDGE('',*,*,#3234,.T.);
#4288 = ORIENTED_EDGE('',*,*,#4289,.T.);
#4289 = EDGE_CURVE('',#3227,#3519,#4290,.T.);
#4290 = B_SPLINE_CURVE_WITH_KNOTS('',3,(#4291,#4292,#4293,#4294,#4295,
    #4296),.UNSPECIFIED.,.F.,.F.,(4,2,4),(-5.999999979655E-08,
    2.0354820881E-04,4.071564176198E-04),.UNSPECIFIED.);
#4291 = CARTESIAN_POINT('',(0.8,0.366385174434,0.37));
#4292 = CARTESIAN_POINT('',(0.800064562491,0.298515802206,0.37));
#4293 = CARTESIAN_POINT('',(0.81168628451,0.230070742648,0.37));
#4294 = CARTESIAN_POINT('',(0.862207404557,0.105384194481,0.37));
#4295 = CARTESIAN_POINT('',(0.901640832183,4.812037655734E-02,0.37));
#4296 = CARTESIAN_POINT('',(0.95,0.,0.37));
#4297 = ORIENTED_EDGE('',*,*,#3516,.F.);
#4298 = ORIENTED_EDGE('',*,*,#4299,.T.);
#4299 = EDGE_CURVE('',#3517,#3235,#4300,.T.);
#4300 = B_SPLINE_CURVE_WITH_KNOTS('',3,(#4301,#4302,#4303,#4304,#4305,
    #4306),.UNSPECIFIED.,.F.,.F.,(4,2,4),(-5.999999975955E-08,
    2.045589569197E-04,4.091779138391E-04),.UNSPECIFIED.);
#4301 = CARTESIAN_POINT('',(0.95,0.,-0.37));
#4302 = CARTESIAN_POINT('',(0.901651628016,4.810963403285E-02,-0.37));
#4303 = CARTESIAN_POINT('',(0.862207342877,0.105384287805,-0.37));
#4304 = CARTESIAN_POINT('',(0.811686228343,0.230070940171,-0.37));
#4305 = CARTESIAN_POINT('',(0.800061607565,0.298215473934,-0.37));
#4306 = CARTESIAN_POINT('',(0.8,0.366385174434,-0.37));
#4307 = B_SPLINE_SURFACE_WITH_KNOTS('',2,1,(
    (#4308,#4309)
    ,(#4310,#4311)
    ,(#4312,#4313
    )),.UNSPECIFIED.,.F.,.F.,.F.,(3,3),(2,2),(0.,1.),(0.,1.),
  .PIECEWISE_BEZIER_KNOTS.);
#4308 = CARTESIAN_POINT('',(0.95,0.,-0.37));
#4309 = CARTESIAN_POINT('',(0.95,0.,0.37));
#4310 = CARTESIAN_POINT('',(0.800196401555,0.149063887825,-0.37));
#4311 = CARTESIAN_POINT('',(0.800196401555,0.149063887825,0.37));
#4312 = CARTESIAN_POINT('',(0.8,0.366385174434,-0.37));
#4313 = CARTESIAN_POINT('',(0.8,0.366385174434,0.37));
#4314 = ADVANCED_FACE('',(#4315),#4337,.T.);
#4315 = FACE_BOUND('',#4316,.T.);
#4316 = EDGE_LOOP('',(#4317,#4318,#4327,#4328));
#4317 = ORIENTED_EDGE('',*,*,#3396,.F.);
#4318 = ORIENTED_EDGE('',*,*,#4319,.T.);
#4319 = EDGE_CURVE('',#3389,#3297,#4320,.T.);
#4320 = B_SPLINE_CURVE_WITH_KNOTS('',3,(#4321,#4322,#4323,#4324,#4325,
    #4326),.UNSPECIFIED.,.F.,.F.,(4,2,4),(-5.999999979661E-08,
    2.0354820881E-04,4.071564176198E-04),.UNSPECIFIED.);
#4321 = CARTESIAN_POINT('',(-0.8,0.366385174434,-0.37));
#4322 = CARTESIAN_POINT('',(-0.800064562491,0.298515802206,-0.37));
#4323 = CARTESIAN_POINT('',(-0.81168628451,0.230070742648,-0.37));
#4324 = CARTESIAN_POINT('',(-0.862207404557,0.105384194481,-0.37));
#4325 = CARTESIAN_POINT('',(-0.901640832183,4.812037655734E-02,-0.37));
#4326 = CARTESIAN_POINT('',(-0.95,0.,-0.37));
#4327 = ORIENTED_EDGE('',*,*,#3296,.T.);
#4328 = ORIENTED_EDGE('',*,*,#4329,.T.);
#4329 = EDGE_CURVE('',#3299,#3397,#4330,.T.);
#4330 = B_SPLINE_CURVE_WITH_KNOTS('',3,(#4331,#4332,#4333,#4334,#4335,
    #4336),.UNSPECIFIED.,.F.,.F.,(4,2,4),(-5.999999975951E-08,
    2.045589569197E-04,4.091779138391E-04),.UNSPECIFIED.);
#4331 = CARTESIAN_POINT('',(-0.95,0.,0.37));
#4332 = CARTESIAN_POINT('',(-0.901651628016,4.810963403285E-02,0.37));
#4333 = CARTESIAN_POINT('',(-0.862207342877,0.105384287805,0.37));
#4334 = CARTESIAN_POINT('',(-0.811686228343,0.230070940171,0.37));
#4335 = CARTESIAN_POINT('',(-0.800061607565,0.298215473934,0.37));
#4336 = CARTESIAN_POINT('',(-0.8,0.366385174434,0.37));
#4337 = B_SPLINE_SURFACE_WITH_KNOTS('',2,1,(
    (#4338,#4339)
    ,(#4340,#4341)
    ,(#4342,#4343
    )),.UNSPECIFIED.,.F.,.F.,.F.,(3,3),(2,2),(0.,1.),(0.,1.),
  .PIECEWISE_BEZIER_KNOTS.);
#4338 = CARTESIAN_POINT('',(-0.8,0.366385174434,-0.37));
#4339 = CARTESIAN_POINT('',(-0.8,0.366385174434,0.37));
#4340 = CARTESIAN_POINT('',(-0.800196401555,0.149063887825,-0.37));
#4341 = CARTESIAN_POINT('',(-0.800196401555,0.149063887825,0.37));
#4342 = CARTESIAN_POINT('',(-0.95,0.,-0.37));
#4343 = CARTESIAN_POINT('',(-0.95,0.,0.37));
#4344 = ADVANCED_FACE('',(#4345),#4351,.T.);
#4345 = FACE_BOUND('',#4346,.T.);
#4346 = EDGE_LOOP('',(#4347,#4348,#4349,#4350));
#4347 = ORIENTED_EDGE('',*,*,#3971,.F.);
#4348 = ORIENTED_EDGE('',*,*,#3555,.F.);
#4349 = ORIENTED_EDGE('',*,*,#4255,.F.);
#4350 = ORIENTED_EDGE('',*,*,#3648,.F.);
#4351 = CYLINDRICAL_SURFACE('',#4352,2.E-02);
#4352 = AXIS2_PLACEMENT_3D('',#4353,#4354,#4355);
#4353 = CARTESIAN_POINT('',(0.52,2.E-02,9.6));
#4354 = DIRECTION('',(-1.355252715607E-16,0.,-1.));
#4355 = DIRECTION('',(-1.,0.,1.355252715607E-16));
#4356 = ADVANCED_FACE('',(#4357),#4363,.T.);
#4357 = FACE_BOUND('',#4358,.T.);
#4358 = EDGE_LOOP('',(#4359,#4360,#4361,#4362));
#4359 = ORIENTED_EDGE('',*,*,#4167,.F.);
#4360 = ORIENTED_EDGE('',*,*,#3335,.F.);
#4361 = ORIENTED_EDGE('',*,*,#4059,.F.);
#4362 = ORIENTED_EDGE('',*,*,#3428,.F.);
#4363 = CYLINDRICAL_SURFACE('',#4364,2.E-02);
#4364 = AXIS2_PLACEMENT_3D('',#4365,#4366,#4367);
#4365 = CARTESIAN_POINT('',(-0.52,2.E-02,9.6));
#4366 = DIRECTION('',(1.355252715607E-16,0.,1.));
#4367 = DIRECTION('',(1.,0.,-1.355252715607E-16));
#4368 = ADVANCED_FACE('',(#4369),#4387,.T.);
#4369 = FACE_BOUND('',#4370,.T.);
#4370 = EDGE_LOOP('',(#4371,#4372,#4379,#4380));
#4371 = ORIENTED_EDGE('',*,*,#3274,.F.);
#4372 = ORIENTED_EDGE('',*,*,#4373,.T.);
#4373 = EDGE_CURVE('',#3267,#3381,#4374,.T.);
#4374 = CIRCLE('',#4375,2.E-02);
#4375 = AXIS2_PLACEMENT_3D('',#4376,#4377,#4378);
#4376 = CARTESIAN_POINT('',(-0.78,0.431159223263,-0.37));
#4377 = DIRECTION('',(0.,-0.,1.));
#4378 = DIRECTION('',(-1.,0.,0.));
#4379 = ORIENTED_EDGE('',*,*,#3378,.F.);
#4380 = ORIENTED_EDGE('',*,*,#4381,.T.);
#4381 = EDGE_CURVE('',#3379,#3275,#4382,.T.);
#4382 = CIRCLE('',#4383,2.E-02);
#4383 = AXIS2_PLACEMENT_3D('',#4384,#4385,#4386);
#4384 = CARTESIAN_POINT('',(-0.78,0.431159223263,0.37));
#4385 = DIRECTION('',(0.,0.,-1.));
#4386 = DIRECTION('',(-1.,0.,0.));
#4387 = CYLINDRICAL_SURFACE('',#4388,2.E-02);
#4388 = AXIS2_PLACEMENT_3D('',#4389,#4390,#4391);
#4389 = CARTESIAN_POINT('',(-0.78,0.431159223263,0.));
#4390 = DIRECTION('',(0.,0.,-1.));
#4391 = DIRECTION('',(-1.,0.,0.));
#4392 = ADVANCED_FACE('',(#4393),#4411,.T.);
#4393 = FACE_BOUND('',#4394,.T.);
#4394 = EDGE_LOOP('',(#4395,#4396,#4403,#4404));
#4395 = ORIENTED_EDGE('',*,*,#3616,.F.);
#4396 = ORIENTED_EDGE('',*,*,#4397,.T.);
#4397 = EDGE_CURVE('',#3609,#3219,#4398,.T.);
#4398 = CIRCLE('',#4399,2.E-02);
#4399 = AXIS2_PLACEMENT_3D('',#4400,#4401,#4402);
#4400 = CARTESIAN_POINT('',(0.78,0.431159223263,0.37));
#4401 = DIRECTION('',(0.,0.,-1.));
#4402 = DIRECTION('',(1.,0.,0.));
#4403 = ORIENTED_EDGE('',*,*,#3216,.F.);
#4404 = ORIENTED_EDGE('',*,*,#4405,.T.);
#4405 = EDGE_CURVE('',#3217,#3617,#4406,.T.);
#4406 = CIRCLE('',#4407,2.E-02);
#4407 = AXIS2_PLACEMENT_3D('',#4408,#4409,#4410);
#4408 = CARTESIAN_POINT('',(0.78,0.431159223263,-0.37));
#4409 = DIRECTION('',(0.,-0.,1.));
#4410 = DIRECTION('',(1.,0.,0.));
#4411 = CYLINDRICAL_SURFACE('',#4412,2.E-02);
#4412 = AXIS2_PLACEMENT_3D('',#4413,#4414,#4415);
#4413 = CARTESIAN_POINT('',(0.78,0.431159223263,0.));
#4414 = DIRECTION('',(0.,-0.,1.));
#4415 = DIRECTION('',(1.,0.,0.));
#4416 = ADVANCED_FACE('',(#4417),#4435,.T.);
#4417 = FACE_BOUND('',#4418,.T.);
#4418 = EDGE_LOOP('',(#4419,#4420,#4427,#4428));
#4419 = ORIENTED_EDGE('',*,*,#3714,.F.);
#4420 = ORIENTED_EDGE('',*,*,#4421,.T.);
#4421 = EDGE_CURVE('',#3707,#3601,#4422,.T.);
#4422 = CIRCLE('',#4423,2.E-02);
#4423 = AXIS2_PLACEMENT_3D('',#4424,#4425,#4426);
#4424 = CARTESIAN_POINT('',(0.52,0.431159223263,0.37));
#4425 = DIRECTION('',(-1.355252715607E-16,0.,-1.));
#4426 = DIRECTION('',(1.,0.,-1.355252715607E-16));
#4427 = ORIENTED_EDGE('',*,*,#3598,.F.);
#4428 = ORIENTED_EDGE('',*,*,#4429,.T.);
#4429 = EDGE_CURVE('',#3599,#3715,#4430,.T.);
#4430 = CIRCLE('',#4431,2.E-02);
#4431 = AXIS2_PLACEMENT_3D('',#4432,#4433,#4434);
#4432 = CARTESIAN_POINT('',(0.52,0.431159223263,-0.37));
#4433 = DIRECTION('',(1.355252715607E-16,-0.,1.));
#4434 = DIRECTION('',(1.,0.,-1.355252715607E-16));
#4435 = CYLINDRICAL_SURFACE('',#4436,2.E-02);
#4436 = AXIS2_PLACEMENT_3D('',#4437,#4438,#4439);
#4437 = CARTESIAN_POINT('',(0.52,0.431159223263,9.6));
#4438 = DIRECTION('',(1.355252715607E-16,-0.,1.));
#4439 = DIRECTION('',(1.,0.,-1.355252715607E-16));
#4440 = ADVANCED_FACE('',(#4441),#4459,.T.);
#4441 = FACE_BOUND('',#4442,.T.);
#4442 = EDGE_LOOP('',(#4443,#4444,#4451,#4452));
#4443 = ORIENTED_EDGE('',*,*,#3494,.F.);
#4444 = ORIENTED_EDGE('',*,*,#4445,.T.);
#4445 = EDGE_CURVE('',#3487,#3259,#4446,.T.);
#4446 = CIRCLE('',#4447,2.E-02);
#4447 = AXIS2_PLACEMENT_3D('',#4448,#4449,#4450);
#4448 = CARTESIAN_POINT('',(-0.52,0.431159223263,-0.37));
#4449 = DIRECTION('',(1.355252715607E-16,0.,1.));
#4450 = DIRECTION('',(-1.,0.,1.355252715607E-16));
#4451 = ORIENTED_EDGE('',*,*,#3256,.F.);
#4452 = ORIENTED_EDGE('',*,*,#4453,.T.);
#4453 = EDGE_CURVE('',#3257,#3495,#4454,.T.);
#4454 = CIRCLE('',#4455,2.E-02);
#4455 = AXIS2_PLACEMENT_3D('',#4456,#4457,#4458);
#4456 = CARTESIAN_POINT('',(-0.52,0.431159223263,0.37));
#4457 = DIRECTION('',(-1.355252715607E-16,0.,-1.));
#4458 = DIRECTION('',(-1.,0.,1.355252715607E-16));
#4459 = CYLINDRICAL_SURFACE('',#4460,2.E-02);
#4460 = AXIS2_PLACEMENT_3D('',#4461,#4462,#4463);
#4461 = CARTESIAN_POINT('',(-0.52,0.431159223263,9.6));
#4462 = DIRECTION('',(-1.355252715607E-16,0.,-1.));
#4463 = DIRECTION('',(-1.,0.,1.355252715607E-16));
#4464 = ADVANCED_FACE('',(#4465),#4475,.T.);
#4465 = FACE_BOUND('',#4466,.T.);
#4466 = EDGE_LOOP('',(#4467,#4468,#4469,#4470,#4471,#4472,#4473,#4474));
#4467 = ORIENTED_EDGE('',*,*,#4191,.F.);
#4468 = ORIENTED_EDGE('',*,*,#3746,.F.);
#4469 = ORIENTED_EDGE('',*,*,#4102,.F.);
#4470 = ORIENTED_EDGE('',*,*,#4175,.F.);
#4471 = ORIENTED_EDGE('',*,*,#3461,.F.);
#4472 = ORIENTED_EDGE('',*,*,#3817,.F.);
#4473 = ORIENTED_EDGE('',*,*,#3664,.F.);
#4474 = ORIENTED_EDGE('',*,*,#4248,.F.);
#4475 = CYLINDRICAL_SURFACE('',#4476,2.E-02);
#4476 = AXIS2_PLACEMENT_3D('',#4477,#4478,#4479);
#4477 = CARTESIAN_POINT('',(4.524355922825E-17,5.E-02,0.38));
#4478 = DIRECTION('',(1.,0.,-1.355252715607E-16));
#4479 = DIRECTION('',(-1.355252715607E-16,0.,-1.));
#4480 = ADVANCED_FACE('',(#4481),#4521,.T.);
#4481 = FACE_BOUND('',#4482,.T.);
#4482 = EDGE_LOOP('',(#4483,#4484,#4500,#4501,#4517,#4518,#4519,#4520));
#4483 = ORIENTED_EDGE('',*,*,#4241,.F.);
#4484 = ORIENTED_EDGE('',*,*,#4485,.T.);
#4485 = EDGE_CURVE('',#4234,#3849,#4486,.T.);
#4486 = B_SPLINE_CURVE_WITH_KNOTS('',3,(#4487,#4488,#4489,#4490,#4491,
    #4492,#4493,#4494,#4495,#4496,#4497,#4498,#4499),.UNSPECIFIED.,.F.,
  .F.,(4,3,3,3,4),(0.,6.366254740012E-06,1.268961319408E-05,
    1.958900683403E-05,2.102101284705E-05),.UNSPECIFIED.);
#4487 = CARTESIAN_POINT('',(0.52,0.418479731409,0.39));
#4488 = CARTESIAN_POINT('',(0.517877915087,0.418479731409,0.39));
#4489 = CARTESIAN_POINT('',(0.515727974311,0.418692252642,0.389650542373
    ));
#4490 = CARTESIAN_POINT('',(0.513737206348,0.419022745218,0.388994141615
    ));
#4491 = CARTESIAN_POINT('',(0.51175444656,0.419351908335,0.388340381331)
  );
#4492 = CARTESIAN_POINT('',(0.50987096921,0.419796361416,0.387369896505)
  );
#4493 = CARTESIAN_POINT('',(0.508195023443,0.420191984881,0.386144427165
    ));
#4494 = CARTESIAN_POINT('',(0.506373619097,0.420621945273,0.384812596969
    ));
#4495 = CARTESIAN_POINT('',(0.504740520839,0.421004022954,0.383130526038
    ));
#4496 = CARTESIAN_POINT('',(0.503452156224,0.421121211255,0.381232491548
    ));
#4497 = CARTESIAN_POINT('',(0.503180093119,0.421145957831,0.380831684858
    ));
#4498 = CARTESIAN_POINT('',(0.502922018567,0.421159223264,0.380420068469
    ));
#4499 = CARTESIAN_POINT('',(0.502679491854,0.421159223263,0.38));
#4500 = ORIENTED_EDGE('',*,*,#3848,.F.);
#4501 = ORIENTED_EDGE('',*,*,#4502,.T.);
#4502 = EDGE_CURVE('',#3840,#4126,#4503,.T.);
#4503 = B_SPLINE_CURVE_WITH_KNOTS('',3,(#4504,#4505,#4506,#4507,#4508,
    #4509,#4510,#4511,#4512,#4513,#4514,#4515,#4516),.UNSPECIFIED.,.F.,
  .F.,(4,3,3,3,4),(0.,6.356643474375E-06,1.266128588269E-05,
    1.960191646322E-05,2.102211020103E-05),.UNSPECIFIED.);
#4504 = CARTESIAN_POINT('',(-0.502679491854,0.421159223263,0.38));
#4505 = CARTESIAN_POINT('',(-0.50373893243,0.421159223263,0.381835004912
    ));
#4506 = CARTESIAN_POINT('',(-0.50511234427,0.420899808158,0.383517506864
    ));
#4507 = CARTESIAN_POINT('',(-0.506669942142,0.420547142702,
    0.384910048895));
#4508 = CARTESIAN_POINT('',(-0.508219330076,0.420196336109,
    0.386295250978));
#4509 = CARTESIAN_POINT('',(-0.50999283306,0.419746849971,0.387439977451
    ));
#4510 = CARTESIAN_POINT('',(-0.51188738365,0.419364424295,0.388280740028
    ));
#4511 = CARTESIAN_POINT('',(-0.513963511129,0.418945346303,
    0.389202082693));
#4512 = CARTESIAN_POINT('',(-0.516256688042,0.418605032557,
    0.389781641082));
#4513 = CARTESIAN_POINT('',(-0.518558435162,0.418509661342,
    0.389947979617));
#4514 = CARTESIAN_POINT('',(-0.519037713003,0.418489802814,
    0.389982615209));
#4515 = CARTESIAN_POINT('',(-0.519519062131,0.418479731339,0.39));
#4516 = CARTESIAN_POINT('',(-0.52,0.418479731339,0.39));
#4517 = ORIENTED_EDGE('',*,*,#4125,.F.);
#4518 = ORIENTED_EDGE('',*,*,#4110,.F.);
#4519 = ORIENTED_EDGE('',*,*,#3762,.F.);
#4520 = ORIENTED_EDGE('',*,*,#4208,.F.);
#4521 = CYLINDRICAL_SURFACE('',#4522,2.E-02);
#4522 = AXIS2_PLACEMENT_3D('',#4523,#4524,#4525);
#4523 = CARTESIAN_POINT('',(0.8,0.401159223263,0.38));
#4524 = DIRECTION('',(-1.,0.,1.355252715607E-16));
#4525 = DIRECTION('',(1.355252715607E-16,0.,1.));
#4526 = ADVANCED_FACE('',(#4527),#4537,.T.);
#4527 = FACE_BOUND('',#4528,.T.);
#4528 = EDGE_LOOP('',(#4529,#4530,#4531,#4532,#4533,#4534,#4535,#4536));
#4529 = ORIENTED_EDGE('',*,*,#3681,.F.);
#4530 = ORIENTED_EDGE('',*,*,#3824,.F.);
#4531 = ORIENTED_EDGE('',*,*,#3444,.F.);
#4532 = ORIENTED_EDGE('',*,*,#4052,.F.);
#4533 = ORIENTED_EDGE('',*,*,#3995,.F.);
#4534 = ORIENTED_EDGE('',*,*,#3786,.F.);
#4535 = ORIENTED_EDGE('',*,*,#3906,.F.);
#4536 = ORIENTED_EDGE('',*,*,#3979,.F.);
#4537 = CYLINDRICAL_SURFACE('',#4538,2.E-02);
#4538 = AXIS2_PLACEMENT_3D('',#4539,#4540,#4541);
#4539 = CARTESIAN_POINT('',(0.8,5.E-02,-0.38));
#4540 = DIRECTION('',(1.,0.,-1.355252715607E-16));
#4541 = DIRECTION('',(-1.355252715607E-16,-0.,-1.));
#4542 = ADVANCED_FACE('',(#4543),#4583,.T.);
#4543 = FACE_BOUND('',#4544,.T.);
#4544 = EDGE_LOOP('',(#4545,#4546,#4547,#4548,#4549,#4565,#4566,#4582));
#4545 = ORIENTED_EDGE('',*,*,#3914,.F.);
#4546 = ORIENTED_EDGE('',*,*,#3802,.F.);
#4547 = ORIENTED_EDGE('',*,*,#4012,.F.);
#4548 = ORIENTED_EDGE('',*,*,#4045,.F.);
#4549 = ORIENTED_EDGE('',*,*,#4550,.T.);
#4550 = EDGE_CURVE('',#4038,#3874,#4551,.T.);
#4551 = B_SPLINE_CURVE_WITH_KNOTS('',3,(#4552,#4553,#4554,#4555,#4556,
    #4557,#4558,#4559,#4560,#4561,#4562,#4563,#4564),.UNSPECIFIED.,.F.,
  .F.,(4,3,3,3,4),(0.,6.366254740013E-06,1.268961319408E-05,
    1.958900683403E-05,2.102101284705E-05),.UNSPECIFIED.);
#4552 = CARTESIAN_POINT('',(-0.52,0.418479731409,-0.39));
#4553 = CARTESIAN_POINT('',(-0.517877915087,0.418479731409,-0.39));
#4554 = CARTESIAN_POINT('',(-0.515727974311,0.418692252642,
    -0.389650542373));
#4555 = CARTESIAN_POINT('',(-0.513737206348,0.419022745218,
    -0.388994141615));
#4556 = CARTESIAN_POINT('',(-0.51175444656,0.419351908335,
    -0.388340381331));
#4557 = CARTESIAN_POINT('',(-0.50987096921,0.419796361416,
    -0.387369896505));
#4558 = CARTESIAN_POINT('',(-0.508195023443,0.420191984881,
    -0.386144427165));
#4559 = CARTESIAN_POINT('',(-0.506373619097,0.420621945273,
    -0.384812596969));
#4560 = CARTESIAN_POINT('',(-0.504740520839,0.421004022954,
    -0.383130526038));
#4561 = CARTESIAN_POINT('',(-0.503452156224,0.421121211255,
    -0.381232491548));
#4562 = CARTESIAN_POINT('',(-0.503180093119,0.421145957831,
    -0.380831684858));
#4563 = CARTESIAN_POINT('',(-0.502922018567,0.421159223264,
    -0.380420068469));
#4564 = CARTESIAN_POINT('',(-0.502679491854,0.421159223263,-0.38));
#4565 = ORIENTED_EDGE('',*,*,#3873,.F.);
#4566 = ORIENTED_EDGE('',*,*,#4567,.T.);
#4567 = EDGE_CURVE('',#3865,#3930,#4568,.T.);
#4568 = B_SPLINE_CURVE_WITH_KNOTS('',3,(#4569,#4570,#4571,#4572,#4573,
    #4574,#4575,#4576,#4577,#4578,#4579,#4580,#4581),.UNSPECIFIED.,.F.,
  .F.,(4,3,3,3,4),(0.,6.356643474375E-06,1.266128588269E-05,
    1.960191646322E-05,2.102211020103E-05),.UNSPECIFIED.);
#4569 = CARTESIAN_POINT('',(0.502679491854,0.421159223263,-0.38));
#4570 = CARTESIAN_POINT('',(0.50373893243,0.421159223263,-0.381835004912
    ));
#4571 = CARTESIAN_POINT('',(0.50511234427,0.420899808158,-0.383517506864
    ));
#4572 = CARTESIAN_POINT('',(0.506669942142,0.420547142702,
    -0.384910048895));
#4573 = CARTESIAN_POINT('',(0.508219330076,0.420196336109,
    -0.386295250978));
#4574 = CARTESIAN_POINT('',(0.50999283306,0.419746849971,-0.387439977451
    ));
#4575 = CARTESIAN_POINT('',(0.51188738365,0.419364424295,-0.388280740028
    ));
#4576 = CARTESIAN_POINT('',(0.513963511129,0.418945346303,
    -0.389202082693));
#4577 = CARTESIAN_POINT('',(0.516256688042,0.418605032557,
    -0.389781641082));
#4578 = CARTESIAN_POINT('',(0.518558435162,0.418509661342,
    -0.389947979617));
#4579 = CARTESIAN_POINT('',(0.519037713003,0.418489802814,
    -0.389982615209));
#4580 = CARTESIAN_POINT('',(0.519519062131,0.418479731339,-0.39));
#4581 = CARTESIAN_POINT('',(0.52,0.418479731339,-0.39));
#4582 = ORIENTED_EDGE('',*,*,#3929,.F.);
#4583 = CYLINDRICAL_SURFACE('',#4584,2.E-02);
#4584 = AXIS2_PLACEMENT_3D('',#4585,#4586,#4587);
#4585 = CARTESIAN_POINT('',(0.5,0.401159223263,-0.38));
#4586 = DIRECTION('',(-1.,0.,1.355252715607E-16));
#4587 = DIRECTION('',(1.355252715607E-16,0.,1.));
#4588 = ADVANCED_FACE('',(#4589),#4601,.T.);
#4589 = FACE_BOUND('',#4590,.T.);
#4590 = EDGE_LOOP('',(#4591,#4592,#4593,#4600));
#4591 = ORIENTED_EDGE('',*,*,#3571,.F.);
#4592 = ORIENTED_EDGE('',*,*,#3961,.F.);
#4593 = ORIENTED_EDGE('',*,*,#4594,.F.);
#4594 = EDGE_CURVE('',#3235,#3954,#4595,.T.);
#4595 = CIRCLE('',#4596,2.E-02);
#4596 = AXIS2_PLACEMENT_3D('',#4597,#4598,#4599);
#4597 = CARTESIAN_POINT('',(0.780000008167,0.366367099677,-0.37));
#4598 = DIRECTION('',(-9.037374945073E-04,0.999999183258,
    9.037374945081E-04));
#4599 = DIRECTION('',(6.875789949337E-19,-9.037378635682E-04,
    0.999999591629));
#4600 = ORIENTED_EDGE('',*,*,#4299,.F.);
#4601 = ( BOUNDED_SURFACE() B_SPLINE_SURFACE(3,2,(
    (#4602,#4603,#4604)
    ,(#4605,#4606,#4607)
    ,(#4608,#4609,#4610)
    ,(#4611,#4612,#4613)
    ,(#4614,#4615,#4616)
    ,(#4617,#4618,#4619
)),.UNSPECIFIED.,.F.,.F.,.F.) B_SPLINE_SURFACE_WITH_KNOTS((4,2,4),(3,3),
  (-2.555994843517E-06,2.11482003834E-04,4.255200025114E-04),(0.,1.),
.UNSPECIFIED.) GEOMETRIC_REPRESENTATION_ITEM() RATIONAL_B_SPLINE_SURFACE
((
    (1.,0.707106781187,1.)
    ,(1.,0.707106781187,1.)
    ,(1.,0.707106781187,1.)
    ,(1.,0.707106781187,1.)
    ,(1.,0.707106781187,1.)
,(1.,0.707106781187,1.))) REPRESENTATION_ITEM('') SURFACE() );
#4602 = CARTESIAN_POINT('',(0.799997679794,0.368952516974,-0.37));
#4603 = CARTESIAN_POINT('',(0.799997679794,0.368952516974,-0.39));
#4604 = CARTESIAN_POINT('',(0.779997687962,0.368934442216,-0.39));
#4605 = CARTESIAN_POINT('',(0.800060438935,0.299508580713,-0.37));
#4606 = CARTESIAN_POINT('',(0.800060438933,0.299508583009,-0.39));
#4607 = CARTESIAN_POINT('',(0.780062266676,0.297477119465,-0.39));
#4608 = CARTESIAN_POINT('',(0.811502398894,0.230460249064,-0.37));
#4609 = CARTESIAN_POINT('',(0.81150239134,0.230460246,-0.39));
#4610 = CARTESIAN_POINT('',(0.791899637773,0.225579198854,-0.39));
#4611 = CARTESIAN_POINT('',(0.862519060285,0.10467951173,-0.37));
#4612 = CARTESIAN_POINT('',(0.862519067839,0.104679514794,-0.39));
#4613 = CARTESIAN_POINT('',(0.845054762056,9.452616433881E-02,-0.39));
#4614 = CARTESIAN_POINT('',(0.902726711314,4.703985935541E-02,-0.37));
#4615 = CARTESIAN_POINT('',(0.902726709614,4.703986104718E-02,-0.39));
#4616 = CARTESIAN_POINT('',(0.887064865794,3.440984308069E-02,-0.39));
#4617 = CARTESIAN_POINT('',(0.951807116426,-1.798193120631E-03,-0.37));
#4618 = CARTESIAN_POINT('',(0.951807116426,-1.798193120631E-03,-0.39));
#4619 = CARTESIAN_POINT('',(0.93770002644,-1.597528774984E-02,-0.39));
#4620 = ADVANCED_FACE('',(#4621),#4633,.T.);
#4621 = FACE_BOUND('',#4622,.T.);
#4622 = EDGE_LOOP('',(#4623,#4630,#4631,#4632));
#4623 = ORIENTED_EDGE('',*,*,#4624,.F.);
#4624 = EDGE_CURVE('',#3217,#3946,#4625,.T.);
#4625 = CIRCLE('',#4626,2.E-02);
#4626 = AXIS2_PLACEMENT_3D('',#4627,#4628,#4629);
#4627 = CARTESIAN_POINT('',(0.78,0.431159223263,-0.37));
#4628 = DIRECTION('',(-0.,1.,0.));
#4629 = DIRECTION('',(0.,0.,1.));
#4630 = ORIENTED_EDGE('',*,*,#3242,.F.);
#4631 = ORIENTED_EDGE('',*,*,#4594,.T.);
#4632 = ORIENTED_EDGE('',*,*,#3953,.F.);
#4633 = CYLINDRICAL_SURFACE('',#4634,2.E-02);
#4634 = AXIS2_PLACEMENT_3D('',#4635,#4636,#4637);
#4635 = CARTESIAN_POINT('',(0.78,0.,-0.37));
#4636 = DIRECTION('',(0.,1.,0.));
#4637 = DIRECTION('',(0.,-0.,1.));
#4638 = ADVANCED_FACE('',(#4639),#4650,.T.);
#4639 = FACE_BOUND('',#4640,.T.);
#4640 = EDGE_LOOP('',(#4641,#4642,#4643));
#4641 = ORIENTED_EDGE('',*,*,#4405,.F.);
#4642 = ORIENTED_EDGE('',*,*,#4624,.T.);
#4643 = ORIENTED_EDGE('',*,*,#4644,.F.);
#4644 = EDGE_CURVE('',#3617,#3946,#4645,.T.);
#4645 = CIRCLE('',#4646,2.E-02);
#4646 = AXIS2_PLACEMENT_3D('',#4647,#4648,#4649);
#4647 = CARTESIAN_POINT('',(0.78,0.431159223263,-0.37));
#4648 = DIRECTION('',(-1.,0.,0.));
#4649 = DIRECTION('',(0.,0.,1.));
#4650 = SPHERICAL_SURFACE('',#4651,2.E-02);
#4651 = AXIS2_PLACEMENT_3D('',#4652,#4653,#4654);
#4652 = CARTESIAN_POINT('',(0.78,0.431159223263,-0.37));
#4653 = DIRECTION('',(0.,1.,0.));
#4654 = DIRECTION('',(1.,0.,0.));
#4655 = ADVANCED_FACE('',(#4656),#4668,.T.);
#4656 = FACE_BOUND('',#4657,.T.);
#4657 = EDGE_LOOP('',(#4658,#4665,#4666,#4667));
#4658 = ORIENTED_EDGE('',*,*,#4659,.F.);
#4659 = EDGE_CURVE('',#3599,#3938,#4660,.T.);
#4660 = CIRCLE('',#4661,2.E-02);
#4661 = AXIS2_PLACEMENT_3D('',#4662,#4663,#4664);
#4662 = CARTESIAN_POINT('',(0.52,0.431159223263,-0.37));
#4663 = DIRECTION('',(-1.,0.,-5.421010862428E-15));
#4664 = DIRECTION('',(-5.421010862428E-15,0.,1.));
#4665 = ORIENTED_EDGE('',*,*,#3624,.F.);
#4666 = ORIENTED_EDGE('',*,*,#4644,.T.);
#4667 = ORIENTED_EDGE('',*,*,#3945,.F.);
#4668 = CYLINDRICAL_SURFACE('',#4669,2.E-02);
#4669 = AXIS2_PLACEMENT_3D('',#4670,#4671,#4672);
#4670 = CARTESIAN_POINT('',(-7.494045571856E-17,0.431159223263,-0.37));
#4671 = DIRECTION('',(1.,0.,-2.007781800899E-16));
#4672 = DIRECTION('',(-2.007781800899E-16,0.,-1.));
#4673 = ADVANCED_FACE('',(#4674),#4685,.T.);
#4674 = FACE_BOUND('',#4675,.T.);
#4675 = EDGE_LOOP('',(#4676,#4677,#4678));
#4676 = ORIENTED_EDGE('',*,*,#4429,.F.);
#4677 = ORIENTED_EDGE('',*,*,#4659,.T.);
#4678 = ORIENTED_EDGE('',*,*,#4679,.F.);
#4679 = EDGE_CURVE('',#3715,#3938,#4680,.T.);
#4680 = CIRCLE('',#4681,2.E-02);
#4681 = AXIS2_PLACEMENT_3D('',#4682,#4683,#4684);
#4682 = CARTESIAN_POINT('',(0.52,0.431159223263,-0.37));
#4683 = DIRECTION('',(0.,-1.,-0.));
#4684 = DIRECTION('',(0.,0.,-1.));
#4685 = SPHERICAL_SURFACE('',#4686,2.E-02);
#4686 = AXIS2_PLACEMENT_3D('',#4687,#4688,#4689);
#4687 = CARTESIAN_POINT('',(0.52,0.431159223263,-0.37));
#4688 = DIRECTION('',(0.,1.,0.));
#4689 = DIRECTION('',(1.,0.,0.));
#4690 = ADVANCED_FACE('',(#4691),#4698,.T.);
#4691 = FACE_BOUND('',#4692,.T.);
#4692 = EDGE_LOOP('',(#4693,#4694,#4695,#4696,#4697));
#4693 = ORIENTED_EDGE('',*,*,#3864,.F.);
#4694 = ORIENTED_EDGE('',*,*,#3722,.F.);
#4695 = ORIENTED_EDGE('',*,*,#4679,.T.);
#4696 = ORIENTED_EDGE('',*,*,#3937,.F.);
#4697 = ORIENTED_EDGE('',*,*,#4567,.F.);
#4698 = CYLINDRICAL_SURFACE('',#4699,2.E-02);
#4699 = AXIS2_PLACEMENT_3D('',#4700,#4701,#4702);
#4700 = CARTESIAN_POINT('',(0.52,0.,-0.37));
#4701 = DIRECTION('',(0.,-1.,0.));
#4702 = DIRECTION('',(0.,0.,-1.));
#4703 = ADVANCED_FACE('',(#4704),#4716,.T.);
#4704 = FACE_BOUND('',#4705,.T.);
#4705 = EDGE_LOOP('',(#4706,#4707,#4708,#4715));
#4706 = ORIENTED_EDGE('',*,*,#3526,.F.);
#4707 = ORIENTED_EDGE('',*,*,#4289,.F.);
#4708 = ORIENTED_EDGE('',*,*,#4709,.F.);
#4709 = EDGE_CURVE('',#4264,#3227,#4710,.T.);
#4710 = CIRCLE('',#4711,2.E-02);
#4711 = AXIS2_PLACEMENT_3D('',#4712,#4713,#4714);
#4712 = CARTESIAN_POINT('',(0.779999991833,0.366385174427,0.37));
#4713 = DIRECTION('',(-3.690595582954E-10,1.,0.));
#4714 = DIRECTION('',(-1.,-3.690595582954E-10,0.));
#4715 = ORIENTED_EDGE('',*,*,#4263,.F.);
#4716 = ( BOUNDED_SURFACE() B_SPLINE_SURFACE(3,2,(
    (#4717,#4718,#4719)
    ,(#4720,#4721,#4722)
    ,(#4723,#4724,#4725)
    ,(#4726,#4727,#4728)
    ,(#4729,#4730,#4731)
    ,(#4732,#4733,#4734
)),.UNSPECIFIED.,.F.,.F.,.F.) B_SPLINE_SURFACE_WITH_KNOTS((4,2,4),(3,3),
  (-2.555994843517E-06,2.11482003834E-04,4.255200025114E-04),(0.,1.),
.UNSPECIFIED.) GEOMETRIC_REPRESENTATION_ITEM() RATIONAL_B_SPLINE_SURFACE
((
    (1.,0.707106781187,1.)
    ,(1.,0.707106781187,1.)
    ,(1.,0.707106781187,1.)
    ,(1.,0.707106781187,1.)
    ,(1.,0.707106781187,1.)
,(1.,0.707106781187,1.))) REPRESENTATION_ITEM('') SURFACE() );
#4717 = CARTESIAN_POINT('',(0.779997687962,0.368934442216,0.39));
#4718 = CARTESIAN_POINT('',(0.799997679794,0.368952516974,0.39));
#4719 = CARTESIAN_POINT('',(0.799997679794,0.368952516974,0.37));
#4720 = CARTESIAN_POINT('',(0.780062266676,0.297477119465,0.39));
#4721 = CARTESIAN_POINT('',(0.800060438933,0.299508583009,0.39));
#4722 = CARTESIAN_POINT('',(0.800060438935,0.299508580713,0.37));
#4723 = CARTESIAN_POINT('',(0.791899637773,0.225579198854,0.39));
#4724 = CARTESIAN_POINT('',(0.81150239134,0.230460246,0.39));
#4725 = CARTESIAN_POINT('',(0.811502398894,0.230460249064,0.37));
#4726 = CARTESIAN_POINT('',(0.845054762056,9.452616433881E-02,0.39));
#4727 = CARTESIAN_POINT('',(0.862519067839,0.104679514794,0.39));
#4728 = CARTESIAN_POINT('',(0.862519060285,0.10467951173,0.37));
#4729 = CARTESIAN_POINT('',(0.887064865794,3.440984308069E-02,0.39));
#4730 = CARTESIAN_POINT('',(0.902726709614,4.703986104718E-02,0.39));
#4731 = CARTESIAN_POINT('',(0.902726711314,4.703985935541E-02,0.37));
#4732 = CARTESIAN_POINT('',(0.93770002644,-1.597528774984E-02,0.39));
#4733 = CARTESIAN_POINT('',(0.951807116426,-1.798193120631E-03,0.39));
#4734 = CARTESIAN_POINT('',(0.951807116426,-1.798193120631E-03,0.37));
#4735 = ADVANCED_FACE('',(#4736),#4748,.T.);
#4736 = FACE_BOUND('',#4737,.T.);
#4737 = EDGE_LOOP('',(#4738,#4739,#4740,#4747));
#4738 = ORIENTED_EDGE('',*,*,#4709,.T.);
#4739 = ORIENTED_EDGE('',*,*,#3226,.F.);
#4740 = ORIENTED_EDGE('',*,*,#4741,.F.);
#4741 = EDGE_CURVE('',#4224,#3219,#4742,.T.);
#4742 = CIRCLE('',#4743,2.E-02);
#4743 = AXIS2_PLACEMENT_3D('',#4744,#4745,#4746);
#4744 = CARTESIAN_POINT('',(0.78,0.431159223263,0.37));
#4745 = DIRECTION('',(0.,1.,0.));
#4746 = DIRECTION('',(0.,-0.,1.));
#4747 = ORIENTED_EDGE('',*,*,#4274,.F.);
#4748 = CYLINDRICAL_SURFACE('',#4749,2.E-02);
#4749 = AXIS2_PLACEMENT_3D('',#4750,#4751,#4752);
#4750 = CARTESIAN_POINT('',(0.78,0.,0.37));
#4751 = DIRECTION('',(0.,1.,0.));
#4752 = DIRECTION('',(0.,-0.,1.));
#4753 = ADVANCED_FACE('',(#4754),#4765,.T.);
#4754 = FACE_BOUND('',#4755,.T.);
#4755 = EDGE_LOOP('',(#4756,#4757,#4758));
#4756 = ORIENTED_EDGE('',*,*,#4741,.T.);
#4757 = ORIENTED_EDGE('',*,*,#4397,.F.);
#4758 = ORIENTED_EDGE('',*,*,#4759,.F.);
#4759 = EDGE_CURVE('',#4224,#3609,#4760,.T.);
#4760 = CIRCLE('',#4761,2.E-02);
#4761 = AXIS2_PLACEMENT_3D('',#4762,#4763,#4764);
#4762 = CARTESIAN_POINT('',(0.78,0.431159223263,0.37));
#4763 = DIRECTION('',(-1.,0.,0.));
#4764 = DIRECTION('',(0.,0.,1.));
#4765 = SPHERICAL_SURFACE('',#4766,2.E-02);
#4766 = AXIS2_PLACEMENT_3D('',#4767,#4768,#4769);
#4767 = CARTESIAN_POINT('',(0.78,0.431159223263,0.37));
#4768 = DIRECTION('',(0.,1.,0.));
#4769 = DIRECTION('',(1.,0.,0.));
#4770 = ADVANCED_FACE('',(#4771),#4783,.T.);
#4771 = FACE_BOUND('',#4772,.T.);
#4772 = EDGE_LOOP('',(#4773,#4774,#4775,#4782));
#4773 = ORIENTED_EDGE('',*,*,#4759,.T.);
#4774 = ORIENTED_EDGE('',*,*,#3608,.F.);
#4775 = ORIENTED_EDGE('',*,*,#4776,.F.);
#4776 = EDGE_CURVE('',#4226,#3601,#4777,.T.);
#4777 = CIRCLE('',#4778,2.E-02);
#4778 = AXIS2_PLACEMENT_3D('',#4779,#4780,#4781);
#4779 = CARTESIAN_POINT('',(0.52,0.431159223263,0.37));
#4780 = DIRECTION('',(-1.,0.,0.));
#4781 = DIRECTION('',(0.,0.,1.));
#4782 = ORIENTED_EDGE('',*,*,#4223,.F.);
#4783 = CYLINDRICAL_SURFACE('',#4784,2.E-02);
#4784 = AXIS2_PLACEMENT_3D('',#4785,#4786,#4787);
#4785 = CARTESIAN_POINT('',(0.,0.431159223263,0.37));
#4786 = DIRECTION('',(1.,0.,0.));
#4787 = DIRECTION('',(0.,0.,-1.));
#4788 = ADVANCED_FACE('',(#4789),#4800,.T.);
#4789 = FACE_BOUND('',#4790,.T.);
#4790 = EDGE_LOOP('',(#4791,#4792,#4793));
#4791 = ORIENTED_EDGE('',*,*,#4776,.T.);
#4792 = ORIENTED_EDGE('',*,*,#4421,.F.);
#4793 = ORIENTED_EDGE('',*,*,#4794,.F.);
#4794 = EDGE_CURVE('',#4226,#3707,#4795,.T.);
#4795 = CIRCLE('',#4796,2.E-02);
#4796 = AXIS2_PLACEMENT_3D('',#4797,#4798,#4799);
#4797 = CARTESIAN_POINT('',(0.52,0.431159223263,0.37));
#4798 = DIRECTION('',(-0.,-1.,0.));
#4799 = DIRECTION('',(-0.,0.,-1.));
#4800 = SPHERICAL_SURFACE('',#4801,2.E-02);
#4801 = AXIS2_PLACEMENT_3D('',#4802,#4803,#4804);
#4802 = CARTESIAN_POINT('',(0.52,0.431159223263,0.37));
#4803 = DIRECTION('',(0.,1.,0.));
#4804 = DIRECTION('',(1.,0.,0.));
#4805 = ADVANCED_FACE('',(#4806),#4813,.T.);
#4806 = FACE_BOUND('',#4807,.T.);
#4807 = EDGE_LOOP('',(#4808,#4809,#4810,#4811,#4812));
#4808 = ORIENTED_EDGE('',*,*,#4794,.T.);
#4809 = ORIENTED_EDGE('',*,*,#3706,.F.);
#4810 = ORIENTED_EDGE('',*,*,#3856,.F.);
#4811 = ORIENTED_EDGE('',*,*,#4485,.F.);
#4812 = ORIENTED_EDGE('',*,*,#4233,.F.);
#4813 = CYLINDRICAL_SURFACE('',#4814,2.E-02);
#4814 = AXIS2_PLACEMENT_3D('',#4815,#4816,#4817);
#4815 = CARTESIAN_POINT('',(0.52,0.,0.37));
#4816 = DIRECTION('',(0.,-1.,0.));
#4817 = DIRECTION('',(0.,0.,-1.));
#4818 = ADVANCED_FACE('',(#4819),#4831,.T.);
#4819 = FACE_BOUND('',#4820,.T.);
#4820 = EDGE_LOOP('',(#4821,#4822,#4823,#4830));
#4821 = ORIENTED_EDGE('',*,*,#3306,.F.);
#4822 = ORIENTED_EDGE('',*,*,#4319,.F.);
#4823 = ORIENTED_EDGE('',*,*,#4824,.F.);
#4824 = EDGE_CURVE('',#4068,#3389,#4825,.T.);
#4825 = CIRCLE('',#4826,2.E-02);
#4826 = AXIS2_PLACEMENT_3D('',#4827,#4828,#4829);
#4827 = CARTESIAN_POINT('',(-0.779999991833,0.366385174427,-0.37));
#4828 = DIRECTION('',(3.690595582954E-10,1.,0.));
#4829 = DIRECTION('',(-1.,3.690595582954E-10,0.));
#4830 = ORIENTED_EDGE('',*,*,#4067,.F.);
#4831 = ( BOUNDED_SURFACE() B_SPLINE_SURFACE(3,2,(
    (#4832,#4833,#4834)
    ,(#4835,#4836,#4837)
    ,(#4838,#4839,#4840)
    ,(#4841,#4842,#4843)
    ,(#4844,#4845,#4846)
    ,(#4847,#4848,#4849
)),.UNSPECIFIED.,.F.,.F.,.F.) B_SPLINE_SURFACE_WITH_KNOTS((4,2,4),(3,3),
  (-2.555994843517E-06,2.11482003834E-04,4.255200025114E-04),(0.,1.),
.UNSPECIFIED.) GEOMETRIC_REPRESENTATION_ITEM() RATIONAL_B_SPLINE_SURFACE
((
    (1.,0.707106781187,1.)
    ,(1.,0.707106781187,1.)
    ,(1.,0.707106781187,1.)
    ,(1.,0.707106781187,1.)
    ,(1.,0.707106781187,1.)
,(1.,0.707106781187,1.))) REPRESENTATION_ITEM('') SURFACE() );
#4832 = CARTESIAN_POINT('',(-0.779997687962,0.368934442216,-0.39));
#4833 = CARTESIAN_POINT('',(-0.799997679794,0.368952516974,-0.39));
#4834 = CARTESIAN_POINT('',(-0.799997679794,0.368952516974,-0.37));
#4835 = CARTESIAN_POINT('',(-0.780062266676,0.297477119465,-0.39));
#4836 = CARTESIAN_POINT('',(-0.800060438933,0.299508583009,-0.39));
#4837 = CARTESIAN_POINT('',(-0.800060438935,0.299508580713,-0.37));
#4838 = CARTESIAN_POINT('',(-0.791899637773,0.225579198854,-0.39));
#4839 = CARTESIAN_POINT('',(-0.81150239134,0.230460246,-0.39));
#4840 = CARTESIAN_POINT('',(-0.811502398894,0.230460249064,-0.37));
#4841 = CARTESIAN_POINT('',(-0.845054762056,9.452616433882E-02,-0.39));
#4842 = CARTESIAN_POINT('',(-0.862519067839,0.104679514794,-0.39));
#4843 = CARTESIAN_POINT('',(-0.862519060285,0.10467951173,-0.37));
#4844 = CARTESIAN_POINT('',(-0.887064865794,3.440984308069E-02,-0.39));
#4845 = CARTESIAN_POINT('',(-0.902726709614,4.703986104718E-02,-0.39));
#4846 = CARTESIAN_POINT('',(-0.902726711314,4.703985935541E-02,-0.37));
#4847 = CARTESIAN_POINT('',(-0.93770002644,-1.597528774984E-02,-0.39));
#4848 = CARTESIAN_POINT('',(-0.951807116426,-1.798193120631E-03,-0.39));
#4849 = CARTESIAN_POINT('',(-0.951807116426,-1.798193120631E-03,-0.37));
#4850 = ADVANCED_FACE('',(#4851),#4863,.T.);
#4851 = FACE_BOUND('',#4852,.T.);
#4852 = EDGE_LOOP('',(#4853,#4854,#4855,#4862));
#4853 = ORIENTED_EDGE('',*,*,#4824,.T.);
#4854 = ORIENTED_EDGE('',*,*,#3388,.F.);
#4855 = ORIENTED_EDGE('',*,*,#4856,.F.);
#4856 = EDGE_CURVE('',#4028,#3381,#4857,.T.);
#4857 = CIRCLE('',#4858,2.E-02);
#4858 = AXIS2_PLACEMENT_3D('',#4859,#4860,#4861);
#4859 = CARTESIAN_POINT('',(-0.78,0.431159223263,-0.37));
#4860 = DIRECTION('',(0.,1.,0.));
#4861 = DIRECTION('',(0.,-0.,1.));
#4862 = ORIENTED_EDGE('',*,*,#4078,.F.);
#4863 = CYLINDRICAL_SURFACE('',#4864,2.E-02);
#4864 = AXIS2_PLACEMENT_3D('',#4865,#4866,#4867);
#4865 = CARTESIAN_POINT('',(-0.78,-4.963198370139E-31,-0.37));
#4866 = DIRECTION('',(0.,1.,-1.306104834247E-30));
#4867 = DIRECTION('',(0.,1.306104834247E-30,1.));
#4868 = ADVANCED_FACE('',(#4869),#4880,.T.);
#4869 = FACE_BOUND('',#4870,.T.);
#4870 = EDGE_LOOP('',(#4871,#4872,#4873));
#4871 = ORIENTED_EDGE('',*,*,#4856,.T.);
#4872 = ORIENTED_EDGE('',*,*,#4373,.F.);
#4873 = ORIENTED_EDGE('',*,*,#4874,.F.);
#4874 = EDGE_CURVE('',#4028,#3267,#4875,.T.);
#4875 = CIRCLE('',#4876,2.E-02);
#4876 = AXIS2_PLACEMENT_3D('',#4877,#4878,#4879);
#4877 = CARTESIAN_POINT('',(-0.78,0.431159223263,-0.37));
#4878 = DIRECTION('',(1.,-0.,0.));
#4879 = DIRECTION('',(0.,0.,-1.));
#4880 = SPHERICAL_SURFACE('',#4881,2.E-02);
#4881 = AXIS2_PLACEMENT_3D('',#4882,#4883,#4884);
#4882 = CARTESIAN_POINT('',(-0.78,0.431159223263,-0.37));
#4883 = DIRECTION('',(0.,1.,0.));
#4884 = DIRECTION('',(1.,0.,0.));
#4885 = ADVANCED_FACE('',(#4886),#4898,.T.);
#4886 = FACE_BOUND('',#4887,.T.);
#4887 = EDGE_LOOP('',(#4888,#4889,#4890,#4897));
#4888 = ORIENTED_EDGE('',*,*,#4874,.T.);
#4889 = ORIENTED_EDGE('',*,*,#3266,.F.);
#4890 = ORIENTED_EDGE('',*,*,#4891,.F.);
#4891 = EDGE_CURVE('',#4030,#3259,#4892,.T.);
#4892 = CIRCLE('',#4893,2.E-02);
#4893 = AXIS2_PLACEMENT_3D('',#4894,#4895,#4896);
#4894 = CARTESIAN_POINT('',(-0.52,0.431159223263,-0.37));
#4895 = DIRECTION('',(1.,-0.,0.));
#4896 = DIRECTION('',(0.,0.,-1.));
#4897 = ORIENTED_EDGE('',*,*,#4027,.F.);
#4898 = CYLINDRICAL_SURFACE('',#4899,2.E-02);
#4899 = AXIS2_PLACEMENT_3D('',#4900,#4901,#4902);
#4900 = CARTESIAN_POINT('',(-6.731088487514E-17,0.431159223263,-0.37));
#4901 = DIRECTION('',(-1.,0.,1.807003620809E-16));
#4902 = DIRECTION('',(1.807003620809E-16,0.,1.));
#4903 = ADVANCED_FACE('',(#4904),#4915,.T.);
#4904 = FACE_BOUND('',#4905,.T.);
#4905 = EDGE_LOOP('',(#4906,#4907,#4908));
#4906 = ORIENTED_EDGE('',*,*,#4891,.T.);
#4907 = ORIENTED_EDGE('',*,*,#4445,.F.);
#4908 = ORIENTED_EDGE('',*,*,#4909,.F.);
#4909 = EDGE_CURVE('',#4030,#3487,#4910,.T.);
#4910 = CIRCLE('',#4911,2.E-02);
#4911 = AXIS2_PLACEMENT_3D('',#4912,#4913,#4914);
#4912 = CARTESIAN_POINT('',(-0.52,0.431159223263,-0.37));
#4913 = DIRECTION('',(8.131516293641E-15,-1.,0.));
#4914 = DIRECTION('',(1.,8.131516293641E-15,0.));
#4915 = SPHERICAL_SURFACE('',#4916,2.E-02);
#4916 = AXIS2_PLACEMENT_3D('',#4917,#4918,#4919);
#4917 = CARTESIAN_POINT('',(-0.52,0.431159223263,-0.37));
#4918 = DIRECTION('',(0.,1.,0.));
#4919 = DIRECTION('',(1.,0.,0.));
#4920 = ADVANCED_FACE('',(#4921),#4928,.T.);
#4921 = FACE_BOUND('',#4922,.T.);
#4922 = EDGE_LOOP('',(#4923,#4924,#4925,#4926,#4927));
#4923 = ORIENTED_EDGE('',*,*,#4909,.T.);
#4924 = ORIENTED_EDGE('',*,*,#3486,.F.);
#4925 = ORIENTED_EDGE('',*,*,#3881,.F.);
#4926 = ORIENTED_EDGE('',*,*,#4550,.F.);
#4927 = ORIENTED_EDGE('',*,*,#4037,.F.);
#4928 = CYLINDRICAL_SURFACE('',#4929,2.E-02);
#4929 = AXIS2_PLACEMENT_3D('',#4930,#4931,#4932);
#4930 = CARTESIAN_POINT('',(-0.52,-3.758567531283E-15,-0.37));
#4931 = DIRECTION('',(7.228014483237E-15,-1.,0.));
#4932 = DIRECTION('',(1.,7.228014483237E-15,0.));
#4933 = ADVANCED_FACE('',(#4934),#4946,.T.);
#4934 = FACE_BOUND('',#4935,.T.);
#4935 = EDGE_LOOP('',(#4936,#4937,#4938,#4945));
#4936 = ORIENTED_EDGE('',*,*,#3351,.F.);
#4937 = ORIENTED_EDGE('',*,*,#4157,.F.);
#4938 = ORIENTED_EDGE('',*,*,#4939,.F.);
#4939 = EDGE_CURVE('',#3397,#4150,#4940,.T.);
#4940 = CIRCLE('',#4941,2.E-02);
#4941 = AXIS2_PLACEMENT_3D('',#4942,#4943,#4944);
#4942 = CARTESIAN_POINT('',(-0.780000008167,0.366367099677,0.37));
#4943 = DIRECTION('',(9.037374945073E-04,0.999999183258,
    -9.037374945081E-04));
#4944 = DIRECTION('',(6.852496543287E-19,9.037378635682E-04,
    0.999999591629));
#4945 = ORIENTED_EDGE('',*,*,#4329,.F.);
#4946 = ( BOUNDED_SURFACE() B_SPLINE_SURFACE(3,2,(
    (#4947,#4948,#4949)
    ,(#4950,#4951,#4952)
    ,(#4953,#4954,#4955)
    ,(#4956,#4957,#4958)
    ,(#4959,#4960,#4961)
    ,(#4962,#4963,#4964
)),.UNSPECIFIED.,.F.,.F.,.F.) B_SPLINE_SURFACE_WITH_KNOTS((4,2,4),(3,3),
  (-2.555994843517E-06,2.11482003834E-04,4.255200025114E-04),(0.,1.),
.UNSPECIFIED.) GEOMETRIC_REPRESENTATION_ITEM() RATIONAL_B_SPLINE_SURFACE
((
    (1.,0.707106781187,1.)
    ,(1.,0.707106781187,1.)
    ,(1.,0.707106781187,1.)
    ,(1.,0.707106781187,1.)
    ,(1.,0.707106781187,1.)
,(1.,0.707106781187,1.))) REPRESENTATION_ITEM('') SURFACE() );
#4947 = CARTESIAN_POINT('',(-0.799997679794,0.368952516974,0.37));
#4948 = CARTESIAN_POINT('',(-0.799997679794,0.368952516974,0.39));
#4949 = CARTESIAN_POINT('',(-0.779997687962,0.368934442216,0.39));
#4950 = CARTESIAN_POINT('',(-0.800060438935,0.299508580713,0.37));
#4951 = CARTESIAN_POINT('',(-0.800060438933,0.299508583009,0.39));
#4952 = CARTESIAN_POINT('',(-0.780062266676,0.297477119465,0.39));
#4953 = CARTESIAN_POINT('',(-0.811502398894,0.230460249064,0.37));
#4954 = CARTESIAN_POINT('',(-0.81150239134,0.230460246,0.39));
#4955 = CARTESIAN_POINT('',(-0.791899637773,0.225579198854,0.39));
#4956 = CARTESIAN_POINT('',(-0.862519060285,0.10467951173,0.37));
#4957 = CARTESIAN_POINT('',(-0.862519067839,0.104679514794,0.39));
#4958 = CARTESIAN_POINT('',(-0.845054762056,9.452616433882E-02,0.39));
#4959 = CARTESIAN_POINT('',(-0.902726711314,4.703985935541E-02,0.37));
#4960 = CARTESIAN_POINT('',(-0.902726709614,4.703986104718E-02,0.39));
#4961 = CARTESIAN_POINT('',(-0.887064865794,3.440984308069E-02,0.39));
#4962 = CARTESIAN_POINT('',(-0.951807116426,-1.798193120631E-03,0.37));
#4963 = CARTESIAN_POINT('',(-0.951807116426,-1.798193120631E-03,0.39));
#4964 = CARTESIAN_POINT('',(-0.93770002644,-1.597528774984E-02,0.39));
#4965 = ADVANCED_FACE('',(#4966),#4978,.T.);
#4966 = FACE_BOUND('',#4967,.T.);
#4967 = EDGE_LOOP('',(#4968,#4975,#4976,#4977));
#4968 = ORIENTED_EDGE('',*,*,#4969,.F.);
#4969 = EDGE_CURVE('',#3379,#4142,#4970,.T.);
#4970 = CIRCLE('',#4971,2.E-02);
#4971 = AXIS2_PLACEMENT_3D('',#4972,#4973,#4974);
#4972 = CARTESIAN_POINT('',(-0.78,0.431159223263,0.37));
#4973 = DIRECTION('',(0.,1.,-0.));
#4974 = DIRECTION('',(0.,0.,1.));
#4975 = ORIENTED_EDGE('',*,*,#3404,.F.);
#4976 = ORIENTED_EDGE('',*,*,#4939,.T.);
#4977 = ORIENTED_EDGE('',*,*,#4149,.F.);
#4978 = CYLINDRICAL_SURFACE('',#4979,2.E-02);
#4979 = AXIS2_PLACEMENT_3D('',#4980,#4981,#4982);
#4980 = CARTESIAN_POINT('',(-0.78,0.,0.37));
#4981 = DIRECTION('',(0.,1.,0.));
#4982 = DIRECTION('',(0.,-0.,1.));
#4983 = ADVANCED_FACE('',(#4984),#4995,.T.);
#4984 = FACE_BOUND('',#4985,.T.);
#4985 = EDGE_LOOP('',(#4986,#4987,#4988));
#4986 = ORIENTED_EDGE('',*,*,#4381,.F.);
#4987 = ORIENTED_EDGE('',*,*,#4969,.T.);
#4988 = ORIENTED_EDGE('',*,*,#4989,.F.);
#4989 = EDGE_CURVE('',#3275,#4142,#4990,.T.);
#4990 = CIRCLE('',#4991,2.E-02);
#4991 = AXIS2_PLACEMENT_3D('',#4992,#4993,#4994);
#4992 = CARTESIAN_POINT('',(-0.78,0.431159223263,0.37));
#4993 = DIRECTION('',(1.,0.,0.));
#4994 = DIRECTION('',(0.,0.,-1.));
#4995 = SPHERICAL_SURFACE('',#4996,2.E-02);
#4996 = AXIS2_PLACEMENT_3D('',#4997,#4998,#4999);
#4997 = CARTESIAN_POINT('',(-0.78,0.431159223263,0.37));
#4998 = DIRECTION('',(0.,1.,0.));
#4999 = DIRECTION('',(1.,0.,0.));
#5000 = ADVANCED_FACE('',(#5001),#5013,.T.);
#5001 = FACE_BOUND('',#5002,.T.);
#5002 = EDGE_LOOP('',(#5003,#5010,#5011,#5012));
#5003 = ORIENTED_EDGE('',*,*,#5004,.F.);
#5004 = EDGE_CURVE('',#3257,#4134,#5005,.T.);
#5005 = CIRCLE('',#5006,2.E-02);
#5006 = AXIS2_PLACEMENT_3D('',#5007,#5008,#5009);
#5007 = CARTESIAN_POINT('',(-0.52,0.431159223263,0.37));
#5008 = DIRECTION('',(1.,-0.,5.421010862428E-15));
#5009 = DIRECTION('',(5.421010862428E-15,0.,-1.));
#5010 = ORIENTED_EDGE('',*,*,#3282,.F.);
#5011 = ORIENTED_EDGE('',*,*,#4989,.T.);
#5012 = ORIENTED_EDGE('',*,*,#4141,.F.);
#5013 = CYLINDRICAL_SURFACE('',#5014,2.E-02);
#5014 = AXIS2_PLACEMENT_3D('',#5015,#5016,#5017);
#5015 = CARTESIAN_POINT('',(0.,0.431159223263,0.37));
#5016 = DIRECTION('',(-1.,0.,0.));
#5017 = DIRECTION('',(0.,0.,1.));
#5018 = ADVANCED_FACE('',(#5019),#5030,.T.);
#5019 = FACE_BOUND('',#5020,.T.);
#5020 = EDGE_LOOP('',(#5021,#5022,#5023));
#5021 = ORIENTED_EDGE('',*,*,#4453,.F.);
#5022 = ORIENTED_EDGE('',*,*,#5004,.T.);
#5023 = ORIENTED_EDGE('',*,*,#5024,.F.);
#5024 = EDGE_CURVE('',#3495,#4134,#5025,.T.);
#5025 = CIRCLE('',#5026,2.E-02);
#5026 = AXIS2_PLACEMENT_3D('',#5027,#5028,#5029);
#5027 = CARTESIAN_POINT('',(-0.52,0.431159223263,0.37));
#5028 = DIRECTION('',(8.131516293641E-15,-1.,0.));
#5029 = DIRECTION('',(1.,8.131516293641E-15,0.));
#5030 = SPHERICAL_SURFACE('',#5031,2.E-02);
#5031 = AXIS2_PLACEMENT_3D('',#5032,#5033,#5034);
#5032 = CARTESIAN_POINT('',(-0.52,0.431159223263,0.37));
#5033 = DIRECTION('',(0.,1.,0.));
#5034 = DIRECTION('',(1.,0.,0.));
#5035 = ADVANCED_FACE('',(#5036),#5043,.T.);
#5036 = FACE_BOUND('',#5037,.T.);
#5037 = EDGE_LOOP('',(#5038,#5039,#5040,#5041,#5042));
#5038 = ORIENTED_EDGE('',*,*,#3839,.F.);
#5039 = ORIENTED_EDGE('',*,*,#3502,.F.);
#5040 = ORIENTED_EDGE('',*,*,#5024,.T.);
#5041 = ORIENTED_EDGE('',*,*,#4133,.F.);
#5042 = ORIENTED_EDGE('',*,*,#4502,.F.);
#5043 = CYLINDRICAL_SURFACE('',#5044,2.E-02);
#5044 = AXIS2_PLACEMENT_3D('',#5045,#5046,#5047);
#5045 = CARTESIAN_POINT('',(-0.52,-3.758567531283E-15,0.37));
#5046 = DIRECTION('',(7.228014483237E-15,-1.,-0.));
#5047 = DIRECTION('',(1.,7.228014483237E-15,0.));
#5048 = ( GEOMETRIC_REPRESENTATION_CONTEXT(3) 
GLOBAL_UNCERTAINTY_ASSIGNED_CONTEXT((#5052)) 
GLOBAL_UNIT_ASSIGNED_CONTEXT((#5049,#5050,#5051)) REPRESENTATION_CONTEXT
('Context #1','3D Context with UNIT and UNCERTAINTY') );
#5049 = ( LENGTH_UNIT() NAMED_UNIT(*) SI_UNIT(.MILLI.,.METRE.) );
#5050 = ( NAMED_UNIT(*) PLANE_ANGLE_UNIT() SI_UNIT($,.RADIAN.) );
#5051 = ( NAMED_UNIT(*) SI_UNIT($,.STERADIAN.) SOLID_ANGLE_UNIT() );
#5052 = UNCERTAINTY_MEASURE_WITH_UNIT(LENGTH_MEASURE(2.E-05),#5049,
  'distance_accuracy_value','confusion accuracy');
#5053 = CONTEXT_DEPENDENT_SHAPE_REPRESENTATION(#5054,#5056);
#5054 = ( REPRESENTATION_RELATIONSHIP('','',#3209,#3186) 
REPRESENTATION_RELATIONSHIP_WITH_TRANSFORMATION(#5055) 
SHAPE_REPRESENTATION_RELATIONSHIP() );
#5055 = ITEM_DEFINED_TRANSFORMATION('','',#11,#3187);
#5056 = PRODUCT_DEFINITION_SHAPE('Placement','Placement of an item',
  #5057);
#5057 = NEXT_ASSEMBLY_USAGE_OCCURRENCE('3','=>[0:1:1:5]','',#3181,#3204,
  $);
#5058 = PRODUCT_RELATED_PRODUCT_CATEGORY('part',$,(#3206));
#5059 = SHAPE_DEFINITION_REPRESENTATION(#5060,#5066);
#5060 = PRODUCT_DEFINITION_SHAPE('','',#5061);
#5061 = PRODUCT_DEFINITION('design','',#5062,#5065);
#5062 = PRODUCT_DEFINITION_FORMATION('','',#5063);
#5063 = PRODUCT('0603C','0603C','',(#5064));
#5064 = PRODUCT_CONTEXT('',#2,'mechanical');
#5065 = PRODUCT_DEFINITION_CONTEXT('part definition',#2,'design');
#5066 = SHAPE_REPRESENTATION('',(#11,#5067),#5071);
#5067 = AXIS2_PLACEMENT_3D('',#5068,#5069,#5070);
#5068 = CARTESIAN_POINT('',(0.,0.,0.));
#5069 = DIRECTION('',(0.,0.,1.));
#5070 = DIRECTION('',(1.,0.,-0.));
#5071 = ( GEOMETRIC_REPRESENTATION_CONTEXT(3) 
GLOBAL_UNCERTAINTY_ASSIGNED_CONTEXT((#5075)) 
GLOBAL_UNIT_ASSIGNED_CONTEXT((#5072,#5073,#5074)) REPRESENTATION_CONTEXT
('Context #1','3D Context with UNIT and UNCERTAINTY') );
#5072 = ( LENGTH_UNIT() NAMED_UNIT(*) SI_UNIT(.MILLI.,.METRE.) );
#5073 = ( NAMED_UNIT(*) PLANE_ANGLE_UNIT() SI_UNIT($,.RADIAN.) );
#5074 = ( NAMED_UNIT(*) SI_UNIT($,.STERADIAN.) SOLID_ANGLE_UNIT() );
#5075 = UNCERTAINTY_MEASURE_WITH_UNIT(LENGTH_MEASURE(1.E-07),#5072,
  'distance_accuracy_value','confusion accuracy');
#5076 = CONTEXT_DEPENDENT_SHAPE_REPRESENTATION(#5077,#5079);
#5077 = ( REPRESENTATION_RELATIONSHIP('','',#5066,#10) 
REPRESENTATION_RELATIONSHIP_WITH_TRANSFORMATION(#5078) 
SHAPE_REPRESENTATION_RELATIONSHIP() );
#5078 = ITEM_DEFINED_TRANSFORMATION('','',#11,#23);
#5079 = PRODUCT_DEFINITION_SHAPE('Placement','Placement of an item',
  #5080);
#5080 = NEXT_ASSEMBLY_USAGE_OCCURRENCE('6','C1','',#5,#5061,$);
#5081 = PRODUCT_RELATED_PRODUCT_CATEGORY('part',$,(#5063));
#5082 = SHAPE_DEFINITION_REPRESENTATION(#5083,#5089);
#5083 = PRODUCT_DEFINITION_SHAPE('','',#5084);
#5084 = PRODUCT_DEFINITION('design','',#5085,#5088);
#5085 = PRODUCT_DEFINITION_FORMATION('','',#5086);
#5086 = PRODUCT('06035A910JAT2A','06035A910JAT2A','',(#5087));
#5087 = PRODUCT_CONTEXT('',#2,'mechanical');
#5088 = PRODUCT_DEFINITION_CONTEXT('part definition',#2,'design');
#5089 = SHAPE_REPRESENTATION('',(#11,#5090,#5544,#5998),#6288);
#5090 = MANIFOLD_SOLID_BREP('',#5091);
#5091 = CLOSED_SHELL('',(#5092,#5132,#5172,#5239,#5270,#5301,#5332,#5350
    ,#5374,#5392,#5409,#5426,#5444,#5462,#5480,#5498,#5515,#5532));
#5092 = ADVANCED_FACE('',(#5093),#5127,.F.);
#5093 = FACE_BOUND('',#5094,.T.);
#5094 = EDGE_LOOP('',(#5095,#5105,#5113,#5121));
#5095 = ORIENTED_EDGE('',*,*,#5096,.T.);
#5096 = EDGE_CURVE('',#5097,#5099,#5101,.T.);
#5097 = VERTEX_POINT('',#5098);
#5098 = CARTESIAN_POINT('',(-0.8,0.4,0.355));
#5099 = VERTEX_POINT('',#5100);
#5100 = CARTESIAN_POINT('',(-0.8,0.4,-0.355));
#5101 = LINE('',#5102,#5103);
#5102 = CARTESIAN_POINT('',(-0.8,0.4,-0.405));
#5103 = VECTOR('',#5104,1.);
#5104 = DIRECTION('',(-1.338521200599E-16,-0.,-1.));
#5105 = ORIENTED_EDGE('',*,*,#5106,.T.);
#5106 = EDGE_CURVE('',#5099,#5107,#5109,.T.);
#5107 = VERTEX_POINT('',#5108);
#5108 = CARTESIAN_POINT('',(-0.8,-0.4,-0.355));
#5109 = LINE('',#5110,#5111);
#5110 = CARTESIAN_POINT('',(-0.8,0.45,-0.355));
#5111 = VECTOR('',#5112,1.);
#5112 = DIRECTION('',(0.,-1.,0.));
#5113 = ORIENTED_EDGE('',*,*,#5114,.T.);
#5114 = EDGE_CURVE('',#5107,#5115,#5117,.T.);
#5115 = VERTEX_POINT('',#5116);
#5116 = CARTESIAN_POINT('',(-0.8,-0.4,0.355));
#5117 = LINE('',#5118,#5119);
#5118 = CARTESIAN_POINT('',(-0.8,-0.4,-0.405));
#5119 = VECTOR('',#5120,1.);
#5120 = DIRECTION('',(1.338521200599E-16,-0.,1.));
#5121 = ORIENTED_EDGE('',*,*,#5122,.T.);
#5122 = EDGE_CURVE('',#5115,#5097,#5123,.T.);
#5123 = LINE('',#5124,#5125);
#5124 = CARTESIAN_POINT('',(-0.8,0.45,0.355));
#5125 = VECTOR('',#5126,1.);
#5126 = DIRECTION('',(-0.,1.,-0.));
#5127 = PLANE('',#5128);
#5128 = AXIS2_PLACEMENT_3D('',#5129,#5130,#5131);
#5129 = CARTESIAN_POINT('',(-0.8,0.45,-0.405));
#5130 = DIRECTION('',(1.,0.,-1.338521200599E-16));
#5131 = DIRECTION('',(-1.338521200599E-16,0.,-1.));
#5132 = ADVANCED_FACE('',(#5133),#5167,.F.);
#5133 = FACE_BOUND('',#5134,.T.);
#5134 = EDGE_LOOP('',(#5135,#5145,#5153,#5161));
#5135 = ORIENTED_EDGE('',*,*,#5136,.T.);
#5136 = EDGE_CURVE('',#5137,#5139,#5141,.T.);
#5137 = VERTEX_POINT('',#5138);
#5138 = CARTESIAN_POINT('',(-0.75,0.4,0.405));
#5139 = VERTEX_POINT('',#5140);
#5140 = CARTESIAN_POINT('',(-0.75,-0.4,0.405));
#5141 = LINE('',#5142,#5143);
#5142 = CARTESIAN_POINT('',(-0.75,0.45,0.405));
#5143 = VECTOR('',#5144,1.);
#5144 = DIRECTION('',(0.,-1.,0.));
#5145 = ORIENTED_EDGE('',*,*,#5146,.T.);
#5146 = EDGE_CURVE('',#5139,#5147,#5149,.T.);
#5147 = VERTEX_POINT('',#5148);
#5148 = CARTESIAN_POINT('',(-0.45,-0.4,0.405));
#5149 = LINE('',#5150,#5151);
#5150 = CARTESIAN_POINT('',(-0.8,-0.4,0.405));
#5151 = VECTOR('',#5152,1.);
#5152 = DIRECTION('',(1.,-0.,0.));
#5153 = ORIENTED_EDGE('',*,*,#5154,.F.);
#5154 = EDGE_CURVE('',#5155,#5147,#5157,.T.);
#5155 = VERTEX_POINT('',#5156);
#5156 = CARTESIAN_POINT('',(-0.45,0.4,0.405));
#5157 = LINE('',#5158,#5159);
#5158 = CARTESIAN_POINT('',(-0.45,0.45,0.405));
#5159 = VECTOR('',#5160,1.);
#5160 = DIRECTION('',(-0.,-1.,-0.));
#5161 = ORIENTED_EDGE('',*,*,#5162,.T.);
#5162 = EDGE_CURVE('',#5155,#5137,#5163,.T.);
#5163 = LINE('',#5164,#5165);
#5164 = CARTESIAN_POINT('',(-0.8,0.4,0.405));
#5165 = VECTOR('',#5166,1.);
#5166 = DIRECTION('',(-1.,-0.,-0.));
#5167 = PLANE('',#5168);
#5168 = AXIS2_PLACEMENT_3D('',#5169,#5170,#5171);
#5169 = CARTESIAN_POINT('',(-0.8,0.45,0.405));
#5170 = DIRECTION('',(0.,0.,-1.));
#5171 = DIRECTION('',(-1.,0.,-0.));
#5172 = ADVANCED_FACE('',(#5173),#5234,.F.);
#5173 = FACE_BOUND('',#5174,.T.);
#5174 = EDGE_LOOP('',(#5175,#5185,#5194,#5202,#5211,#5219,#5226,#5227));
#5175 = ORIENTED_EDGE('',*,*,#5176,.T.);
#5176 = EDGE_CURVE('',#5177,#5179,#5181,.T.);
#5177 = VERTEX_POINT('',#5178);
#5178 = CARTESIAN_POINT('',(-0.45,-0.45,0.355));
#5179 = VERTEX_POINT('',#5180);
#5180 = CARTESIAN_POINT('',(-0.45,-0.45,-0.355));
#5181 = LINE('',#5182,#5183);
#5182 = CARTESIAN_POINT('',(-0.45,-0.45,-0.405));
#5183 = VECTOR('',#5184,1.);
#5184 = DIRECTION('',(-6.692606002997E-17,-0.,-1.));
#5185 = ORIENTED_EDGE('',*,*,#5186,.T.);
#5186 = EDGE_CURVE('',#5179,#5187,#5189,.T.);
#5187 = VERTEX_POINT('',#5188);
#5188 = CARTESIAN_POINT('',(-0.45,-0.4,-0.405));
#5189 = CIRCLE('',#5190,5.E-02);
#5190 = AXIS2_PLACEMENT_3D('',#5191,#5192,#5193);
#5191 = CARTESIAN_POINT('',(-0.45,-0.4,-0.355));
#5192 = DIRECTION('',(1.,0.,-6.692606002997E-17));
#5193 = DIRECTION('',(6.692606002997E-17,0.,1.));
#5194 = ORIENTED_EDGE('',*,*,#5195,.F.);
#5195 = EDGE_CURVE('',#5196,#5187,#5198,.T.);
#5196 = VERTEX_POINT('',#5197);
#5197 = CARTESIAN_POINT('',(-0.45,0.4,-0.405));
#5198 = LINE('',#5199,#5200);
#5199 = CARTESIAN_POINT('',(-0.45,0.45,-0.405));
#5200 = VECTOR('',#5201,1.);
#5201 = DIRECTION('',(-0.,-1.,-0.));
#5202 = ORIENTED_EDGE('',*,*,#5203,.T.);
#5203 = EDGE_CURVE('',#5196,#5204,#5206,.T.);
#5204 = VERTEX_POINT('',#5205);
#5205 = CARTESIAN_POINT('',(-0.45,0.45,-0.355));
#5206 = CIRCLE('',#5207,5.E-02);
#5207 = AXIS2_PLACEMENT_3D('',#5208,#5209,#5210);
#5208 = CARTESIAN_POINT('',(-0.45,0.4,-0.355));
#5209 = DIRECTION('',(1.,0.,-6.692606002997E-17));
#5210 = DIRECTION('',(6.692606002997E-17,0.,1.));
#5211 = ORIENTED_EDGE('',*,*,#5212,.F.);
#5212 = EDGE_CURVE('',#5213,#5204,#5215,.T.);
#5213 = VERTEX_POINT('',#5214);
#5214 = CARTESIAN_POINT('',(-0.45,0.45,0.355));
#5215 = LINE('',#5216,#5217);
#5216 = CARTESIAN_POINT('',(-0.45,0.45,-0.405));
#5217 = VECTOR('',#5218,1.);
#5218 = DIRECTION('',(-6.692606002997E-17,-0.,-1.));
#5219 = ORIENTED_EDGE('',*,*,#5220,.T.);
#5220 = EDGE_CURVE('',#5213,#5155,#5221,.T.);
#5221 = CIRCLE('',#5222,5.E-02);
#5222 = AXIS2_PLACEMENT_3D('',#5223,#5224,#5225);
#5223 = CARTESIAN_POINT('',(-0.45,0.4,0.355));
#5224 = DIRECTION('',(1.,0.,-6.692606002997E-17));
#5225 = DIRECTION('',(6.692606002997E-17,0.,1.));
#5226 = ORIENTED_EDGE('',*,*,#5154,.T.);
#5227 = ORIENTED_EDGE('',*,*,#5228,.T.);
#5228 = EDGE_CURVE('',#5147,#5177,#5229,.T.);
#5229 = CIRCLE('',#5230,5.E-02);
#5230 = AXIS2_PLACEMENT_3D('',#5231,#5232,#5233);
#5231 = CARTESIAN_POINT('',(-0.45,-0.4,0.355));
#5232 = DIRECTION('',(1.,0.,-6.692606002997E-17));
#5233 = DIRECTION('',(6.692606002997E-17,0.,1.));
#5234 = PLANE('',#5235);
#5235 = AXIS2_PLACEMENT_3D('',#5236,#5237,#5238);
#5236 = CARTESIAN_POINT('',(-0.45,0.45,-0.405));
#5237 = DIRECTION('',(-1.,0.,6.692606002997E-17));
#5238 = DIRECTION('',(6.692606002997E-17,0.,1.));
#5239 = ADVANCED_FACE('',(#5240),#5265,.F.);
#5240 = FACE_BOUND('',#5241,.T.);
#5241 = EDGE_LOOP('',(#5242,#5243,#5251,#5259));
#5242 = ORIENTED_EDGE('',*,*,#5195,.T.);
#5243 = ORIENTED_EDGE('',*,*,#5244,.T.);
#5244 = EDGE_CURVE('',#5187,#5245,#5247,.T.);
#5245 = VERTEX_POINT('',#5246);
#5246 = CARTESIAN_POINT('',(-0.75,-0.4,-0.405));
#5247 = LINE('',#5248,#5249);
#5248 = CARTESIAN_POINT('',(-0.8,-0.4,-0.405));
#5249 = VECTOR('',#5250,1.);
#5250 = DIRECTION('',(-1.,0.,-6.195440985631E-16));
#5251 = ORIENTED_EDGE('',*,*,#5252,.T.);
#5252 = EDGE_CURVE('',#5245,#5253,#5255,.T.);
#5253 = VERTEX_POINT('',#5254);
#5254 = CARTESIAN_POINT('',(-0.75,0.4,-0.405));
#5255 = LINE('',#5256,#5257);
#5256 = CARTESIAN_POINT('',(-0.75,0.45,-0.405));
#5257 = VECTOR('',#5258,1.);
#5258 = DIRECTION('',(-0.,1.,-0.));
#5259 = ORIENTED_EDGE('',*,*,#5260,.T.);
#5260 = EDGE_CURVE('',#5253,#5196,#5261,.T.);
#5261 = LINE('',#5262,#5263);
#5262 = CARTESIAN_POINT('',(-0.45,0.4,-0.405));
#5263 = VECTOR('',#5264,1.);
#5264 = DIRECTION('',(1.,-0.,6.195440985631E-16));
#5265 = PLANE('',#5266);
#5266 = AXIS2_PLACEMENT_3D('',#5267,#5268,#5269);
#5267 = CARTESIAN_POINT('',(-0.8,0.45,-0.405));
#5268 = DIRECTION('',(-6.195440985631E-16,0.,1.));
#5269 = DIRECTION('',(1.,0.,6.195440985631E-16));
#5270 = ADVANCED_FACE('',(#5271),#5296,.T.);
#5271 = FACE_BOUND('',#5272,.T.);
#5272 = EDGE_LOOP('',(#5273,#5274,#5282,#5290));
#5273 = ORIENTED_EDGE('',*,*,#5212,.T.);
#5274 = ORIENTED_EDGE('',*,*,#5275,.T.);
#5275 = EDGE_CURVE('',#5204,#5276,#5278,.T.);
#5276 = VERTEX_POINT('',#5277);
#5277 = CARTESIAN_POINT('',(-0.75,0.45,-0.355));
#5278 = LINE('',#5279,#5280);
#5279 = CARTESIAN_POINT('',(-0.8,0.45,-0.355));
#5280 = VECTOR('',#5281,1.);
#5281 = DIRECTION('',(-1.,0.,-6.195440985631E-16));
#5282 = ORIENTED_EDGE('',*,*,#5283,.T.);
#5283 = EDGE_CURVE('',#5276,#5284,#5286,.T.);
#5284 = VERTEX_POINT('',#5285);
#5285 = CARTESIAN_POINT('',(-0.75,0.45,0.355));
#5286 = LINE('',#5287,#5288);
#5287 = CARTESIAN_POINT('',(-0.75,0.45,0.405));
#5288 = VECTOR('',#5289,1.);
#5289 = DIRECTION('',(1.338521200599E-16,-0.,1.));
#5290 = ORIENTED_EDGE('',*,*,#5291,.T.);
#5291 = EDGE_CURVE('',#5284,#5213,#5292,.T.);
#5292 = LINE('',#5293,#5294);
#5293 = CARTESIAN_POINT('',(-0.45,0.45,0.355));
#5294 = VECTOR('',#5295,1.);
#5295 = DIRECTION('',(1.,-0.,0.));
#5296 = PLANE('',#5297);
#5297 = AXIS2_PLACEMENT_3D('',#5298,#5299,#5300);
#5298 = CARTESIAN_POINT('',(0.,0.45,0.));
#5299 = DIRECTION('',(0.,1.,0.));
#5300 = DIRECTION('',(0.,-0.,1.));
#5301 = ADVANCED_FACE('',(#5302),#5327,.F.);
#5302 = FACE_BOUND('',#5303,.T.);
#5303 = EDGE_LOOP('',(#5304,#5314,#5320,#5321));
#5304 = ORIENTED_EDGE('',*,*,#5305,.T.);
#5305 = EDGE_CURVE('',#5306,#5308,#5310,.T.);
#5306 = VERTEX_POINT('',#5307);
#5307 = CARTESIAN_POINT('',(-0.75,-0.45,0.355));
#5308 = VERTEX_POINT('',#5309);
#5309 = CARTESIAN_POINT('',(-0.75,-0.45,-0.355));
#5310 = LINE('',#5311,#5312);
#5311 = CARTESIAN_POINT('',(-0.75,-0.45,1.00389090045E-16));
#5312 = VECTOR('',#5313,1.);
#5313 = DIRECTION('',(-1.338521200599E-16,0.,-1.));
#5314 = ORIENTED_EDGE('',*,*,#5315,.T.);
#5315 = EDGE_CURVE('',#5308,#5179,#5316,.T.);
#5316 = LINE('',#5317,#5318);
#5317 = CARTESIAN_POINT('',(2.199381549899E-16,-0.45,-0.355));
#5318 = VECTOR('',#5319,1.);
#5319 = DIRECTION('',(1.,-0.,6.195440985631E-16));
#5320 = ORIENTED_EDGE('',*,*,#5176,.F.);
#5321 = ORIENTED_EDGE('',*,*,#5322,.T.);
#5322 = EDGE_CURVE('',#5177,#5306,#5323,.T.);
#5323 = LINE('',#5324,#5325);
#5324 = CARTESIAN_POINT('',(0.,-0.45,0.355));
#5325 = VECTOR('',#5326,1.);
#5326 = DIRECTION('',(-1.,0.,-0.));
#5327 = PLANE('',#5328);
#5328 = AXIS2_PLACEMENT_3D('',#5329,#5330,#5331);
#5329 = CARTESIAN_POINT('',(0.,-0.45,0.));
#5330 = DIRECTION('',(0.,1.,0.));
#5331 = DIRECTION('',(0.,-0.,1.));
#5332 = ADVANCED_FACE('',(#5333),#5345,.T.);
#5333 = FACE_BOUND('',#5334,.T.);
#5334 = EDGE_LOOP('',(#5335,#5336,#5337,#5344));
#5335 = ORIENTED_EDGE('',*,*,#5220,.F.);
#5336 = ORIENTED_EDGE('',*,*,#5291,.F.);
#5337 = ORIENTED_EDGE('',*,*,#5338,.F.);
#5338 = EDGE_CURVE('',#5137,#5284,#5339,.T.);
#5339 = CIRCLE('',#5340,5.E-02);
#5340 = AXIS2_PLACEMENT_3D('',#5341,#5342,#5343);
#5341 = CARTESIAN_POINT('',(-0.75,0.4,0.355));
#5342 = DIRECTION('',(-1.,0.,0.));
#5343 = DIRECTION('',(0.,0.,1.));
#5344 = ORIENTED_EDGE('',*,*,#5162,.F.);
#5345 = CYLINDRICAL_SURFACE('',#5346,5.E-02);
#5346 = AXIS2_PLACEMENT_3D('',#5347,#5348,#5349);
#5347 = CARTESIAN_POINT('',(0.,0.4,0.355));
#5348 = DIRECTION('',(-1.,0.,0.));
#5349 = DIRECTION('',(0.,0.,1.));
#5350 = ADVANCED_FACE('',(#5351),#5369,.T.);
#5351 = FACE_BOUND('',#5352,.T.);
#5352 = EDGE_LOOP('',(#5353,#5360,#5361,#5368));
#5353 = ORIENTED_EDGE('',*,*,#5354,.F.);
#5354 = EDGE_CURVE('',#5139,#5115,#5355,.T.);
#5355 = CIRCLE('',#5356,5.E-02);
#5356 = AXIS2_PLACEMENT_3D('',#5357,#5358,#5359);
#5357 = CARTESIAN_POINT('',(-0.75,-0.4,0.355));
#5358 = DIRECTION('',(0.,-1.,0.));
#5359 = DIRECTION('',(0.,0.,-1.));
#5360 = ORIENTED_EDGE('',*,*,#5136,.F.);
#5361 = ORIENTED_EDGE('',*,*,#5362,.F.);
#5362 = EDGE_CURVE('',#5097,#5137,#5363,.T.);
#5363 = CIRCLE('',#5364,5.E-02);
#5364 = AXIS2_PLACEMENT_3D('',#5365,#5366,#5367);
#5365 = CARTESIAN_POINT('',(-0.75,0.4,0.355));
#5366 = DIRECTION('',(0.,1.,-0.));
#5367 = DIRECTION('',(0.,0.,1.));
#5368 = ORIENTED_EDGE('',*,*,#5122,.F.);
#5369 = CYLINDRICAL_SURFACE('',#5370,5.E-02);
#5370 = AXIS2_PLACEMENT_3D('',#5371,#5372,#5373);
#5371 = CARTESIAN_POINT('',(-0.75,0.45,0.355));
#5372 = DIRECTION('',(0.,-1.,0.));
#5373 = DIRECTION('',(0.,0.,-1.));
#5374 = ADVANCED_FACE('',(#5375),#5387,.T.);
#5375 = FACE_BOUND('',#5376,.T.);
#5376 = EDGE_LOOP('',(#5377,#5378,#5379,#5386));
#5377 = ORIENTED_EDGE('',*,*,#5228,.F.);
#5378 = ORIENTED_EDGE('',*,*,#5146,.F.);
#5379 = ORIENTED_EDGE('',*,*,#5380,.F.);
#5380 = EDGE_CURVE('',#5306,#5139,#5381,.T.);
#5381 = CIRCLE('',#5382,5.E-02);
#5382 = AXIS2_PLACEMENT_3D('',#5383,#5384,#5385);
#5383 = CARTESIAN_POINT('',(-0.75,-0.4,0.355));
#5384 = DIRECTION('',(-1.,0.,0.));
#5385 = DIRECTION('',(0.,0.,1.));
#5386 = ORIENTED_EDGE('',*,*,#5322,.F.);
#5387 = CYLINDRICAL_SURFACE('',#5388,5.E-02);
#5388 = AXIS2_PLACEMENT_3D('',#5389,#5390,#5391);
#5389 = CARTESIAN_POINT('',(-0.8,-0.4,0.355));
#5390 = DIRECTION('',(1.,-0.,0.));
#5391 = DIRECTION('',(0.,0.,-1.));
#5392 = ADVANCED_FACE('',(#5393),#5404,.T.);
#5393 = FACE_BOUND('',#5394,.T.);
#5394 = EDGE_LOOP('',(#5395,#5396,#5397));
#5395 = ORIENTED_EDGE('',*,*,#5362,.T.);
#5396 = ORIENTED_EDGE('',*,*,#5338,.T.);
#5397 = ORIENTED_EDGE('',*,*,#5398,.F.);
#5398 = EDGE_CURVE('',#5097,#5284,#5399,.T.);
#5399 = CIRCLE('',#5400,5.E-02);
#5400 = AXIS2_PLACEMENT_3D('',#5401,#5402,#5403);
#5401 = CARTESIAN_POINT('',(-0.75,0.4,0.355));
#5402 = DIRECTION('',(0.,0.,-1.));
#5403 = DIRECTION('',(1.,0.,0.));
#5404 = SPHERICAL_SURFACE('',#5405,5.E-02);
#5405 = AXIS2_PLACEMENT_3D('',#5406,#5407,#5408);
#5406 = CARTESIAN_POINT('',(-0.75,0.4,0.355));
#5407 = DIRECTION('',(0.,1.,0.));
#5408 = DIRECTION('',(1.,0.,0.));
#5409 = ADVANCED_FACE('',(#5410),#5421,.T.);
#5410 = FACE_BOUND('',#5411,.T.);
#5411 = EDGE_LOOP('',(#5412,#5413,#5414));
#5412 = ORIENTED_EDGE('',*,*,#5380,.T.);
#5413 = ORIENTED_EDGE('',*,*,#5354,.T.);
#5414 = ORIENTED_EDGE('',*,*,#5415,.F.);
#5415 = EDGE_CURVE('',#5306,#5115,#5416,.T.);
#5416 = CIRCLE('',#5417,5.E-02);
#5417 = AXIS2_PLACEMENT_3D('',#5418,#5419,#5420);
#5418 = CARTESIAN_POINT('',(-0.75,-0.4,0.355));
#5419 = DIRECTION('',(0.,0.,-1.));
#5420 = DIRECTION('',(1.,0.,0.));
#5421 = SPHERICAL_SURFACE('',#5422,5.E-02);
#5422 = AXIS2_PLACEMENT_3D('',#5423,#5424,#5425);
#5423 = CARTESIAN_POINT('',(-0.75,-0.4,0.355));
#5424 = DIRECTION('',(0.,1.,0.));
#5425 = DIRECTION('',(1.,0.,0.));
#5426 = ADVANCED_FACE('',(#5427),#5439,.T.);
#5427 = FACE_BOUND('',#5428,.T.);
#5428 = EDGE_LOOP('',(#5429,#5430,#5431,#5438));
#5429 = ORIENTED_EDGE('',*,*,#5203,.F.);
#5430 = ORIENTED_EDGE('',*,*,#5260,.F.);
#5431 = ORIENTED_EDGE('',*,*,#5432,.F.);
#5432 = EDGE_CURVE('',#5276,#5253,#5433,.T.);
#5433 = CIRCLE('',#5434,5.E-02);
#5434 = AXIS2_PLACEMENT_3D('',#5435,#5436,#5437);
#5435 = CARTESIAN_POINT('',(-0.75,0.4,-0.355));
#5436 = DIRECTION('',(-1.,0.,0.));
#5437 = DIRECTION('',(0.,0.,1.));
#5438 = ORIENTED_EDGE('',*,*,#5275,.F.);
#5439 = CYLINDRICAL_SURFACE('',#5440,5.E-02);
#5440 = AXIS2_PLACEMENT_3D('',#5441,#5442,#5443);
#5441 = CARTESIAN_POINT('',(2.199381549899E-16,0.4,-0.355));
#5442 = DIRECTION('',(1.,-0.,6.195440985631E-16));
#5443 = DIRECTION('',(6.195440985631E-16,0.,-1.));
#5444 = ADVANCED_FACE('',(#5445),#5457,.T.);
#5445 = FACE_BOUND('',#5446,.T.);
#5446 = EDGE_LOOP('',(#5447,#5448,#5449,#5456));
#5447 = ORIENTED_EDGE('',*,*,#5398,.T.);
#5448 = ORIENTED_EDGE('',*,*,#5283,.F.);
#5449 = ORIENTED_EDGE('',*,*,#5450,.F.);
#5450 = EDGE_CURVE('',#5099,#5276,#5451,.T.);
#5451 = CIRCLE('',#5452,5.E-02);
#5452 = AXIS2_PLACEMENT_3D('',#5453,#5454,#5455);
#5453 = CARTESIAN_POINT('',(-0.75,0.4,-0.355));
#5454 = DIRECTION('',(0.,0.,-1.));
#5455 = DIRECTION('',(-1.,0.,0.));
#5456 = ORIENTED_EDGE('',*,*,#5096,.F.);
#5457 = CYLINDRICAL_SURFACE('',#5458,5.E-02);
#5458 = AXIS2_PLACEMENT_3D('',#5459,#5460,#5461);
#5459 = CARTESIAN_POINT('',(-0.75,0.4,1.00389090045E-16));
#5460 = DIRECTION('',(-1.338521200599E-16,0.,-1.));
#5461 = DIRECTION('',(-1.,0.,1.338521200599E-16));
#5462 = ADVANCED_FACE('',(#5463),#5475,.T.);
#5463 = FACE_BOUND('',#5464,.T.);
#5464 = EDGE_LOOP('',(#5465,#5466,#5467,#5474));
#5465 = ORIENTED_EDGE('',*,*,#5415,.T.);
#5466 = ORIENTED_EDGE('',*,*,#5114,.F.);
#5467 = ORIENTED_EDGE('',*,*,#5468,.F.);
#5468 = EDGE_CURVE('',#5308,#5107,#5469,.T.);
#5469 = CIRCLE('',#5470,5.E-02);
#5470 = AXIS2_PLACEMENT_3D('',#5471,#5472,#5473);
#5471 = CARTESIAN_POINT('',(-0.75,-0.4,-0.355));
#5472 = DIRECTION('',(-0.,0.,-1.));
#5473 = DIRECTION('',(-1.,0.,0.));
#5474 = ORIENTED_EDGE('',*,*,#5305,.F.);
#5475 = CYLINDRICAL_SURFACE('',#5476,5.E-02);
#5476 = AXIS2_PLACEMENT_3D('',#5477,#5478,#5479);
#5477 = CARTESIAN_POINT('',(-0.75,-0.4,-0.405));
#5478 = DIRECTION('',(1.338521200599E-16,-0.,1.));
#5479 = DIRECTION('',(1.,0.,-1.338521200599E-16));
#5480 = ADVANCED_FACE('',(#5481),#5493,.T.);
#5481 = FACE_BOUND('',#5482,.T.);
#5482 = EDGE_LOOP('',(#5483,#5484,#5485,#5492));
#5483 = ORIENTED_EDGE('',*,*,#5186,.F.);
#5484 = ORIENTED_EDGE('',*,*,#5315,.F.);
#5485 = ORIENTED_EDGE('',*,*,#5486,.F.);
#5486 = EDGE_CURVE('',#5245,#5308,#5487,.T.);
#5487 = CIRCLE('',#5488,5.E-02);
#5488 = AXIS2_PLACEMENT_3D('',#5489,#5490,#5491);
#5489 = CARTESIAN_POINT('',(-0.75,-0.4,-0.355));
#5490 = DIRECTION('',(-1.,0.,-0.));
#5491 = DIRECTION('',(-0.,0.,1.));
#5492 = ORIENTED_EDGE('',*,*,#5244,.F.);
#5493 = CYLINDRICAL_SURFACE('',#5494,5.E-02);
#5494 = AXIS2_PLACEMENT_3D('',#5495,#5496,#5497);
#5495 = CARTESIAN_POINT('',(-0.8,-0.4,-0.355));
#5496 = DIRECTION('',(-1.,0.,-6.195440985631E-16));
#5497 = DIRECTION('',(-6.195440985631E-16,0.,1.));
#5498 = ADVANCED_FACE('',(#5499),#5510,.T.);
#5499 = FACE_BOUND('',#5500,.T.);
#5500 = EDGE_LOOP('',(#5501,#5502,#5503));
#5501 = ORIENTED_EDGE('',*,*,#5450,.T.);
#5502 = ORIENTED_EDGE('',*,*,#5432,.T.);
#5503 = ORIENTED_EDGE('',*,*,#5504,.F.);
#5504 = EDGE_CURVE('',#5099,#5253,#5505,.T.);
#5505 = CIRCLE('',#5506,5.E-02);
#5506 = AXIS2_PLACEMENT_3D('',#5507,#5508,#5509);
#5507 = CARTESIAN_POINT('',(-0.75,0.4,-0.355));
#5508 = DIRECTION('',(0.,-1.,0.));
#5509 = DIRECTION('',(0.,0.,1.));
#5510 = SPHERICAL_SURFACE('',#5511,5.E-02);
#5511 = AXIS2_PLACEMENT_3D('',#5512,#5513,#5514);
#5512 = CARTESIAN_POINT('',(-0.75,0.4,-0.355));
#5513 = DIRECTION('',(0.,1.,0.));
#5514 = DIRECTION('',(1.,0.,0.));
#5515 = ADVANCED_FACE('',(#5516),#5527,.T.);
#5516 = FACE_BOUND('',#5517,.T.);
#5517 = EDGE_LOOP('',(#5518,#5519,#5520));
#5518 = ORIENTED_EDGE('',*,*,#5486,.T.);
#5519 = ORIENTED_EDGE('',*,*,#5468,.T.);
#5520 = ORIENTED_EDGE('',*,*,#5521,.F.);
#5521 = EDGE_CURVE('',#5245,#5107,#5522,.T.);
#5522 = CIRCLE('',#5523,5.E-02);
#5523 = AXIS2_PLACEMENT_3D('',#5524,#5525,#5526);
#5524 = CARTESIAN_POINT('',(-0.75,-0.4,-0.355));
#5525 = DIRECTION('',(0.,1.,0.));
#5526 = DIRECTION('',(0.,0.,-1.));
#5527 = SPHERICAL_SURFACE('',#5528,5.E-02);
#5528 = AXIS2_PLACEMENT_3D('',#5529,#5530,#5531);
#5529 = CARTESIAN_POINT('',(-0.75,-0.4,-0.355));
#5530 = DIRECTION('',(0.,1.,0.));
#5531 = DIRECTION('',(1.,0.,0.));
#5532 = ADVANCED_FACE('',(#5533),#5539,.T.);
#5533 = FACE_BOUND('',#5534,.T.);
#5534 = EDGE_LOOP('',(#5535,#5536,#5537,#5538));
#5535 = ORIENTED_EDGE('',*,*,#5504,.T.);
#5536 = ORIENTED_EDGE('',*,*,#5252,.F.);
#5537 = ORIENTED_EDGE('',*,*,#5521,.T.);
#5538 = ORIENTED_EDGE('',*,*,#5106,.F.);
#5539 = CYLINDRICAL_SURFACE('',#5540,5.E-02);
#5540 = AXIS2_PLACEMENT_3D('',#5541,#5542,#5543);
#5541 = CARTESIAN_POINT('',(-0.75,0.45,-0.355));
#5542 = DIRECTION('',(0.,-1.,0.));
#5543 = DIRECTION('',(0.,0.,-1.));
#5544 = MANIFOLD_SOLID_BREP('',#5545);
#5545 = CLOSED_SHELL('',(#5546,#5586,#5626,#5693,#5724,#5755,#5786,#5804
    ,#5828,#5846,#5863,#5880,#5898,#5916,#5934,#5952,#5969,#5986));
#5546 = ADVANCED_FACE('',(#5547),#5581,.F.);
#5547 = FACE_BOUND('',#5548,.T.);
#5548 = EDGE_LOOP('',(#5549,#5559,#5567,#5575));
#5549 = ORIENTED_EDGE('',*,*,#5550,.F.);
#5550 = EDGE_CURVE('',#5551,#5553,#5555,.T.);
#5551 = VERTEX_POINT('',#5552);
#5552 = CARTESIAN_POINT('',(0.8,0.4,0.355));
#5553 = VERTEX_POINT('',#5554);
#5554 = CARTESIAN_POINT('',(0.8,0.4,-0.355));
#5555 = LINE('',#5556,#5557);
#5556 = CARTESIAN_POINT('',(0.8,0.4,-0.405));
#5557 = VECTOR('',#5558,1.);
#5558 = DIRECTION('',(1.338521200599E-16,-0.,-1.));
#5559 = ORIENTED_EDGE('',*,*,#5560,.F.);
#5560 = EDGE_CURVE('',#5561,#5551,#5563,.T.);
#5561 = VERTEX_POINT('',#5562);
#5562 = CARTESIAN_POINT('',(0.8,-0.4,0.355));
#5563 = LINE('',#5564,#5565);
#5564 = CARTESIAN_POINT('',(0.8,0.45,0.355));
#5565 = VECTOR('',#5566,1.);
#5566 = DIRECTION('',(-0.,1.,-0.));
#5567 = ORIENTED_EDGE('',*,*,#5568,.F.);
#5568 = EDGE_CURVE('',#5569,#5561,#5571,.T.);
#5569 = VERTEX_POINT('',#5570);
#5570 = CARTESIAN_POINT('',(0.8,-0.4,-0.355));
#5571 = LINE('',#5572,#5573);
#5572 = CARTESIAN_POINT('',(0.8,-0.4,-0.405));
#5573 = VECTOR('',#5574,1.);
#5574 = DIRECTION('',(-1.338521200599E-16,0.,1.));
#5575 = ORIENTED_EDGE('',*,*,#5576,.F.);
#5576 = EDGE_CURVE('',#5553,#5569,#5577,.T.);
#5577 = LINE('',#5578,#5579);
#5578 = CARTESIAN_POINT('',(0.8,0.45,-0.355));
#5579 = VECTOR('',#5580,1.);
#5580 = DIRECTION('',(0.,-1.,0.));
#5581 = PLANE('',#5582);
#5582 = AXIS2_PLACEMENT_3D('',#5583,#5584,#5585);
#5583 = CARTESIAN_POINT('',(0.8,0.45,-0.405));
#5584 = DIRECTION('',(-1.,0.,-1.338521200599E-16));
#5585 = DIRECTION('',(1.338521200599E-16,0.,-1.));
#5586 = ADVANCED_FACE('',(#5587),#5621,.F.);
#5587 = FACE_BOUND('',#5588,.T.);
#5588 = EDGE_LOOP('',(#5589,#5599,#5607,#5615));
#5589 = ORIENTED_EDGE('',*,*,#5590,.F.);
#5590 = EDGE_CURVE('',#5591,#5593,#5595,.T.);
#5591 = VERTEX_POINT('',#5592);
#5592 = CARTESIAN_POINT('',(0.75,0.4,0.405));
#5593 = VERTEX_POINT('',#5594);
#5594 = CARTESIAN_POINT('',(0.75,-0.4,0.405));
#5595 = LINE('',#5596,#5597);
#5596 = CARTESIAN_POINT('',(0.75,0.45,0.405));
#5597 = VECTOR('',#5598,1.);
#5598 = DIRECTION('',(0.,-1.,0.));
#5599 = ORIENTED_EDGE('',*,*,#5600,.F.);
#5600 = EDGE_CURVE('',#5601,#5591,#5603,.T.);
#5601 = VERTEX_POINT('',#5602);
#5602 = CARTESIAN_POINT('',(0.45,0.4,0.405));
#5603 = LINE('',#5604,#5605);
#5604 = CARTESIAN_POINT('',(0.8,0.4,0.405));
#5605 = VECTOR('',#5606,1.);
#5606 = DIRECTION('',(1.,-0.,-0.));
#5607 = ORIENTED_EDGE('',*,*,#5608,.T.);
#5608 = EDGE_CURVE('',#5601,#5609,#5611,.T.);
#5609 = VERTEX_POINT('',#5610);
#5610 = CARTESIAN_POINT('',(0.45,-0.4,0.405));
#5611 = LINE('',#5612,#5613);
#5612 = CARTESIAN_POINT('',(0.45,0.45,0.405));
#5613 = VECTOR('',#5614,1.);
#5614 = DIRECTION('',(0.,-1.,-0.));
#5615 = ORIENTED_EDGE('',*,*,#5616,.F.);
#5616 = EDGE_CURVE('',#5593,#5609,#5617,.T.);
#5617 = LINE('',#5618,#5619);
#5618 = CARTESIAN_POINT('',(0.8,-0.4,0.405));
#5619 = VECTOR('',#5620,1.);
#5620 = DIRECTION('',(-1.,0.,0.));
#5621 = PLANE('',#5622);
#5622 = AXIS2_PLACEMENT_3D('',#5623,#5624,#5625);
#5623 = CARTESIAN_POINT('',(0.8,0.45,0.405));
#5624 = DIRECTION('',(0.,0.,-1.));
#5625 = DIRECTION('',(1.,0.,0.));
#5626 = ADVANCED_FACE('',(#5627),#5688,.F.);
#5627 = FACE_BOUND('',#5628,.T.);
#5628 = EDGE_LOOP('',(#5629,#5639,#5646,#5647,#5656,#5664,#5673,#5681));
#5629 = ORIENTED_EDGE('',*,*,#5630,.F.);
#5630 = EDGE_CURVE('',#5631,#5633,#5635,.T.);
#5631 = VERTEX_POINT('',#5632);
#5632 = CARTESIAN_POINT('',(0.45,-0.45,0.355));
#5633 = VERTEX_POINT('',#5634);
#5634 = CARTESIAN_POINT('',(0.45,-0.45,-0.355));
#5635 = LINE('',#5636,#5637);
#5636 = CARTESIAN_POINT('',(0.45,-0.45,-0.405));
#5637 = VECTOR('',#5638,1.);
#5638 = DIRECTION('',(6.692606002997E-17,-0.,-1.));
#5639 = ORIENTED_EDGE('',*,*,#5640,.F.);
#5640 = EDGE_CURVE('',#5609,#5631,#5641,.T.);
#5641 = CIRCLE('',#5642,5.E-02);
#5642 = AXIS2_PLACEMENT_3D('',#5643,#5644,#5645);
#5643 = CARTESIAN_POINT('',(0.45,-0.4,0.355));
#5644 = DIRECTION('',(1.,0.,6.692606002997E-17));
#5645 = DIRECTION('',(-6.692606002997E-17,0.,1.));
#5646 = ORIENTED_EDGE('',*,*,#5608,.F.);
#5647 = ORIENTED_EDGE('',*,*,#5648,.F.);
#5648 = EDGE_CURVE('',#5649,#5601,#5651,.T.);
#5649 = VERTEX_POINT('',#5650);
#5650 = CARTESIAN_POINT('',(0.45,0.45,0.355));
#5651 = CIRCLE('',#5652,5.E-02);
#5652 = AXIS2_PLACEMENT_3D('',#5653,#5654,#5655);
#5653 = CARTESIAN_POINT('',(0.45,0.4,0.355));
#5654 = DIRECTION('',(1.,0.,6.692606002997E-17));
#5655 = DIRECTION('',(-6.692606002997E-17,0.,1.));
#5656 = ORIENTED_EDGE('',*,*,#5657,.T.);
#5657 = EDGE_CURVE('',#5649,#5658,#5660,.T.);
#5658 = VERTEX_POINT('',#5659);
#5659 = CARTESIAN_POINT('',(0.45,0.45,-0.355));
#5660 = LINE('',#5661,#5662);
#5661 = CARTESIAN_POINT('',(0.45,0.45,-0.405));
#5662 = VECTOR('',#5663,1.);
#5663 = DIRECTION('',(6.692606002997E-17,-0.,-1.));
#5664 = ORIENTED_EDGE('',*,*,#5665,.F.);
#5665 = EDGE_CURVE('',#5666,#5658,#5668,.T.);
#5666 = VERTEX_POINT('',#5667);
#5667 = CARTESIAN_POINT('',(0.45,0.4,-0.405));
#5668 = CIRCLE('',#5669,5.E-02);
#5669 = AXIS2_PLACEMENT_3D('',#5670,#5671,#5672);
#5670 = CARTESIAN_POINT('',(0.45,0.4,-0.355));
#5671 = DIRECTION('',(1.,0.,6.692606002997E-17));
#5672 = DIRECTION('',(-6.692606002997E-17,0.,1.));
#5673 = ORIENTED_EDGE('',*,*,#5674,.T.);
#5674 = EDGE_CURVE('',#5666,#5675,#5677,.T.);
#5675 = VERTEX_POINT('',#5676);
#5676 = CARTESIAN_POINT('',(0.45,-0.4,-0.405));
#5677 = LINE('',#5678,#5679);
#5678 = CARTESIAN_POINT('',(0.45,0.45,-0.405));
#5679 = VECTOR('',#5680,1.);
#5680 = DIRECTION('',(0.,-1.,-0.));
#5681 = ORIENTED_EDGE('',*,*,#5682,.F.);
#5682 = EDGE_CURVE('',#5633,#5675,#5683,.T.);
#5683 = CIRCLE('',#5684,5.E-02);
#5684 = AXIS2_PLACEMENT_3D('',#5685,#5686,#5687);
#5685 = CARTESIAN_POINT('',(0.45,-0.4,-0.355));
#5686 = DIRECTION('',(1.,0.,6.692606002997E-17));
#5687 = DIRECTION('',(-6.692606002997E-17,0.,1.));
#5688 = PLANE('',#5689);
#5689 = AXIS2_PLACEMENT_3D('',#5690,#5691,#5692);
#5690 = CARTESIAN_POINT('',(0.45,0.45,-0.405));
#5691 = DIRECTION('',(1.,0.,6.692606002997E-17));
#5692 = DIRECTION('',(-6.692606002997E-17,0.,1.));
#5693 = ADVANCED_FACE('',(#5694),#5719,.F.);
#5694 = FACE_BOUND('',#5695,.T.);
#5695 = EDGE_LOOP('',(#5696,#5697,#5705,#5713));
#5696 = ORIENTED_EDGE('',*,*,#5674,.F.);
#5697 = ORIENTED_EDGE('',*,*,#5698,.F.);
#5698 = EDGE_CURVE('',#5699,#5666,#5701,.T.);
#5699 = VERTEX_POINT('',#5700);
#5700 = CARTESIAN_POINT('',(0.75,0.4,-0.405));
#5701 = LINE('',#5702,#5703);
#5702 = CARTESIAN_POINT('',(0.45,0.4,-0.405));
#5703 = VECTOR('',#5704,1.);
#5704 = DIRECTION('',(-1.,-0.,6.195440985631E-16));
#5705 = ORIENTED_EDGE('',*,*,#5706,.F.);
#5706 = EDGE_CURVE('',#5707,#5699,#5709,.T.);
#5707 = VERTEX_POINT('',#5708);
#5708 = CARTESIAN_POINT('',(0.75,-0.4,-0.405));
#5709 = LINE('',#5710,#5711);
#5710 = CARTESIAN_POINT('',(0.75,0.45,-0.405));
#5711 = VECTOR('',#5712,1.);
#5712 = DIRECTION('',(-0.,1.,-0.));
#5713 = ORIENTED_EDGE('',*,*,#5714,.F.);
#5714 = EDGE_CURVE('',#5675,#5707,#5715,.T.);
#5715 = LINE('',#5716,#5717);
#5716 = CARTESIAN_POINT('',(0.8,-0.4,-0.405));
#5717 = VECTOR('',#5718,1.);
#5718 = DIRECTION('',(1.,0.,-6.195440985631E-16));
#5719 = PLANE('',#5720);
#5720 = AXIS2_PLACEMENT_3D('',#5721,#5722,#5723);
#5721 = CARTESIAN_POINT('',(0.8,0.45,-0.405));
#5722 = DIRECTION('',(6.195440985631E-16,0.,1.));
#5723 = DIRECTION('',(-1.,0.,6.195440985631E-16));
#5724 = ADVANCED_FACE('',(#5725),#5750,.T.);
#5725 = FACE_BOUND('',#5726,.T.);
#5726 = EDGE_LOOP('',(#5727,#5728,#5736,#5744));
#5727 = ORIENTED_EDGE('',*,*,#5657,.F.);
#5728 = ORIENTED_EDGE('',*,*,#5729,.F.);
#5729 = EDGE_CURVE('',#5730,#5649,#5732,.T.);
#5730 = VERTEX_POINT('',#5731);
#5731 = CARTESIAN_POINT('',(0.75,0.45,0.355));
#5732 = LINE('',#5733,#5734);
#5733 = CARTESIAN_POINT('',(0.45,0.45,0.355));
#5734 = VECTOR('',#5735,1.);
#5735 = DIRECTION('',(-1.,0.,0.));
#5736 = ORIENTED_EDGE('',*,*,#5737,.F.);
#5737 = EDGE_CURVE('',#5738,#5730,#5740,.T.);
#5738 = VERTEX_POINT('',#5739);
#5739 = CARTESIAN_POINT('',(0.75,0.45,-0.355));
#5740 = LINE('',#5741,#5742);
#5741 = CARTESIAN_POINT('',(0.75,0.45,0.405));
#5742 = VECTOR('',#5743,1.);
#5743 = DIRECTION('',(-1.338521200599E-16,0.,1.));
#5744 = ORIENTED_EDGE('',*,*,#5745,.F.);
#5745 = EDGE_CURVE('',#5658,#5738,#5746,.T.);
#5746 = LINE('',#5747,#5748);
#5747 = CARTESIAN_POINT('',(0.8,0.45,-0.355));
#5748 = VECTOR('',#5749,1.);
#5749 = DIRECTION('',(1.,0.,-6.195440985631E-16));
#5750 = PLANE('',#5751);
#5751 = AXIS2_PLACEMENT_3D('',#5752,#5753,#5754);
#5752 = CARTESIAN_POINT('',(0.,0.45,0.));
#5753 = DIRECTION('',(0.,1.,0.));
#5754 = DIRECTION('',(0.,-0.,1.));
#5755 = ADVANCED_FACE('',(#5756),#5781,.F.);
#5756 = FACE_BOUND('',#5757,.T.);
#5757 = EDGE_LOOP('',(#5758,#5768,#5774,#5775));
#5758 = ORIENTED_EDGE('',*,*,#5759,.F.);
#5759 = EDGE_CURVE('',#5760,#5762,#5764,.T.);
#5760 = VERTEX_POINT('',#5761);
#5761 = CARTESIAN_POINT('',(0.75,-0.45,0.355));
#5762 = VERTEX_POINT('',#5763);
#5763 = CARTESIAN_POINT('',(0.75,-0.45,-0.355));
#5764 = LINE('',#5765,#5766);
#5765 = CARTESIAN_POINT('',(0.75,-0.45,1.00389090045E-16));
#5766 = VECTOR('',#5767,1.);
#5767 = DIRECTION('',(1.338521200599E-16,-0.,-1.));
#5768 = ORIENTED_EDGE('',*,*,#5769,.F.);
#5769 = EDGE_CURVE('',#5631,#5760,#5770,.T.);
#5770 = LINE('',#5771,#5772);
#5771 = CARTESIAN_POINT('',(0.,-0.45,0.355));
#5772 = VECTOR('',#5773,1.);
#5773 = DIRECTION('',(1.,-0.,-0.));
#5774 = ORIENTED_EDGE('',*,*,#5630,.T.);
#5775 = ORIENTED_EDGE('',*,*,#5776,.F.);
#5776 = EDGE_CURVE('',#5762,#5633,#5777,.T.);
#5777 = LINE('',#5778,#5779);
#5778 = CARTESIAN_POINT('',(-2.199381549899E-16,-0.45,-0.355));
#5779 = VECTOR('',#5780,1.);
#5780 = DIRECTION('',(-1.,-0.,6.195440985631E-16));
#5781 = PLANE('',#5782);
#5782 = AXIS2_PLACEMENT_3D('',#5783,#5784,#5785);
#5783 = CARTESIAN_POINT('',(0.,-0.45,0.));
#5784 = DIRECTION('',(0.,1.,0.));
#5785 = DIRECTION('',(0.,-0.,1.));
#5786 = ADVANCED_FACE('',(#5787),#5799,.T.);
#5787 = FACE_BOUND('',#5788,.T.);
#5788 = EDGE_LOOP('',(#5789,#5790,#5791,#5798));
#5789 = ORIENTED_EDGE('',*,*,#5648,.T.);
#5790 = ORIENTED_EDGE('',*,*,#5600,.T.);
#5791 = ORIENTED_EDGE('',*,*,#5792,.T.);
#5792 = EDGE_CURVE('',#5591,#5730,#5793,.T.);
#5793 = CIRCLE('',#5794,5.E-02);
#5794 = AXIS2_PLACEMENT_3D('',#5795,#5796,#5797);
#5795 = CARTESIAN_POINT('',(0.75,0.4,0.355));
#5796 = DIRECTION('',(-1.,0.,-0.));
#5797 = DIRECTION('',(-0.,0.,1.));
#5798 = ORIENTED_EDGE('',*,*,#5729,.T.);
#5799 = CYLINDRICAL_SURFACE('',#5800,5.E-02);
#5800 = AXIS2_PLACEMENT_3D('',#5801,#5802,#5803);
#5801 = CARTESIAN_POINT('',(0.,0.4,0.355));
#5802 = DIRECTION('',(1.,0.,0.));
#5803 = DIRECTION('',(0.,0.,1.));
#5804 = ADVANCED_FACE('',(#5805),#5823,.T.);
#5805 = FACE_BOUND('',#5806,.T.);
#5806 = EDGE_LOOP('',(#5807,#5814,#5815,#5822));
#5807 = ORIENTED_EDGE('',*,*,#5808,.T.);
#5808 = EDGE_CURVE('',#5593,#5561,#5809,.T.);
#5809 = CIRCLE('',#5810,5.E-02);
#5810 = AXIS2_PLACEMENT_3D('',#5811,#5812,#5813);
#5811 = CARTESIAN_POINT('',(0.75,-0.4,0.355));
#5812 = DIRECTION('',(-0.,1.,0.));
#5813 = DIRECTION('',(0.,0.,-1.));
#5814 = ORIENTED_EDGE('',*,*,#5560,.T.);
#5815 = ORIENTED_EDGE('',*,*,#5816,.T.);
#5816 = EDGE_CURVE('',#5551,#5591,#5817,.T.);
#5817 = CIRCLE('',#5818,5.E-02);
#5818 = AXIS2_PLACEMENT_3D('',#5819,#5820,#5821);
#5819 = CARTESIAN_POINT('',(0.75,0.4,0.355));
#5820 = DIRECTION('',(0.,-1.,0.));
#5821 = DIRECTION('',(0.,0.,1.));
#5822 = ORIENTED_EDGE('',*,*,#5590,.T.);
#5823 = CYLINDRICAL_SURFACE('',#5824,5.E-02);
#5824 = AXIS2_PLACEMENT_3D('',#5825,#5826,#5827);
#5825 = CARTESIAN_POINT('',(0.75,0.45,0.355));
#5826 = DIRECTION('',(0.,-1.,0.));
#5827 = DIRECTION('',(0.,0.,-1.));
#5828 = ADVANCED_FACE('',(#5829),#5841,.T.);
#5829 = FACE_BOUND('',#5830,.T.);
#5830 = EDGE_LOOP('',(#5831,#5832,#5833,#5840));
#5831 = ORIENTED_EDGE('',*,*,#5640,.T.);
#5832 = ORIENTED_EDGE('',*,*,#5769,.T.);
#5833 = ORIENTED_EDGE('',*,*,#5834,.T.);
#5834 = EDGE_CURVE('',#5760,#5593,#5835,.T.);
#5835 = CIRCLE('',#5836,5.E-02);
#5836 = AXIS2_PLACEMENT_3D('',#5837,#5838,#5839);
#5837 = CARTESIAN_POINT('',(0.75,-0.4,0.355));
#5838 = DIRECTION('',(-1.,0.,-0.));
#5839 = DIRECTION('',(-0.,0.,1.));
#5840 = ORIENTED_EDGE('',*,*,#5616,.T.);
#5841 = CYLINDRICAL_SURFACE('',#5842,5.E-02);
#5842 = AXIS2_PLACEMENT_3D('',#5843,#5844,#5845);
#5843 = CARTESIAN_POINT('',(0.8,-0.4,0.355));
#5844 = DIRECTION('',(-1.,0.,0.));
#5845 = DIRECTION('',(0.,0.,-1.));
#5846 = ADVANCED_FACE('',(#5847),#5858,.T.);
#5847 = FACE_BOUND('',#5848,.T.);
#5848 = EDGE_LOOP('',(#5849,#5850,#5857));
#5849 = ORIENTED_EDGE('',*,*,#5816,.F.);
#5850 = ORIENTED_EDGE('',*,*,#5851,.T.);
#5851 = EDGE_CURVE('',#5551,#5730,#5852,.T.);
#5852 = CIRCLE('',#5853,5.E-02);
#5853 = AXIS2_PLACEMENT_3D('',#5854,#5855,#5856);
#5854 = CARTESIAN_POINT('',(0.75,0.4,0.355));
#5855 = DIRECTION('',(0.,0.,1.));
#5856 = DIRECTION('',(-1.,0.,0.));
#5857 = ORIENTED_EDGE('',*,*,#5792,.F.);
#5858 = SPHERICAL_SURFACE('',#5859,5.E-02);
#5859 = AXIS2_PLACEMENT_3D('',#5860,#5861,#5862);
#5860 = CARTESIAN_POINT('',(0.75,0.4,0.355));
#5861 = DIRECTION('',(0.,-1.,0.));
#5862 = DIRECTION('',(-1.,0.,0.));
#5863 = ADVANCED_FACE('',(#5864),#5875,.T.);
#5864 = FACE_BOUND('',#5865,.T.);
#5865 = EDGE_LOOP('',(#5866,#5867,#5874));
#5866 = ORIENTED_EDGE('',*,*,#5834,.F.);
#5867 = ORIENTED_EDGE('',*,*,#5868,.T.);
#5868 = EDGE_CURVE('',#5760,#5561,#5869,.T.);
#5869 = CIRCLE('',#5870,5.E-02);
#5870 = AXIS2_PLACEMENT_3D('',#5871,#5872,#5873);
#5871 = CARTESIAN_POINT('',(0.75,-0.4,0.355));
#5872 = DIRECTION('',(0.,0.,1.));
#5873 = DIRECTION('',(-1.,0.,0.));
#5874 = ORIENTED_EDGE('',*,*,#5808,.F.);
#5875 = SPHERICAL_SURFACE('',#5876,5.E-02);
#5876 = AXIS2_PLACEMENT_3D('',#5877,#5878,#5879);
#5877 = CARTESIAN_POINT('',(0.75,-0.4,0.355));
#5878 = DIRECTION('',(0.,-1.,0.));
#5879 = DIRECTION('',(-1.,0.,0.));
#5880 = ADVANCED_FACE('',(#5881),#5893,.T.);
#5881 = FACE_BOUND('',#5882,.T.);
#5882 = EDGE_LOOP('',(#5883,#5884,#5885,#5892));
#5883 = ORIENTED_EDGE('',*,*,#5665,.T.);
#5884 = ORIENTED_EDGE('',*,*,#5745,.T.);
#5885 = ORIENTED_EDGE('',*,*,#5886,.T.);
#5886 = EDGE_CURVE('',#5738,#5699,#5887,.T.);
#5887 = CIRCLE('',#5888,5.E-02);
#5888 = AXIS2_PLACEMENT_3D('',#5889,#5890,#5891);
#5889 = CARTESIAN_POINT('',(0.75,0.4,-0.355));
#5890 = DIRECTION('',(-1.,0.,-0.));
#5891 = DIRECTION('',(-0.,0.,1.));
#5892 = ORIENTED_EDGE('',*,*,#5698,.T.);
#5893 = CYLINDRICAL_SURFACE('',#5894,5.E-02);
#5894 = AXIS2_PLACEMENT_3D('',#5895,#5896,#5897);
#5895 = CARTESIAN_POINT('',(-2.199381549899E-16,0.4,-0.355));
#5896 = DIRECTION('',(-1.,0.,6.195440985631E-16));
#5897 = DIRECTION('',(-6.195440985631E-16,0.,-1.));
#5898 = ADVANCED_FACE('',(#5899),#5911,.T.);
#5899 = FACE_BOUND('',#5900,.T.);
#5900 = EDGE_LOOP('',(#5901,#5902,#5903,#5910));
#5901 = ORIENTED_EDGE('',*,*,#5851,.F.);
#5902 = ORIENTED_EDGE('',*,*,#5550,.T.);
#5903 = ORIENTED_EDGE('',*,*,#5904,.T.);
#5904 = EDGE_CURVE('',#5553,#5738,#5905,.T.);
#5905 = CIRCLE('',#5906,5.E-02);
#5906 = AXIS2_PLACEMENT_3D('',#5907,#5908,#5909);
#5907 = CARTESIAN_POINT('',(0.75,0.4,-0.355));
#5908 = DIRECTION('',(0.,-0.,1.));
#5909 = DIRECTION('',(1.,0.,0.));
#5910 = ORIENTED_EDGE('',*,*,#5737,.T.);
#5911 = CYLINDRICAL_SURFACE('',#5912,5.E-02);
#5912 = AXIS2_PLACEMENT_3D('',#5913,#5914,#5915);
#5913 = CARTESIAN_POINT('',(0.75,0.4,1.00389090045E-16));
#5914 = DIRECTION('',(1.338521200599E-16,0.,-1.));
#5915 = DIRECTION('',(1.,0.,1.338521200599E-16));
#5916 = ADVANCED_FACE('',(#5917),#5929,.T.);
#5917 = FACE_BOUND('',#5918,.T.);
#5918 = EDGE_LOOP('',(#5919,#5920,#5921,#5928));
#5919 = ORIENTED_EDGE('',*,*,#5868,.F.);
#5920 = ORIENTED_EDGE('',*,*,#5759,.T.);
#5921 = ORIENTED_EDGE('',*,*,#5922,.T.);
#5922 = EDGE_CURVE('',#5762,#5569,#5923,.T.);
#5923 = CIRCLE('',#5924,5.E-02);
#5924 = AXIS2_PLACEMENT_3D('',#5925,#5926,#5927);
#5925 = CARTESIAN_POINT('',(0.75,-0.4,-0.355));
#5926 = DIRECTION('',(-0.,0.,1.));
#5927 = DIRECTION('',(1.,0.,0.));
#5928 = ORIENTED_EDGE('',*,*,#5568,.T.);
#5929 = CYLINDRICAL_SURFACE('',#5930,5.E-02);
#5930 = AXIS2_PLACEMENT_3D('',#5931,#5932,#5933);
#5931 = CARTESIAN_POINT('',(0.75,-0.4,-0.405));
#5932 = DIRECTION('',(-1.338521200599E-16,0.,1.));
#5933 = DIRECTION('',(-1.,0.,-1.338521200599E-16));
#5934 = ADVANCED_FACE('',(#5935),#5947,.T.);
#5935 = FACE_BOUND('',#5936,.T.);
#5936 = EDGE_LOOP('',(#5937,#5938,#5939,#5946));
#5937 = ORIENTED_EDGE('',*,*,#5682,.T.);
#5938 = ORIENTED_EDGE('',*,*,#5714,.T.);
#5939 = ORIENTED_EDGE('',*,*,#5940,.T.);
#5940 = EDGE_CURVE('',#5707,#5762,#5941,.T.);
#5941 = CIRCLE('',#5942,5.E-02);
#5942 = AXIS2_PLACEMENT_3D('',#5943,#5944,#5945);
#5943 = CARTESIAN_POINT('',(0.75,-0.4,-0.355));
#5944 = DIRECTION('',(-1.,0.,0.));
#5945 = DIRECTION('',(0.,0.,1.));
#5946 = ORIENTED_EDGE('',*,*,#5776,.T.);
#5947 = CYLINDRICAL_SURFACE('',#5948,5.E-02);
#5948 = AXIS2_PLACEMENT_3D('',#5949,#5950,#5951);
#5949 = CARTESIAN_POINT('',(0.8,-0.4,-0.355));
#5950 = DIRECTION('',(1.,0.,-6.195440985631E-16));
#5951 = DIRECTION('',(6.195440985631E-16,0.,1.));
#5952 = ADVANCED_FACE('',(#5953),#5964,.T.);
#5953 = FACE_BOUND('',#5954,.T.);
#5954 = EDGE_LOOP('',(#5955,#5956,#5963));
#5955 = ORIENTED_EDGE('',*,*,#5904,.F.);
#5956 = ORIENTED_EDGE('',*,*,#5957,.T.);
#5957 = EDGE_CURVE('',#5553,#5699,#5958,.T.);
#5958 = CIRCLE('',#5959,5.E-02);
#5959 = AXIS2_PLACEMENT_3D('',#5960,#5961,#5962);
#5960 = CARTESIAN_POINT('',(0.75,0.4,-0.355));
#5961 = DIRECTION('',(0.,1.,0.));
#5962 = DIRECTION('',(0.,-0.,1.));
#5963 = ORIENTED_EDGE('',*,*,#5886,.F.);
#5964 = SPHERICAL_SURFACE('',#5965,5.E-02);
#5965 = AXIS2_PLACEMENT_3D('',#5966,#5967,#5968);
#5966 = CARTESIAN_POINT('',(0.75,0.4,-0.355));
#5967 = DIRECTION('',(0.,-1.,0.));
#5968 = DIRECTION('',(-1.,0.,0.));
#5969 = ADVANCED_FACE('',(#5970),#5981,.T.);
#5970 = FACE_BOUND('',#5971,.T.);
#5971 = EDGE_LOOP('',(#5972,#5973,#5980));
#5972 = ORIENTED_EDGE('',*,*,#5940,.F.);
#5973 = ORIENTED_EDGE('',*,*,#5974,.T.);
#5974 = EDGE_CURVE('',#5707,#5569,#5975,.T.);
#5975 = CIRCLE('',#5976,5.E-02);
#5976 = AXIS2_PLACEMENT_3D('',#5977,#5978,#5979);
#5977 = CARTESIAN_POINT('',(0.75,-0.4,-0.355));
#5978 = DIRECTION('',(0.,-1.,0.));
#5979 = DIRECTION('',(0.,0.,-1.));
#5980 = ORIENTED_EDGE('',*,*,#5922,.F.);
#5981 = SPHERICAL_SURFACE('',#5982,5.E-02);
#5982 = AXIS2_PLACEMENT_3D('',#5983,#5984,#5985);
#5983 = CARTESIAN_POINT('',(0.75,-0.4,-0.355));
#5984 = DIRECTION('',(0.,-1.,0.));
#5985 = DIRECTION('',(-1.,0.,0.));
#5986 = ADVANCED_FACE('',(#5987),#5993,.T.);
#5987 = FACE_BOUND('',#5988,.T.);
#5988 = EDGE_LOOP('',(#5989,#5990,#5991,#5992));
#5989 = ORIENTED_EDGE('',*,*,#5957,.F.);
#5990 = ORIENTED_EDGE('',*,*,#5576,.T.);
#5991 = ORIENTED_EDGE('',*,*,#5974,.F.);
#5992 = ORIENTED_EDGE('',*,*,#5706,.T.);
#5993 = CYLINDRICAL_SURFACE('',#5994,5.E-02);
#5994 = AXIS2_PLACEMENT_3D('',#5995,#5996,#5997);
#5995 = CARTESIAN_POINT('',(0.75,0.45,-0.355));
#5996 = DIRECTION('',(0.,-1.,0.));
#5997 = DIRECTION('',(0.,0.,-1.));
#5998 = MANIFOLD_SOLID_BREP('',#5999);
#5999 = CLOSED_SHELL('',(#6000,#6076,#6152,#6174,#6191,#6208,#6225,#6242
    ,#6259,#6276));
#6000 = ADVANCED_FACE('',(#6001),#6071,.T.);
#6001 = FACE_BOUND('',#6002,.T.);
#6002 = EDGE_LOOP('',(#6003,#6014,#6022,#6031,#6039,#6048,#6056,#6065));
#6003 = ORIENTED_EDGE('',*,*,#6004,.T.);
#6004 = EDGE_CURVE('',#6005,#6007,#6009,.T.);
#6005 = VERTEX_POINT('',#6006);
#6006 = CARTESIAN_POINT('',(0.450000000001,0.4,-0.38));
#6007 = VERTEX_POINT('',#6008);
#6008 = CARTESIAN_POINT('',(0.450000000001,0.425,-0.355));
#6009 = CIRCLE('',#6010,2.5E-02);
#6010 = AXIS2_PLACEMENT_3D('',#6011,#6012,#6013);
#6011 = CARTESIAN_POINT('',(0.450000000001,0.4,-0.355));
#6012 = DIRECTION('',(1.,0.,6.692606002997E-17));
#6013 = DIRECTION('',(6.692606002997E-17,0.,-1.));
#6014 = ORIENTED_EDGE('',*,*,#6015,.T.);
#6015 = EDGE_CURVE('',#6007,#6016,#6018,.T.);
#6016 = VERTEX_POINT('',#6017);
#6017 = CARTESIAN_POINT('',(0.450000000001,0.425,0.355));
#6018 = LINE('',#6019,#6020);
#6019 = CARTESIAN_POINT('',(0.450000000001,0.425,-0.355000000077));
#6020 = VECTOR('',#6021,1.);
#6021 = DIRECTION('',(-6.692606002997E-17,0.,1.));
#6022 = ORIENTED_EDGE('',*,*,#6023,.T.);
#6023 = EDGE_CURVE('',#6016,#6024,#6026,.T.);
#6024 = VERTEX_POINT('',#6025);
#6025 = CARTESIAN_POINT('',(0.450000000001,0.4,0.38));
#6026 = CIRCLE('',#6027,2.5E-02);
#6027 = AXIS2_PLACEMENT_3D('',#6028,#6029,#6030);
#6028 = CARTESIAN_POINT('',(0.450000000001,0.4,0.355));
#6029 = DIRECTION('',(1.,0.,6.692606002997E-17));
#6030 = DIRECTION('',(6.692606002997E-17,0.,-1.));
#6031 = ORIENTED_EDGE('',*,*,#6032,.T.);
#6032 = EDGE_CURVE('',#6024,#6033,#6035,.T.);
#6033 = VERTEX_POINT('',#6034);
#6034 = CARTESIAN_POINT('',(0.450000000001,-0.4,0.38));
#6035 = LINE('',#6036,#6037);
#6036 = CARTESIAN_POINT('',(0.450000000001,0.4,0.38));
#6037 = VECTOR('',#6038,1.);
#6038 = DIRECTION('',(0.,-1.,0.));
#6039 = ORIENTED_EDGE('',*,*,#6040,.T.);
#6040 = EDGE_CURVE('',#6033,#6041,#6043,.T.);
#6041 = VERTEX_POINT('',#6042);
#6042 = CARTESIAN_POINT('',(0.450000000001,-0.425,0.355));
#6043 = CIRCLE('',#6044,2.5E-02);
#6044 = AXIS2_PLACEMENT_3D('',#6045,#6046,#6047);
#6045 = CARTESIAN_POINT('',(0.450000000001,-0.4,0.355));
#6046 = DIRECTION('',(1.,0.,6.692606002997E-17));
#6047 = DIRECTION('',(6.692606002997E-17,0.,-1.));
#6048 = ORIENTED_EDGE('',*,*,#6049,.T.);
#6049 = EDGE_CURVE('',#6041,#6050,#6052,.T.);
#6050 = VERTEX_POINT('',#6051);
#6051 = CARTESIAN_POINT('',(0.450000000001,-0.425,-0.355));
#6052 = LINE('',#6053,#6054);
#6053 = CARTESIAN_POINT('',(0.450000000001,-0.425,0.354999999923));
#6054 = VECTOR('',#6055,1.);
#6055 = DIRECTION('',(6.692606002997E-17,0.,-1.));
#6056 = ORIENTED_EDGE('',*,*,#6057,.T.);
#6057 = EDGE_CURVE('',#6050,#6058,#6060,.T.);
#6058 = VERTEX_POINT('',#6059);
#6059 = CARTESIAN_POINT('',(0.450000000001,-0.4,-0.38));
#6060 = CIRCLE('',#6061,2.5E-02);
#6061 = AXIS2_PLACEMENT_3D('',#6062,#6063,#6064);
#6062 = CARTESIAN_POINT('',(0.450000000001,-0.4,-0.355));
#6063 = DIRECTION('',(1.,0.,6.692606002997E-17));
#6064 = DIRECTION('',(6.692606002997E-17,0.,-1.));
#6065 = ORIENTED_EDGE('',*,*,#6066,.T.);
#6066 = EDGE_CURVE('',#6058,#6005,#6067,.T.);
#6067 = LINE('',#6068,#6069);
#6068 = CARTESIAN_POINT('',(0.450000000001,-0.4,-0.38));
#6069 = VECTOR('',#6070,1.);
#6070 = DIRECTION('',(-0.,1.,0.));
#6071 = PLANE('',#6072);
#6072 = AXIS2_PLACEMENT_3D('',#6073,#6074,#6075);
#6073 = CARTESIAN_POINT('',(0.45,0.45,-0.405));
#6074 = DIRECTION('',(1.,0.,6.692606002997E-17));
#6075 = DIRECTION('',(-6.692606002997E-17,0.,1.));
#6076 = ADVANCED_FACE('',(#6077),#6147,.F.);
#6077 = FACE_BOUND('',#6078,.T.);
#6078 = EDGE_LOOP('',(#6079,#6090,#6098,#6107,#6115,#6124,#6132,#6141));
#6079 = ORIENTED_EDGE('',*,*,#6080,.F.);
#6080 = EDGE_CURVE('',#6081,#6083,#6085,.T.);
#6081 = VERTEX_POINT('',#6082);
#6082 = CARTESIAN_POINT('',(-0.45,0.4,-0.38));
#6083 = VERTEX_POINT('',#6084);
#6084 = CARTESIAN_POINT('',(-0.45,0.425,-0.355));
#6085 = CIRCLE('',#6086,2.5E-02);
#6086 = AXIS2_PLACEMENT_3D('',#6087,#6088,#6089);
#6087 = CARTESIAN_POINT('',(-0.45,0.4,-0.355));
#6088 = DIRECTION('',(1.,0.,-8.673617379884E-17));
#6089 = DIRECTION('',(-8.673617379884E-17,-0.,-1.));
#6090 = ORIENTED_EDGE('',*,*,#6091,.F.);
#6091 = EDGE_CURVE('',#6092,#6081,#6094,.T.);
#6092 = VERTEX_POINT('',#6093);
#6093 = CARTESIAN_POINT('',(-0.45,-0.4,-0.38));
#6094 = LINE('',#6095,#6096);
#6095 = CARTESIAN_POINT('',(-0.45,-0.4,-0.38));
#6096 = VECTOR('',#6097,1.);
#6097 = DIRECTION('',(0.,1.,0.));
#6098 = ORIENTED_EDGE('',*,*,#6099,.F.);
#6099 = EDGE_CURVE('',#6100,#6092,#6102,.T.);
#6100 = VERTEX_POINT('',#6101);
#6101 = CARTESIAN_POINT('',(-0.45,-0.425,-0.355));
#6102 = CIRCLE('',#6103,2.5E-02);
#6103 = AXIS2_PLACEMENT_3D('',#6104,#6105,#6106);
#6104 = CARTESIAN_POINT('',(-0.45,-0.4,-0.355));
#6105 = DIRECTION('',(1.,0.,-8.673617379884E-17));
#6106 = DIRECTION('',(-8.673617379884E-17,-0.,-1.));
#6107 = ORIENTED_EDGE('',*,*,#6108,.F.);
#6108 = EDGE_CURVE('',#6109,#6100,#6111,.T.);
#6109 = VERTEX_POINT('',#6110);
#6110 = CARTESIAN_POINT('',(-0.45,-0.425,0.355));
#6111 = LINE('',#6112,#6113);
#6112 = CARTESIAN_POINT('',(-0.45,-0.425,0.355));
#6113 = VECTOR('',#6114,1.);
#6114 = DIRECTION('',(-1.52704531336E-16,0.,-1.));
#6115 = ORIENTED_EDGE('',*,*,#6116,.F.);
#6116 = EDGE_CURVE('',#6117,#6109,#6119,.T.);
#6117 = VERTEX_POINT('',#6118);
#6118 = CARTESIAN_POINT('',(-0.45,-0.4,0.38));
#6119 = CIRCLE('',#6120,2.5E-02);
#6120 = AXIS2_PLACEMENT_3D('',#6121,#6122,#6123);
#6121 = CARTESIAN_POINT('',(-0.45,-0.4,0.355));
#6122 = DIRECTION('',(1.,0.,-8.673617379884E-17));
#6123 = DIRECTION('',(-8.673617379884E-17,-0.,-1.));
#6124 = ORIENTED_EDGE('',*,*,#6125,.F.);
#6125 = EDGE_CURVE('',#6126,#6117,#6128,.T.);
#6126 = VERTEX_POINT('',#6127);
#6127 = CARTESIAN_POINT('',(-0.45,0.4,0.38));
#6128 = LINE('',#6129,#6130);
#6129 = CARTESIAN_POINT('',(-0.45,0.4,0.38));
#6130 = VECTOR('',#6131,1.);
#6131 = DIRECTION('',(0.,-1.,0.));
#6132 = ORIENTED_EDGE('',*,*,#6133,.F.);
#6133 = EDGE_CURVE('',#6134,#6126,#6136,.T.);
#6134 = VERTEX_POINT('',#6135);
#6135 = CARTESIAN_POINT('',(-0.45,0.425,0.355));
#6136 = CIRCLE('',#6137,2.5E-02);
#6137 = AXIS2_PLACEMENT_3D('',#6138,#6139,#6140);
#6138 = CARTESIAN_POINT('',(-0.45,0.4,0.355));
#6139 = DIRECTION('',(1.,0.,-8.673617379884E-17));
#6140 = DIRECTION('',(-8.673617379884E-17,-0.,-1.));
#6141 = ORIENTED_EDGE('',*,*,#6142,.F.);
#6142 = EDGE_CURVE('',#6083,#6134,#6143,.T.);
#6143 = LINE('',#6144,#6145);
#6144 = CARTESIAN_POINT('',(-0.45,0.425,-0.355));
#6145 = VECTOR('',#6146,1.);
#6146 = DIRECTION('',(1.52704531336E-16,0.,1.));
#6147 = PLANE('',#6148);
#6148 = AXIS2_PLACEMENT_3D('',#6149,#6150,#6151);
#6149 = CARTESIAN_POINT('',(-0.45,0.4,-0.355));
#6150 = DIRECTION('',(1.,0.,-8.673617379884E-17));
#6151 = DIRECTION('',(-8.673617379884E-17,0.,-1.));
#6152 = ADVANCED_FACE('',(#6153),#6169,.F.);
#6153 = FACE_BOUND('',#6154,.T.);
#6154 = EDGE_LOOP('',(#6155,#6156,#6162,#6163));
#6155 = ORIENTED_EDGE('',*,*,#6066,.F.);
#6156 = ORIENTED_EDGE('',*,*,#6157,.T.);
#6157 = EDGE_CURVE('',#6058,#6092,#6158,.T.);
#6158 = LINE('',#6159,#6160);
#6159 = CARTESIAN_POINT('',(5.E+05,-0.4,-0.380000000043));
#6160 = VECTOR('',#6161,1.);
#6161 = DIRECTION('',(-1.,-0.,8.673617379884E-17));
#6162 = ORIENTED_EDGE('',*,*,#6091,.T.);
#6163 = ORIENTED_EDGE('',*,*,#6164,.F.);
#6164 = EDGE_CURVE('',#6005,#6081,#6165,.T.);
#6165 = LINE('',#6166,#6167);
#6166 = CARTESIAN_POINT('',(5.E+05,0.4,-0.380000000043));
#6167 = VECTOR('',#6168,1.);
#6168 = DIRECTION('',(-1.,-0.,8.673617379884E-17));
#6169 = PLANE('',#6170);
#6170 = AXIS2_PLACEMENT_3D('',#6171,#6172,#6173);
#6171 = CARTESIAN_POINT('',(5.E+05,-0.4,-0.380000000043));
#6172 = DIRECTION('',(8.673617379884E-17,-0.,1.));
#6173 = DIRECTION('',(1.,0.,-8.673617379884E-17));
#6174 = ADVANCED_FACE('',(#6175),#6186,.T.);
#6175 = FACE_BOUND('',#6176,.T.);
#6176 = EDGE_LOOP('',(#6177,#6178,#6184,#6185));
#6177 = ORIENTED_EDGE('',*,*,#6057,.F.);
#6178 = ORIENTED_EDGE('',*,*,#6179,.T.);
#6179 = EDGE_CURVE('',#6050,#6100,#6180,.T.);
#6180 = LINE('',#6181,#6182);
#6181 = CARTESIAN_POINT('',(5.E+05,-0.425,-0.355000000043));
#6182 = VECTOR('',#6183,1.);
#6183 = DIRECTION('',(-1.,-0.,8.673617379884E-17));
#6184 = ORIENTED_EDGE('',*,*,#6099,.T.);
#6185 = ORIENTED_EDGE('',*,*,#6157,.F.);
#6186 = CYLINDRICAL_SURFACE('',#6187,2.5E-02);
#6187 = AXIS2_PLACEMENT_3D('',#6188,#6189,#6190);
#6188 = CARTESIAN_POINT('',(5.E+05,-0.4,-0.355000000043));
#6189 = DIRECTION('',(-1.,-0.,8.673617379884E-17));
#6190 = DIRECTION('',(8.673617379884E-17,0.,1.));
#6191 = ADVANCED_FACE('',(#6192),#6203,.F.);
#6192 = FACE_BOUND('',#6193,.T.);
#6193 = EDGE_LOOP('',(#6194,#6195,#6201,#6202));
#6194 = ORIENTED_EDGE('',*,*,#6049,.F.);
#6195 = ORIENTED_EDGE('',*,*,#6196,.T.);
#6196 = EDGE_CURVE('',#6041,#6109,#6197,.T.);
#6197 = LINE('',#6198,#6199);
#6198 = CARTESIAN_POINT('',(5.E+05,-0.425,0.354999999957));
#6199 = VECTOR('',#6200,1.);
#6200 = DIRECTION('',(-1.,-0.,8.673617379884E-17));
#6201 = ORIENTED_EDGE('',*,*,#6108,.T.);
#6202 = ORIENTED_EDGE('',*,*,#6179,.F.);
#6203 = PLANE('',#6204);
#6204 = AXIS2_PLACEMENT_3D('',#6205,#6206,#6207);
#6205 = CARTESIAN_POINT('',(5.E+05,-0.425,0.354999999957));
#6206 = DIRECTION('',(0.,1.,0.));
#6207 = DIRECTION('',(0.,-0.,1.));
#6208 = ADVANCED_FACE('',(#6209),#6220,.T.);
#6209 = FACE_BOUND('',#6210,.T.);
#6210 = EDGE_LOOP('',(#6211,#6212,#6218,#6219));
#6211 = ORIENTED_EDGE('',*,*,#6040,.F.);
#6212 = ORIENTED_EDGE('',*,*,#6213,.T.);
#6213 = EDGE_CURVE('',#6033,#6117,#6214,.T.);
#6214 = LINE('',#6215,#6216);
#6215 = CARTESIAN_POINT('',(5.E+05,-0.4,0.379999999957));
#6216 = VECTOR('',#6217,1.);
#6217 = DIRECTION('',(-1.,-0.,8.673617379884E-17));
#6218 = ORIENTED_EDGE('',*,*,#6116,.T.);
#6219 = ORIENTED_EDGE('',*,*,#6196,.F.);
#6220 = CYLINDRICAL_SURFACE('',#6221,2.5E-02);
#6221 = AXIS2_PLACEMENT_3D('',#6222,#6223,#6224);
#6222 = CARTESIAN_POINT('',(5.E+05,-0.4,0.354999999957));
#6223 = DIRECTION('',(-1.,-0.,8.673617379884E-17));
#6224 = DIRECTION('',(8.673617379884E-17,0.,1.));
#6225 = ADVANCED_FACE('',(#6226),#6237,.F.);
#6226 = FACE_BOUND('',#6227,.T.);
#6227 = EDGE_LOOP('',(#6228,#6229,#6235,#6236));
#6228 = ORIENTED_EDGE('',*,*,#6032,.F.);
#6229 = ORIENTED_EDGE('',*,*,#6230,.T.);
#6230 = EDGE_CURVE('',#6024,#6126,#6231,.T.);
#6231 = LINE('',#6232,#6233);
#6232 = CARTESIAN_POINT('',(5.E+05,0.4,0.379999999957));
#6233 = VECTOR('',#6234,1.);
#6234 = DIRECTION('',(-1.,-0.,8.673617379884E-17));
#6235 = ORIENTED_EDGE('',*,*,#6125,.T.);
#6236 = ORIENTED_EDGE('',*,*,#6213,.F.);
#6237 = PLANE('',#6238);
#6238 = AXIS2_PLACEMENT_3D('',#6239,#6240,#6241);
#6239 = CARTESIAN_POINT('',(5.E+05,0.4,0.379999999957));
#6240 = DIRECTION('',(-8.673617379884E-17,0.,-1.));
#6241 = DIRECTION('',(-1.,0.,8.673617379884E-17));
#6242 = ADVANCED_FACE('',(#6243),#6254,.T.);
#6243 = FACE_BOUND('',#6244,.T.);
#6244 = EDGE_LOOP('',(#6245,#6246,#6252,#6253));
#6245 = ORIENTED_EDGE('',*,*,#6023,.F.);
#6246 = ORIENTED_EDGE('',*,*,#6247,.T.);
#6247 = EDGE_CURVE('',#6016,#6134,#6248,.T.);
#6248 = LINE('',#6249,#6250);
#6249 = CARTESIAN_POINT('',(5.E+05,0.425,0.354999999957));
#6250 = VECTOR('',#6251,1.);
#6251 = DIRECTION('',(-1.,-0.,8.673617379884E-17));
#6252 = ORIENTED_EDGE('',*,*,#6133,.T.);
#6253 = ORIENTED_EDGE('',*,*,#6230,.F.);
#6254 = CYLINDRICAL_SURFACE('',#6255,2.5E-02);
#6255 = AXIS2_PLACEMENT_3D('',#6256,#6257,#6258);
#6256 = CARTESIAN_POINT('',(5.E+05,0.4,0.354999999957));
#6257 = DIRECTION('',(-1.,-0.,8.673617379884E-17));
#6258 = DIRECTION('',(8.673617379884E-17,0.,1.));
#6259 = ADVANCED_FACE('',(#6260),#6271,.F.);
#6260 = FACE_BOUND('',#6261,.T.);
#6261 = EDGE_LOOP('',(#6262,#6263,#6269,#6270));
#6262 = ORIENTED_EDGE('',*,*,#6015,.F.);
#6263 = ORIENTED_EDGE('',*,*,#6264,.T.);
#6264 = EDGE_CURVE('',#6007,#6083,#6265,.T.);
#6265 = LINE('',#6266,#6267);
#6266 = CARTESIAN_POINT('',(5.E+05,0.425,-0.355000000043));
#6267 = VECTOR('',#6268,1.);
#6268 = DIRECTION('',(-1.,-0.,8.673617379884E-17));
#6269 = ORIENTED_EDGE('',*,*,#6142,.T.);
#6270 = ORIENTED_EDGE('',*,*,#6247,.F.);
#6271 = PLANE('',#6272);
#6272 = AXIS2_PLACEMENT_3D('',#6273,#6274,#6275);
#6273 = CARTESIAN_POINT('',(5.E+05,0.425,-0.355000000043));
#6274 = DIRECTION('',(0.,-1.,0.));
#6275 = DIRECTION('',(0.,-0.,-1.));
#6276 = ADVANCED_FACE('',(#6277),#6283,.T.);
#6277 = FACE_BOUND('',#6278,.T.);
#6278 = EDGE_LOOP('',(#6279,#6280,#6281,#6282));
#6279 = ORIENTED_EDGE('',*,*,#6004,.F.);
#6280 = ORIENTED_EDGE('',*,*,#6164,.T.);
#6281 = ORIENTED_EDGE('',*,*,#6080,.T.);
#6282 = ORIENTED_EDGE('',*,*,#6264,.F.);
#6283 = CYLINDRICAL_SURFACE('',#6284,2.5E-02);
#6284 = AXIS2_PLACEMENT_3D('',#6285,#6286,#6287);
#6285 = CARTESIAN_POINT('',(5.E+05,0.4,-0.355000000043));
#6286 = DIRECTION('',(-1.,-0.,8.673617379884E-17));
#6287 = DIRECTION('',(8.673617379884E-17,0.,1.));
#6288 = ( GEOMETRIC_REPRESENTATION_CONTEXT(3) 
GLOBAL_UNCERTAINTY_ASSIGNED_CONTEXT((#6292)) 
GLOBAL_UNIT_ASSIGNED_CONTEXT((#6289,#6290,#6291)) REPRESENTATION_CONTEXT
('Context #1','3D Context with UNIT and UNCERTAINTY') );
#6289 = ( LENGTH_UNIT() NAMED_UNIT(*) SI_UNIT(.MILLI.,.METRE.) );
#6290 = ( NAMED_UNIT(*) PLANE_ANGLE_UNIT() SI_UNIT($,.RADIAN.) );
#6291 = ( NAMED_UNIT(*) SI_UNIT($,.STERADIAN.) SOLID_ANGLE_UNIT() );
#6292 = UNCERTAINTY_MEASURE_WITH_UNIT(LENGTH_MEASURE(1.E-07),#6289,
  'distance_accuracy_value','confusion accuracy');
#6293 = CONTEXT_DEPENDENT_SHAPE_REPRESENTATION(#6294,#6296);
#6294 = ( REPRESENTATION_RELATIONSHIP('','',#5089,#5066) 
REPRESENTATION_RELATIONSHIP_WITH_TRANSFORMATION(#6295) 
SHAPE_REPRESENTATION_RELATIONSHIP() );
#6295 = ITEM_DEFINED_TRANSFORMATION('','',#11,#5067);
#6296 = PRODUCT_DEFINITION_SHAPE('Placement','Placement of an item',
  #6297);
#6297 = NEXT_ASSEMBLY_USAGE_OCCURRENCE('5','=>[0:1:1:7]','',#5061,#5084,
  $);
#6298 = PRODUCT_RELATED_PRODUCT_CATEGORY('part',$,(#5086));
#6299 = SHAPE_DEFINITION_REPRESENTATION(#6300,#6306);
#6300 = PRODUCT_DEFINITION_SHAPE('','',#6301);
#6301 = PRODUCT_DEFINITION('design','',#6302,#6305);
#6302 = PRODUCT_DEFINITION_FORMATION('','',#6303);
#6303 = PRODUCT('0402R','0402R','',(#6304));
#6304 = PRODUCT_CONTEXT('',#2,'mechanical');
#6305 = PRODUCT_DEFINITION_CONTEXT('part definition',#2,'design');
#6306 = SHAPE_REPRESENTATION('',(#11,#6307),#6311);
#6307 = AXIS2_PLACEMENT_3D('',#6308,#6309,#6310);
#6308 = CARTESIAN_POINT('',(0.,0.,0.));
#6309 = DIRECTION('',(0.,0.,1.));
#6310 = DIRECTION('',(1.,0.,-0.));
#6311 = ( GEOMETRIC_REPRESENTATION_CONTEXT(3) 
GLOBAL_UNCERTAINTY_ASSIGNED_CONTEXT((#6315)) 
GLOBAL_UNIT_ASSIGNED_CONTEXT((#6312,#6313,#6314)) REPRESENTATION_CONTEXT
('Context #1','3D Context with UNIT and UNCERTAINTY') );
#6312 = ( LENGTH_UNIT() NAMED_UNIT(*) SI_UNIT(.MILLI.,.METRE.) );
#6313 = ( NAMED_UNIT(*) PLANE_ANGLE_UNIT() SI_UNIT($,.RADIAN.) );
#6314 = ( NAMED_UNIT(*) SI_UNIT($,.STERADIAN.) SOLID_ANGLE_UNIT() );
#6315 = UNCERTAINTY_MEASURE_WITH_UNIT(LENGTH_MEASURE(1.E-07),#6312,
  'distance_accuracy_value','confusion accuracy');
#6316 = CONTEXT_DEPENDENT_SHAPE_REPRESENTATION(#6317,#6319);
#6317 = ( REPRESENTATION_RELATIONSHIP('','',#6306,#10) 
REPRESENTATION_RELATIONSHIP_WITH_TRANSFORMATION(#6318) 
SHAPE_REPRESENTATION_RELATIONSHIP() );
#6318 = ITEM_DEFINED_TRANSFORMATION('','',#11,#27);
#6319 = PRODUCT_DEFINITION_SHAPE('Placement','Placement of an item',
  #6320);
#6320 = NEXT_ASSEMBLY_USAGE_OCCURRENCE('8','R2','',#5,#6301,$);
#6321 = PRODUCT_RELATED_PRODUCT_CATEGORY('part',$,(#6303));
#6322 = SHAPE_DEFINITION_REPRESENTATION(#6323,#6329);
#6323 = PRODUCT_DEFINITION_SHAPE('','',#6324);
#6324 = PRODUCT_DEFINITION('design','',#6325,#6328);
#6325 = PRODUCT_DEFINITION_FORMATION('','',#6326);
#6326 = PRODUCT('RL0402JR-070R51L','RL0402JR-070R51L','',(#6327));
#6327 = PRODUCT_CONTEXT('',#2,'mechanical');
#6328 = PRODUCT_DEFINITION_CONTEXT('part definition',#2,'design');
#6329 = SHAPE_REPRESENTATION('',(#11,#6330,#6480,#6630,#7044),#7458);
#6330 = MANIFOLD_SOLID_BREP('',#6331);
#6331 = CLOSED_SHELL('',(#6332,#6372,#6412,#6434,#6451,#6468));
#6332 = ADVANCED_FACE('',(#6333),#6367,.T.);
#6333 = FACE_BOUND('',#6334,.T.);
#6334 = EDGE_LOOP('',(#6335,#6345,#6353,#6361));
#6335 = ORIENTED_EDGE('',*,*,#6336,.F.);
#6336 = EDGE_CURVE('',#6337,#6339,#6341,.T.);
#6337 = VERTEX_POINT('',#6338);
#6338 = CARTESIAN_POINT('',(-0.48,0.38,-0.25));
#6339 = VERTEX_POINT('',#6340);
#6340 = CARTESIAN_POINT('',(-0.48,2.E-02,-0.25));
#6341 = LINE('',#6342,#6343);
#6342 = CARTESIAN_POINT('',(-0.48,2.E-02,-0.25));
#6343 = VECTOR('',#6344,1.);
#6344 = DIRECTION('',(0.,-1.,0.));
#6345 = ORIENTED_EDGE('',*,*,#6346,.F.);
#6346 = EDGE_CURVE('',#6347,#6337,#6349,.T.);
#6347 = VERTEX_POINT('',#6348);
#6348 = CARTESIAN_POINT('',(0.48,0.38,-0.25));
#6349 = LINE('',#6350,#6351);
#6350 = CARTESIAN_POINT('',(-0.48,0.38,-0.25));
#6351 = VECTOR('',#6352,1.);
#6352 = DIRECTION('',(-1.,0.,0.));
#6353 = ORIENTED_EDGE('',*,*,#6354,.F.);
#6354 = EDGE_CURVE('',#6355,#6347,#6357,.T.);
#6355 = VERTEX_POINT('',#6356);
#6356 = CARTESIAN_POINT('',(0.48,2.E-02,-0.25));
#6357 = LINE('',#6358,#6359);
#6358 = CARTESIAN_POINT('',(0.48,2.E-02,-0.25));
#6359 = VECTOR('',#6360,1.);
#6360 = DIRECTION('',(0.,1.,0.));
#6361 = ORIENTED_EDGE('',*,*,#6362,.F.);
#6362 = EDGE_CURVE('',#6339,#6355,#6363,.T.);
#6363 = LINE('',#6364,#6365);
#6364 = CARTESIAN_POINT('',(-0.48,2.E-02,-0.25));
#6365 = VECTOR('',#6366,1.);
#6366 = DIRECTION('',(1.,-3.529303946893E-18,0.));
#6367 = PLANE('',#6368);
#6368 = AXIS2_PLACEMENT_3D('',#6369,#6370,#6371);
#6369 = CARTESIAN_POINT('',(0.,0.,-0.25));
#6370 = DIRECTION('',(0.,0.,-1.));
#6371 = DIRECTION('',(-1.,0.,-0.));
#6372 = ADVANCED_FACE('',(#6373),#6407,.F.);
#6373 = FACE_BOUND('',#6374,.T.);
#6374 = EDGE_LOOP('',(#6375,#6385,#6393,#6401));
#6375 = ORIENTED_EDGE('',*,*,#6376,.T.);
#6376 = EDGE_CURVE('',#6377,#6379,#6381,.T.);
#6377 = VERTEX_POINT('',#6378);
#6378 = CARTESIAN_POINT('',(-0.48,0.38,0.25));
#6379 = VERTEX_POINT('',#6380);
#6380 = CARTESIAN_POINT('',(-0.48,2.E-02,0.25));
#6381 = LINE('',#6382,#6383);
#6382 = CARTESIAN_POINT('',(-0.48,2.E-02,0.25));
#6383 = VECTOR('',#6384,1.);
#6384 = DIRECTION('',(-0.,-1.,-0.));
#6385 = ORIENTED_EDGE('',*,*,#6386,.T.);
#6386 = EDGE_CURVE('',#6379,#6387,#6389,.T.);
#6387 = VERTEX_POINT('',#6388);
#6388 = CARTESIAN_POINT('',(0.48,2.E-02,0.25));
#6389 = LINE('',#6390,#6391);
#6390 = CARTESIAN_POINT('',(-0.48,2.E-02,0.25));
#6391 = VECTOR('',#6392,1.);
#6392 = DIRECTION('',(1.,-3.529303946893E-18,0.));
#6393 = ORIENTED_EDGE('',*,*,#6394,.T.);
#6394 = EDGE_CURVE('',#6387,#6395,#6397,.T.);
#6395 = VERTEX_POINT('',#6396);
#6396 = CARTESIAN_POINT('',(0.48,0.38,0.25));
#6397 = LINE('',#6398,#6399);
#6398 = CARTESIAN_POINT('',(0.48,2.E-02,0.25));
#6399 = VECTOR('',#6400,1.);
#6400 = DIRECTION('',(0.,1.,0.));
#6401 = ORIENTED_EDGE('',*,*,#6402,.T.);
#6402 = EDGE_CURVE('',#6395,#6377,#6403,.T.);
#6403 = LINE('',#6404,#6405);
#6404 = CARTESIAN_POINT('',(-0.48,0.38,0.25));
#6405 = VECTOR('',#6406,1.);
#6406 = DIRECTION('',(-1.,-0.,-0.));
#6407 = PLANE('',#6408);
#6408 = AXIS2_PLACEMENT_3D('',#6409,#6410,#6411);
#6409 = CARTESIAN_POINT('',(0.,0.,0.25));
#6410 = DIRECTION('',(0.,0.,-1.));
#6411 = DIRECTION('',(-1.,0.,-0.));
#6412 = ADVANCED_FACE('',(#6413),#6429,.T.);
#6413 = FACE_BOUND('',#6414,.T.);
#6414 = EDGE_LOOP('',(#6415,#6421,#6422,#6428));
#6415 = ORIENTED_EDGE('',*,*,#6416,.F.);
#6416 = EDGE_CURVE('',#6339,#6379,#6417,.T.);
#6417 = LINE('',#6418,#6419);
#6418 = CARTESIAN_POINT('',(-0.48,2.E-02,-1.275280449438));
#6419 = VECTOR('',#6420,1.);
#6420 = DIRECTION('',(0.,0.,1.));
#6421 = ORIENTED_EDGE('',*,*,#6362,.T.);
#6422 = ORIENTED_EDGE('',*,*,#6423,.T.);
#6423 = EDGE_CURVE('',#6355,#6387,#6424,.T.);
#6424 = LINE('',#6425,#6426);
#6425 = CARTESIAN_POINT('',(0.48,2.E-02,-1.275280449438));
#6426 = VECTOR('',#6427,1.);
#6427 = DIRECTION('',(0.,0.,1.));
#6428 = ORIENTED_EDGE('',*,*,#6386,.F.);
#6429 = PLANE('',#6430);
#6430 = AXIS2_PLACEMENT_3D('',#6431,#6432,#6433);
#6431 = CARTESIAN_POINT('',(-0.48,2.E-02,-1.275280449438));
#6432 = DIRECTION('',(-3.529303946893E-18,-1.,0.));
#6433 = DIRECTION('',(1.,-3.529303946893E-18,0.));
#6434 = ADVANCED_FACE('',(#6435),#6446,.T.);
#6435 = FACE_BOUND('',#6436,.T.);
#6436 = EDGE_LOOP('',(#6437,#6438,#6439,#6445));
#6437 = ORIENTED_EDGE('',*,*,#6423,.F.);
#6438 = ORIENTED_EDGE('',*,*,#6354,.T.);
#6439 = ORIENTED_EDGE('',*,*,#6440,.T.);
#6440 = EDGE_CURVE('',#6347,#6395,#6441,.T.);
#6441 = LINE('',#6442,#6443);
#6442 = CARTESIAN_POINT('',(0.48,0.38,-1.275280449438));
#6443 = VECTOR('',#6444,1.);
#6444 = DIRECTION('',(0.,0.,1.));
#6445 = ORIENTED_EDGE('',*,*,#6394,.F.);
#6446 = PLANE('',#6447);
#6447 = AXIS2_PLACEMENT_3D('',#6448,#6449,#6450);
#6448 = CARTESIAN_POINT('',(0.48,2.E-02,-1.275280449438));
#6449 = DIRECTION('',(1.,0.,0.));
#6450 = DIRECTION('',(0.,0.,-1.));
#6451 = ADVANCED_FACE('',(#6452),#6463,.T.);
#6452 = FACE_BOUND('',#6453,.T.);
#6453 = EDGE_LOOP('',(#6454,#6455,#6456,#6462));
#6454 = ORIENTED_EDGE('',*,*,#6440,.F.);
#6455 = ORIENTED_EDGE('',*,*,#6346,.T.);
#6456 = ORIENTED_EDGE('',*,*,#6457,.T.);
#6457 = EDGE_CURVE('',#6337,#6377,#6458,.T.);
#6458 = LINE('',#6459,#6460);
#6459 = CARTESIAN_POINT('',(-0.48,0.38,-1.275280449438));
#6460 = VECTOR('',#6461,1.);
#6461 = DIRECTION('',(0.,0.,1.));
#6462 = ORIENTED_EDGE('',*,*,#6402,.F.);
#6463 = PLANE('',#6464);
#6464 = AXIS2_PLACEMENT_3D('',#6465,#6466,#6467);
#6465 = CARTESIAN_POINT('',(-0.48,0.38,-1.275280449438));
#6466 = DIRECTION('',(0.,1.,0.));
#6467 = DIRECTION('',(0.,-0.,1.));
#6468 = ADVANCED_FACE('',(#6469),#6475,.T.);
#6469 = FACE_BOUND('',#6470,.T.);
#6470 = EDGE_LOOP('',(#6471,#6472,#6473,#6474));
#6471 = ORIENTED_EDGE('',*,*,#6457,.F.);
#6472 = ORIENTED_EDGE('',*,*,#6336,.T.);
#6473 = ORIENTED_EDGE('',*,*,#6416,.T.);
#6474 = ORIENTED_EDGE('',*,*,#6376,.F.);
#6475 = PLANE('',#6476);
#6476 = AXIS2_PLACEMENT_3D('',#6477,#6478,#6479);
#6477 = CARTESIAN_POINT('',(-0.48,2.E-02,-1.275280449438));
#6478 = DIRECTION('',(-1.,0.,0.));
#6479 = DIRECTION('',(0.,0.,1.));
#6480 = MANIFOLD_SOLID_BREP('',#6481);
#6481 = CLOSED_SHELL('',(#6482,#6522,#6553,#6584,#6606,#6618));
#6482 = ADVANCED_FACE('',(#6483),#6517,.T.);
#6483 = FACE_BOUND('',#6484,.T.);
#6484 = EDGE_LOOP('',(#6485,#6495,#6503,#6511));
#6485 = ORIENTED_EDGE('',*,*,#6486,.F.);
#6486 = EDGE_CURVE('',#6487,#6489,#6491,.T.);
#6487 = VERTEX_POINT('',#6488);
#6488 = CARTESIAN_POINT('',(-0.25,0.38,0.25));
#6489 = VERTEX_POINT('',#6490);
#6490 = CARTESIAN_POINT('',(-0.25,0.38,-0.25));
#6491 = LINE('',#6492,#6493);
#6492 = CARTESIAN_POINT('',(-0.25,0.38,-0.25));
#6493 = VECTOR('',#6494,1.);
#6494 = DIRECTION('',(-4.336808689942E-16,0.,-1.));
#6495 = ORIENTED_EDGE('',*,*,#6496,.T.);
#6496 = EDGE_CURVE('',#6487,#6497,#6499,.T.);
#6497 = VERTEX_POINT('',#6498);
#6498 = CARTESIAN_POINT('',(-0.25,0.4,0.25));
#6499 = LINE('',#6500,#6501);
#6500 = CARTESIAN_POINT('',(-0.25,-0.327106781187,0.25));
#6501 = VECTOR('',#6502,1.);
#6502 = DIRECTION('',(9.856383386232E-17,1.,0.));
#6503 = ORIENTED_EDGE('',*,*,#6504,.F.);
#6504 = EDGE_CURVE('',#6505,#6497,#6507,.T.);
#6505 = VERTEX_POINT('',#6506);
#6506 = CARTESIAN_POINT('',(-0.25,0.4,-0.25));
#6507 = LINE('',#6508,#6509);
#6508 = CARTESIAN_POINT('',(-0.25,0.4,-0.25));
#6509 = VECTOR('',#6510,1.);
#6510 = DIRECTION('',(4.336808689942E-16,0.,1.));
#6511 = ORIENTED_EDGE('',*,*,#6512,.F.);
#6512 = EDGE_CURVE('',#6489,#6505,#6513,.T.);
#6513 = LINE('',#6514,#6515);
#6514 = CARTESIAN_POINT('',(-0.25,-0.327106781187,-0.25));
#6515 = VECTOR('',#6516,1.);
#6516 = DIRECTION('',(9.856383386232E-17,1.,0.));
#6517 = PLANE('',#6518);
#6518 = AXIS2_PLACEMENT_3D('',#6519,#6520,#6521);
#6519 = CARTESIAN_POINT('',(-0.25,-0.327106781187,-0.25));
#6520 = DIRECTION('',(-1.,9.856383386232E-17,4.336808689942E-16));
#6521 = DIRECTION('',(4.336808689942E-16,0.,1.));
#6522 = ADVANCED_FACE('',(#6523),#6548,.T.);
#6523 = FACE_BOUND('',#6524,.T.);
#6524 = EDGE_LOOP('',(#6525,#6533,#6534,#6542));
#6525 = ORIENTED_EDGE('',*,*,#6526,.F.);
#6526 = EDGE_CURVE('',#6489,#6527,#6529,.T.);
#6527 = VERTEX_POINT('',#6528);
#6528 = CARTESIAN_POINT('',(0.25,0.38,-0.25));
#6529 = LINE('',#6530,#6531);
#6530 = CARTESIAN_POINT('',(-0.25,0.38,-0.25));
#6531 = VECTOR('',#6532,1.);
#6532 = DIRECTION('',(1.,-0.,0.));
#6533 = ORIENTED_EDGE('',*,*,#6512,.T.);
#6534 = ORIENTED_EDGE('',*,*,#6535,.F.);
#6535 = EDGE_CURVE('',#6536,#6505,#6538,.T.);
#6536 = VERTEX_POINT('',#6537);
#6537 = CARTESIAN_POINT('',(0.25,0.4,-0.25));
#6538 = LINE('',#6539,#6540);
#6539 = CARTESIAN_POINT('',(-0.25,0.4,-0.25));
#6540 = VECTOR('',#6541,1.);
#6541 = DIRECTION('',(-1.,-0.,-0.));
#6542 = ORIENTED_EDGE('',*,*,#6543,.F.);
#6543 = EDGE_CURVE('',#6527,#6536,#6544,.T.);
#6544 = LINE('',#6545,#6546);
#6545 = CARTESIAN_POINT('',(0.25,-0.327106781187,-0.25));
#6546 = VECTOR('',#6547,1.);
#6547 = DIRECTION('',(9.856383386232E-17,1.,0.));
#6548 = PLANE('',#6549);
#6549 = AXIS2_PLACEMENT_3D('',#6550,#6551,#6552);
#6550 = CARTESIAN_POINT('',(-0.25,-0.327106781187,-0.25));
#6551 = DIRECTION('',(0.,0.,-1.));
#6552 = DIRECTION('',(-1.,0.,-0.));
#6553 = ADVANCED_FACE('',(#6554),#6579,.T.);
#6554 = FACE_BOUND('',#6555,.T.);
#6555 = EDGE_LOOP('',(#6556,#6564,#6565,#6573));
#6556 = ORIENTED_EDGE('',*,*,#6557,.F.);
#6557 = EDGE_CURVE('',#6527,#6558,#6560,.T.);
#6558 = VERTEX_POINT('',#6559);
#6559 = CARTESIAN_POINT('',(0.25,0.38,0.25));
#6560 = LINE('',#6561,#6562);
#6561 = CARTESIAN_POINT('',(0.25,0.38,-0.25));
#6562 = VECTOR('',#6563,1.);
#6563 = DIRECTION('',(-0.,0.,1.));
#6564 = ORIENTED_EDGE('',*,*,#6543,.T.);
#6565 = ORIENTED_EDGE('',*,*,#6566,.F.);
#6566 = EDGE_CURVE('',#6567,#6536,#6569,.T.);
#6567 = VERTEX_POINT('',#6568);
#6568 = CARTESIAN_POINT('',(0.25,0.4,0.25));
#6569 = LINE('',#6570,#6571);
#6570 = CARTESIAN_POINT('',(0.25,0.4,-0.25));
#6571 = VECTOR('',#6572,1.);
#6572 = DIRECTION('',(-0.,-0.,-1.));
#6573 = ORIENTED_EDGE('',*,*,#6574,.F.);
#6574 = EDGE_CURVE('',#6558,#6567,#6575,.T.);
#6575 = LINE('',#6576,#6577);
#6576 = CARTESIAN_POINT('',(0.25,-0.327106781187,0.25));
#6577 = VECTOR('',#6578,1.);
#6578 = DIRECTION('',(9.856383386232E-17,1.,0.));
#6579 = PLANE('',#6580);
#6580 = AXIS2_PLACEMENT_3D('',#6581,#6582,#6583);
#6581 = CARTESIAN_POINT('',(0.25,-0.327106781187,-0.25));
#6582 = DIRECTION('',(1.,-9.856383386232E-17,0.));
#6583 = DIRECTION('',(9.856383386232E-17,1.,0.));
#6584 = ADVANCED_FACE('',(#6585),#6601,.T.);
#6585 = FACE_BOUND('',#6586,.T.);
#6586 = EDGE_LOOP('',(#6587,#6593,#6594,#6600));
#6587 = ORIENTED_EDGE('',*,*,#6588,.F.);
#6588 = EDGE_CURVE('',#6558,#6487,#6589,.T.);
#6589 = LINE('',#6590,#6591);
#6590 = CARTESIAN_POINT('',(-0.25,0.38,0.25));
#6591 = VECTOR('',#6592,1.);
#6592 = DIRECTION('',(-1.,0.,0.));
#6593 = ORIENTED_EDGE('',*,*,#6574,.T.);
#6594 = ORIENTED_EDGE('',*,*,#6595,.F.);
#6595 = EDGE_CURVE('',#6497,#6567,#6596,.T.);
#6596 = LINE('',#6597,#6598);
#6597 = CARTESIAN_POINT('',(-0.25,0.4,0.25));
#6598 = VECTOR('',#6599,1.);
#6599 = DIRECTION('',(1.,0.,0.));
#6600 = ORIENTED_EDGE('',*,*,#6496,.F.);
#6601 = PLANE('',#6602);
#6602 = AXIS2_PLACEMENT_3D('',#6603,#6604,#6605);
#6603 = CARTESIAN_POINT('',(-0.25,-0.327106781187,0.25));
#6604 = DIRECTION('',(0.,0.,1.));
#6605 = DIRECTION('',(1.,0.,-0.));
#6606 = ADVANCED_FACE('',(#6607),#6613,.T.);
#6607 = FACE_BOUND('',#6608,.T.);
#6608 = EDGE_LOOP('',(#6609,#6610,#6611,#6612));
#6609 = ORIENTED_EDGE('',*,*,#6504,.T.);
#6610 = ORIENTED_EDGE('',*,*,#6595,.T.);
#6611 = ORIENTED_EDGE('',*,*,#6566,.T.);
#6612 = ORIENTED_EDGE('',*,*,#6535,.T.);
#6613 = PLANE('',#6614);
#6614 = AXIS2_PLACEMENT_3D('',#6615,#6616,#6617);
#6615 = CARTESIAN_POINT('',(0.,0.4,0.));
#6616 = DIRECTION('',(0.,1.,0.));
#6617 = DIRECTION('',(0.,-0.,1.));
#6618 = ADVANCED_FACE('',(#6619),#6625,.F.);
#6619 = FACE_BOUND('',#6620,.T.);
#6620 = EDGE_LOOP('',(#6621,#6622,#6623,#6624));
#6621 = ORIENTED_EDGE('',*,*,#6486,.T.);
#6622 = ORIENTED_EDGE('',*,*,#6526,.T.);
#6623 = ORIENTED_EDGE('',*,*,#6557,.T.);
#6624 = ORIENTED_EDGE('',*,*,#6588,.T.);
#6625 = PLANE('',#6626);
#6626 = AXIS2_PLACEMENT_3D('',#6627,#6628,#6629);
#6627 = CARTESIAN_POINT('',(-0.48,0.38,-1.275280449438));
#6628 = DIRECTION('',(0.,1.,0.));
#6629 = DIRECTION('',(0.,-0.,1.));
#6630 = MANIFOLD_SOLID_BREP('',#6631);
#6631 = CLOSED_SHELL('',(#6632,#6672,#6703,#6734,#6797,#6828,#6891,#6922
    ,#6944,#6965,#6986,#7003,#7015,#7032));
#6632 = ADVANCED_FACE('',(#6633),#6667,.F.);
#6633 = FACE_BOUND('',#6634,.T.);
#6634 = EDGE_LOOP('',(#6635,#6645,#6653,#6661));
#6635 = ORIENTED_EDGE('',*,*,#6636,.T.);
#6636 = EDGE_CURVE('',#6637,#6639,#6641,.T.);
#6637 = VERTEX_POINT('',#6638);
#6638 = CARTESIAN_POINT('',(-0.25,0.,-0.25));
#6639 = VERTEX_POINT('',#6640);
#6640 = CARTESIAN_POINT('',(-0.25,2.E-02,-0.25));
#6641 = LINE('',#6642,#6643);
#6642 = CARTESIAN_POINT('',(-0.25,2.E-02,-0.25));
#6643 = VECTOR('',#6644,1.);
#6644 = DIRECTION('',(-0.,1.,-0.));
#6645 = ORIENTED_EDGE('',*,*,#6646,.F.);
#6646 = EDGE_CURVE('',#6647,#6639,#6649,.T.);
#6647 = VERTEX_POINT('',#6648);
#6648 = CARTESIAN_POINT('',(-0.25,2.E-02,0.25));
#6649 = LINE('',#6650,#6651);
#6650 = CARTESIAN_POINT('',(-0.25,2.E-02,0.25));
#6651 = VECTOR('',#6652,1.);
#6652 = DIRECTION('',(-0.,-0.,-1.));
#6653 = ORIENTED_EDGE('',*,*,#6654,.F.);
#6654 = EDGE_CURVE('',#6655,#6647,#6657,.T.);
#6655 = VERTEX_POINT('',#6656);
#6656 = CARTESIAN_POINT('',(-0.25,0.,0.25));
#6657 = LINE('',#6658,#6659);
#6658 = CARTESIAN_POINT('',(-0.25,2.E-02,0.25));
#6659 = VECTOR('',#6660,1.);
#6660 = DIRECTION('',(-0.,1.,-0.));
#6661 = ORIENTED_EDGE('',*,*,#6662,.T.);
#6662 = EDGE_CURVE('',#6655,#6637,#6663,.T.);
#6663 = LINE('',#6664,#6665);
#6664 = CARTESIAN_POINT('',(-0.25,0.,0.25));
#6665 = VECTOR('',#6666,1.);
#6666 = DIRECTION('',(-0.,-0.,-1.));
#6667 = PLANE('',#6668);
#6668 = AXIS2_PLACEMENT_3D('',#6669,#6670,#6671);
#6669 = CARTESIAN_POINT('',(-0.25,2.E-02,0.25));
#6670 = DIRECTION('',(-1.,0.,0.));
#6671 = DIRECTION('',(0.,0.,1.));
#6672 = ADVANCED_FACE('',(#6673),#6698,.F.);
#6673 = FACE_BOUND('',#6674,.T.);
#6674 = EDGE_LOOP('',(#6675,#6683,#6691,#6697));
#6675 = ORIENTED_EDGE('',*,*,#6676,.T.);
#6676 = EDGE_CURVE('',#6639,#6677,#6679,.T.);
#6677 = VERTEX_POINT('',#6678);
#6678 = CARTESIAN_POINT('',(-0.48,2.E-02,-0.25));
#6679 = LINE('',#6680,#6681);
#6680 = CARTESIAN_POINT('',(-0.25,2.E-02,-0.25));
#6681 = VECTOR('',#6682,1.);
#6682 = DIRECTION('',(-1.,-1.32579070005E-16,0.));
#6683 = ORIENTED_EDGE('',*,*,#6684,.F.);
#6684 = EDGE_CURVE('',#6685,#6677,#6687,.T.);
#6685 = VERTEX_POINT('',#6686);
#6686 = CARTESIAN_POINT('',(-0.48,2.E-02,0.25));
#6687 = LINE('',#6688,#6689);
#6688 = CARTESIAN_POINT('',(-0.48,2.E-02,0.25));
#6689 = VECTOR('',#6690,1.);
#6690 = DIRECTION('',(-0.,-0.,-1.));
#6691 = ORIENTED_EDGE('',*,*,#6692,.F.);
#6692 = EDGE_CURVE('',#6647,#6685,#6693,.T.);
#6693 = LINE('',#6694,#6695);
#6694 = CARTESIAN_POINT('',(-0.25,2.E-02,0.25));
#6695 = VECTOR('',#6696,1.);
#6696 = DIRECTION('',(-1.,-1.32579070005E-16,0.));
#6697 = ORIENTED_EDGE('',*,*,#6646,.T.);
#6698 = PLANE('',#6699);
#6699 = AXIS2_PLACEMENT_3D('',#6700,#6701,#6702);
#6700 = CARTESIAN_POINT('',(-0.25,2.E-02,0.25));
#6701 = DIRECTION('',(1.32579070005E-16,-1.,0.));
#6702 = DIRECTION('',(1.,1.32579070005E-16,0.));
#6703 = ADVANCED_FACE('',(#6704),#6729,.F.);
#6704 = FACE_BOUND('',#6705,.T.);
#6705 = EDGE_LOOP('',(#6706,#6714,#6722,#6728));
#6706 = ORIENTED_EDGE('',*,*,#6707,.T.);
#6707 = EDGE_CURVE('',#6677,#6708,#6710,.T.);
#6708 = VERTEX_POINT('',#6709);
#6709 = CARTESIAN_POINT('',(-0.48,0.38,-0.25));
#6710 = LINE('',#6711,#6712);
#6711 = CARTESIAN_POINT('',(-0.48,2.E-02,-0.25));
#6712 = VECTOR('',#6713,1.);
#6713 = DIRECTION('',(0.,1.,0.));
#6714 = ORIENTED_EDGE('',*,*,#6715,.F.);
#6715 = EDGE_CURVE('',#6716,#6708,#6718,.T.);
#6716 = VERTEX_POINT('',#6717);
#6717 = CARTESIAN_POINT('',(-0.48,0.38,0.25));
#6718 = LINE('',#6719,#6720);
#6719 = CARTESIAN_POINT('',(-0.48,0.38,0.25));
#6720 = VECTOR('',#6721,1.);
#6721 = DIRECTION('',(-0.,-0.,-1.));
#6722 = ORIENTED_EDGE('',*,*,#6723,.F.);
#6723 = EDGE_CURVE('',#6685,#6716,#6724,.T.);
#6724 = LINE('',#6725,#6726);
#6725 = CARTESIAN_POINT('',(-0.48,2.E-02,0.25));
#6726 = VECTOR('',#6727,1.);
#6727 = DIRECTION('',(0.,1.,0.));
#6728 = ORIENTED_EDGE('',*,*,#6684,.T.);
#6729 = PLANE('',#6730);
#6730 = AXIS2_PLACEMENT_3D('',#6731,#6732,#6733);
#6731 = CARTESIAN_POINT('',(-0.48,2.E-02,0.25));
#6732 = DIRECTION('',(-1.,0.,0.));
#6733 = DIRECTION('',(0.,0.,1.));
#6734 = ADVANCED_FACE('',(#6735),#6792,.F.);
#6735 = FACE_BOUND('',#6736,.T.);
#6736 = EDGE_LOOP('',(#6737,#6747,#6755,#6761,#6762,#6770,#6778,#6786));
#6737 = ORIENTED_EDGE('',*,*,#6738,.T.);
#6738 = EDGE_CURVE('',#6739,#6741,#6743,.T.);
#6739 = VERTEX_POINT('',#6740);
#6740 = CARTESIAN_POINT('',(-0.25,0.38,0.166666666667));
#6741 = VERTEX_POINT('',#6742);
#6742 = CARTESIAN_POINT('',(-0.35,0.38,0.166666666667));
#6743 = LINE('',#6744,#6745);
#6744 = CARTESIAN_POINT('',(-0.25,0.38,0.166666666667));
#6745 = VECTOR('',#6746,1.);
#6746 = DIRECTION('',(-1.,5.421010862428E-16,0.));
#6747 = ORIENTED_EDGE('',*,*,#6748,.T.);
#6748 = EDGE_CURVE('',#6741,#6749,#6751,.T.);
#6749 = VERTEX_POINT('',#6750);
#6750 = CARTESIAN_POINT('',(-0.35,0.38,0.25));
#6751 = LINE('',#6752,#6753);
#6752 = CARTESIAN_POINT('',(-0.35,0.38,0.25));
#6753 = VECTOR('',#6754,1.);
#6754 = DIRECTION('',(-0.,-0.,1.));
#6755 = ORIENTED_EDGE('',*,*,#6756,.F.);
#6756 = EDGE_CURVE('',#6716,#6749,#6757,.T.);
#6757 = LINE('',#6758,#6759);
#6758 = CARTESIAN_POINT('',(-0.48,0.38,0.25));
#6759 = VECTOR('',#6760,1.);
#6760 = DIRECTION('',(1.,0.,0.));
#6761 = ORIENTED_EDGE('',*,*,#6715,.T.);
#6762 = ORIENTED_EDGE('',*,*,#6763,.T.);
#6763 = EDGE_CURVE('',#6708,#6764,#6766,.T.);
#6764 = VERTEX_POINT('',#6765);
#6765 = CARTESIAN_POINT('',(-0.35,0.38,-0.25));
#6766 = LINE('',#6767,#6768);
#6767 = CARTESIAN_POINT('',(-0.48,0.38,-0.25));
#6768 = VECTOR('',#6769,1.);
#6769 = DIRECTION('',(1.,0.,0.));
#6770 = ORIENTED_EDGE('',*,*,#6771,.T.);
#6771 = EDGE_CURVE('',#6764,#6772,#6774,.T.);
#6772 = VERTEX_POINT('',#6773);
#6773 = CARTESIAN_POINT('',(-0.35,0.38,-0.166666666667));
#6774 = LINE('',#6775,#6776);
#6775 = CARTESIAN_POINT('',(-0.35,0.38,-0.25));
#6776 = VECTOR('',#6777,1.);
#6777 = DIRECTION('',(0.,0.,1.));
#6778 = ORIENTED_EDGE('',*,*,#6779,.T.);
#6779 = EDGE_CURVE('',#6772,#6780,#6782,.T.);
#6780 = VERTEX_POINT('',#6781);
#6781 = CARTESIAN_POINT('',(-0.25,0.38,-0.166666666667));
#6782 = LINE('',#6783,#6784);
#6783 = CARTESIAN_POINT('',(-0.25,0.38,-0.166666666667));
#6784 = VECTOR('',#6785,1.);
#6785 = DIRECTION('',(1.,-5.421010862428E-16,-5.421010862428E-16));
#6786 = ORIENTED_EDGE('',*,*,#6787,.F.);
#6787 = EDGE_CURVE('',#6739,#6780,#6788,.T.);
#6788 = LINE('',#6789,#6790);
#6789 = CARTESIAN_POINT('',(-0.25,0.38,0.25));
#6790 = VECTOR('',#6791,1.);
#6791 = DIRECTION('',(-0.,-0.,-1.));
#6792 = PLANE('',#6793);
#6793 = AXIS2_PLACEMENT_3D('',#6794,#6795,#6796);
#6794 = CARTESIAN_POINT('',(-0.48,0.38,0.25));
#6795 = DIRECTION('',(0.,1.,0.));
#6796 = DIRECTION('',(0.,-0.,1.));
#6797 = ADVANCED_FACE('',(#6798),#6823,.F.);
#6798 = FACE_BOUND('',#6799,.T.);
#6799 = EDGE_LOOP('',(#6800,#6810,#6816,#6817));
#6800 = ORIENTED_EDGE('',*,*,#6801,.F.);
#6801 = EDGE_CURVE('',#6802,#6804,#6806,.T.);
#6802 = VERTEX_POINT('',#6803);
#6803 = CARTESIAN_POINT('',(-0.25,0.4,0.166666666667));
#6804 = VERTEX_POINT('',#6805);
#6805 = CARTESIAN_POINT('',(-0.25,0.4,-0.166666666667));
#6806 = LINE('',#6807,#6808);
#6807 = CARTESIAN_POINT('',(-0.25,0.4,0.25));
#6808 = VECTOR('',#6809,1.);
#6809 = DIRECTION('',(-0.,-0.,-1.));
#6810 = ORIENTED_EDGE('',*,*,#6811,.F.);
#6811 = EDGE_CURVE('',#6739,#6802,#6812,.T.);
#6812 = LINE('',#6813,#6814);
#6813 = CARTESIAN_POINT('',(-0.25,0.38,0.166666666667));
#6814 = VECTOR('',#6815,1.);
#6815 = DIRECTION('',(9.856383386232E-17,1.,-0.));
#6816 = ORIENTED_EDGE('',*,*,#6787,.T.);
#6817 = ORIENTED_EDGE('',*,*,#6818,.T.);
#6818 = EDGE_CURVE('',#6780,#6804,#6819,.T.);
#6819 = LINE('',#6820,#6821);
#6820 = CARTESIAN_POINT('',(-0.25,0.38,-0.166666666667));
#6821 = VECTOR('',#6822,1.);
#6822 = DIRECTION('',(9.856383386232E-17,1.,-0.));
#6823 = PLANE('',#6824);
#6824 = AXIS2_PLACEMENT_3D('',#6825,#6826,#6827);
#6825 = CARTESIAN_POINT('',(-0.25,0.4,0.25));
#6826 = DIRECTION('',(-1.,0.,0.));
#6827 = DIRECTION('',(0.,0.,1.));
#6828 = ADVANCED_FACE('',(#6829),#6886,.F.);
#6829 = FACE_BOUND('',#6830,.T.);
#6830 = EDGE_LOOP('',(#6831,#6841,#6849,#6855,#6856,#6864,#6872,#6880));
#6831 = ORIENTED_EDGE('',*,*,#6832,.F.);
#6832 = EDGE_CURVE('',#6833,#6835,#6837,.T.);
#6833 = VERTEX_POINT('',#6834);
#6834 = CARTESIAN_POINT('',(-0.35,0.4,0.25));
#6835 = VERTEX_POINT('',#6836);
#6836 = CARTESIAN_POINT('',(-0.5,0.4,0.25));
#6837 = LINE('',#6838,#6839);
#6838 = CARTESIAN_POINT('',(-0.5,0.4,0.25));
#6839 = VECTOR('',#6840,1.);
#6840 = DIRECTION('',(-1.,-0.,-0.));
#6841 = ORIENTED_EDGE('',*,*,#6842,.F.);
#6842 = EDGE_CURVE('',#6843,#6833,#6845,.T.);
#6843 = VERTEX_POINT('',#6844);
#6844 = CARTESIAN_POINT('',(-0.35,0.4,0.166666666667));
#6845 = LINE('',#6846,#6847);
#6846 = CARTESIAN_POINT('',(-0.35,0.4,0.25));
#6847 = VECTOR('',#6848,1.);
#6848 = DIRECTION('',(-0.,-0.,1.));
#6849 = ORIENTED_EDGE('',*,*,#6850,.F.);
#6850 = EDGE_CURVE('',#6802,#6843,#6851,.T.);
#6851 = LINE('',#6852,#6853);
#6852 = CARTESIAN_POINT('',(-0.25,0.4,0.166666666667));
#6853 = VECTOR('',#6854,1.);
#6854 = DIRECTION('',(-1.,5.421010862428E-16,0.));
#6855 = ORIENTED_EDGE('',*,*,#6801,.T.);
#6856 = ORIENTED_EDGE('',*,*,#6857,.F.);
#6857 = EDGE_CURVE('',#6858,#6804,#6860,.T.);
#6858 = VERTEX_POINT('',#6859);
#6859 = CARTESIAN_POINT('',(-0.35,0.4,-0.166666666667));
#6860 = LINE('',#6861,#6862);
#6861 = CARTESIAN_POINT('',(-0.25,0.4,-0.166666666667));
#6862 = VECTOR('',#6863,1.);
#6863 = DIRECTION('',(1.,-5.421010862428E-16,-5.421010862428E-16));
#6864 = ORIENTED_EDGE('',*,*,#6865,.F.);
#6865 = EDGE_CURVE('',#6866,#6858,#6868,.T.);
#6866 = VERTEX_POINT('',#6867);
#6867 = CARTESIAN_POINT('',(-0.35,0.4,-0.25));
#6868 = LINE('',#6869,#6870);
#6869 = CARTESIAN_POINT('',(-0.35,0.4,-0.25));
#6870 = VECTOR('',#6871,1.);
#6871 = DIRECTION('',(0.,0.,1.));
#6872 = ORIENTED_EDGE('',*,*,#6873,.T.);
#6873 = EDGE_CURVE('',#6866,#6874,#6876,.T.);
#6874 = VERTEX_POINT('',#6875);
#6875 = CARTESIAN_POINT('',(-0.5,0.4,-0.25));
#6876 = LINE('',#6877,#6878);
#6877 = CARTESIAN_POINT('',(-0.5,0.4,-0.25));
#6878 = VECTOR('',#6879,1.);
#6879 = DIRECTION('',(-1.,-0.,-0.));
#6880 = ORIENTED_EDGE('',*,*,#6881,.F.);
#6881 = EDGE_CURVE('',#6835,#6874,#6882,.T.);
#6882 = LINE('',#6883,#6884);
#6883 = CARTESIAN_POINT('',(-0.5,0.4,0.25));
#6884 = VECTOR('',#6885,1.);
#6885 = DIRECTION('',(-0.,-0.,-1.));
#6886 = PLANE('',#6887);
#6887 = AXIS2_PLACEMENT_3D('',#6888,#6889,#6890);
#6888 = CARTESIAN_POINT('',(-0.5,0.4,0.25));
#6889 = DIRECTION('',(0.,-1.,0.));
#6890 = DIRECTION('',(0.,-0.,-1.));
#6891 = ADVANCED_FACE('',(#6892),#6917,.F.);
#6892 = FACE_BOUND('',#6893,.T.);
#6893 = EDGE_LOOP('',(#6894,#6902,#6910,#6916));
#6894 = ORIENTED_EDGE('',*,*,#6895,.T.);
#6895 = EDGE_CURVE('',#6874,#6896,#6898,.T.);
#6896 = VERTEX_POINT('',#6897);
#6897 = CARTESIAN_POINT('',(-0.5,-6.123233995737E-17,-0.25));
#6898 = LINE('',#6899,#6900);
#6899 = CARTESIAN_POINT('',(-0.5,-6.123233995737E-17,-0.25));
#6900 = VECTOR('',#6901,1.);
#6901 = DIRECTION('',(-0.,-1.,-0.));
#6902 = ORIENTED_EDGE('',*,*,#6903,.F.);
#6903 = EDGE_CURVE('',#6904,#6896,#6906,.T.);
#6904 = VERTEX_POINT('',#6905);
#6905 = CARTESIAN_POINT('',(-0.5,-6.123233995737E-17,0.25));
#6906 = LINE('',#6907,#6908);
#6907 = CARTESIAN_POINT('',(-0.5,-6.123233995737E-17,0.25));
#6908 = VECTOR('',#6909,1.);
#6909 = DIRECTION('',(-0.,-0.,-1.));
#6910 = ORIENTED_EDGE('',*,*,#6911,.F.);
#6911 = EDGE_CURVE('',#6835,#6904,#6912,.T.);
#6912 = LINE('',#6913,#6914);
#6913 = CARTESIAN_POINT('',(-0.5,-6.123233995737E-17,0.25));
#6914 = VECTOR('',#6915,1.);
#6915 = DIRECTION('',(-0.,-1.,-0.));
#6916 = ORIENTED_EDGE('',*,*,#6881,.T.);
#6917 = PLANE('',#6918);
#6918 = AXIS2_PLACEMENT_3D('',#6919,#6920,#6921);
#6919 = CARTESIAN_POINT('',(-0.5,-6.123233995737E-17,0.25));
#6920 = DIRECTION('',(1.,0.,0.));
#6921 = DIRECTION('',(0.,0.,-1.));
#6922 = ADVANCED_FACE('',(#6923),#6939,.F.);
#6923 = FACE_BOUND('',#6924,.T.);
#6924 = EDGE_LOOP('',(#6925,#6931,#6932,#6938));
#6925 = ORIENTED_EDGE('',*,*,#6926,.T.);
#6926 = EDGE_CURVE('',#6896,#6637,#6927,.T.);
#6927 = LINE('',#6928,#6929);
#6928 = CARTESIAN_POINT('',(-0.25,0.,-0.25));
#6929 = VECTOR('',#6930,1.);
#6930 = DIRECTION('',(1.,2.449293598295E-16,-0.));
#6931 = ORIENTED_EDGE('',*,*,#6662,.F.);
#6932 = ORIENTED_EDGE('',*,*,#6933,.F.);
#6933 = EDGE_CURVE('',#6904,#6655,#6934,.T.);
#6934 = LINE('',#6935,#6936);
#6935 = CARTESIAN_POINT('',(-0.25,0.,0.25));
#6936 = VECTOR('',#6937,1.);
#6937 = DIRECTION('',(1.,2.449293598295E-16,-0.));
#6938 = ORIENTED_EDGE('',*,*,#6903,.T.);
#6939 = PLANE('',#6940);
#6940 = AXIS2_PLACEMENT_3D('',#6941,#6942,#6943);
#6941 = CARTESIAN_POINT('',(-0.25,0.,0.25));
#6942 = DIRECTION('',(-2.449293598295E-16,1.,0.));
#6943 = DIRECTION('',(-1.,-2.449293598295E-16,0.));
#6944 = ADVANCED_FACE('',(#6945),#6960,.F.);
#6945 = FACE_BOUND('',#6946,.T.);
#6946 = EDGE_LOOP('',(#6947,#6948,#6954,#6955,#6956,#6957,#6958,#6959));
#6947 = ORIENTED_EDGE('',*,*,#6756,.T.);
#6948 = ORIENTED_EDGE('',*,*,#6949,.T.);
#6949 = EDGE_CURVE('',#6749,#6833,#6950,.T.);
#6950 = LINE('',#6951,#6952);
#6951 = CARTESIAN_POINT('',(-0.35,0.38,0.25));
#6952 = VECTOR('',#6953,1.);
#6953 = DIRECTION('',(9.856383386232E-17,1.,-0.));
#6954 = ORIENTED_EDGE('',*,*,#6832,.T.);
#6955 = ORIENTED_EDGE('',*,*,#6911,.T.);
#6956 = ORIENTED_EDGE('',*,*,#6933,.T.);
#6957 = ORIENTED_EDGE('',*,*,#6654,.T.);
#6958 = ORIENTED_EDGE('',*,*,#6692,.T.);
#6959 = ORIENTED_EDGE('',*,*,#6723,.T.);
#6960 = PLANE('',#6961);
#6961 = AXIS2_PLACEMENT_3D('',#6962,#6963,#6964);
#6962 = CARTESIAN_POINT('',(0.,0.,0.25));
#6963 = DIRECTION('',(0.,0.,-1.));
#6964 = DIRECTION('',(-1.,0.,-0.));
#6965 = ADVANCED_FACE('',(#6966),#6981,.T.);
#6966 = FACE_BOUND('',#6967,.T.);
#6967 = EDGE_LOOP('',(#6968,#6974,#6975,#6976,#6977,#6978,#6979,#6980));
#6968 = ORIENTED_EDGE('',*,*,#6969,.F.);
#6969 = EDGE_CURVE('',#6764,#6866,#6970,.T.);
#6970 = LINE('',#6971,#6972);
#6971 = CARTESIAN_POINT('',(-0.35,0.38,-0.25));
#6972 = VECTOR('',#6973,1.);
#6973 = DIRECTION('',(9.856383386232E-17,1.,-0.));
#6974 = ORIENTED_EDGE('',*,*,#6763,.F.);
#6975 = ORIENTED_EDGE('',*,*,#6707,.F.);
#6976 = ORIENTED_EDGE('',*,*,#6676,.F.);
#6977 = ORIENTED_EDGE('',*,*,#6636,.F.);
#6978 = ORIENTED_EDGE('',*,*,#6926,.F.);
#6979 = ORIENTED_EDGE('',*,*,#6895,.F.);
#6980 = ORIENTED_EDGE('',*,*,#6873,.F.);
#6981 = PLANE('',#6982);
#6982 = AXIS2_PLACEMENT_3D('',#6983,#6984,#6985);
#6983 = CARTESIAN_POINT('',(0.,0.,-0.25));
#6984 = DIRECTION('',(0.,0.,-1.));
#6985 = DIRECTION('',(-1.,0.,-0.));
#6986 = ADVANCED_FACE('',(#6987),#6998,.F.);
#6987 = FACE_BOUND('',#6988,.T.);
#6988 = EDGE_LOOP('',(#6989,#6990,#6991,#6992));
#6989 = ORIENTED_EDGE('',*,*,#6857,.T.);
#6990 = ORIENTED_EDGE('',*,*,#6818,.F.);
#6991 = ORIENTED_EDGE('',*,*,#6779,.F.);
#6992 = ORIENTED_EDGE('',*,*,#6993,.T.);
#6993 = EDGE_CURVE('',#6772,#6858,#6994,.T.);
#6994 = LINE('',#6995,#6996);
#6995 = CARTESIAN_POINT('',(-0.35,0.38,-0.166666666667));
#6996 = VECTOR('',#6997,1.);
#6997 = DIRECTION('',(9.856383386232E-17,1.,-0.));
#6998 = PLANE('',#6999);
#6999 = AXIS2_PLACEMENT_3D('',#7000,#7001,#7002);
#7000 = CARTESIAN_POINT('',(-0.25,0.38,-0.166666666667));
#7001 = DIRECTION('',(5.421010862428E-16,-5.343156140101E-32,1.));
#7002 = DIRECTION('',(1.,0.,-5.421010862428E-16));
#7003 = ADVANCED_FACE('',(#7004),#7010,.F.);
#7004 = FACE_BOUND('',#7005,.T.);
#7005 = EDGE_LOOP('',(#7006,#7007,#7008,#7009));
#7006 = ORIENTED_EDGE('',*,*,#6865,.T.);
#7007 = ORIENTED_EDGE('',*,*,#6993,.F.);
#7008 = ORIENTED_EDGE('',*,*,#6771,.F.);
#7009 = ORIENTED_EDGE('',*,*,#6969,.T.);
#7010 = PLANE('',#7011);
#7011 = AXIS2_PLACEMENT_3D('',#7012,#7013,#7014);
#7012 = CARTESIAN_POINT('',(-0.35,0.38,-0.25));
#7013 = DIRECTION('',(-1.,9.856383386232E-17,0.));
#7014 = DIRECTION('',(-9.856383386232E-17,-1.,0.));
#7015 = ADVANCED_FACE('',(#7016),#7027,.F.);
#7016 = FACE_BOUND('',#7017,.T.);
#7017 = EDGE_LOOP('',(#7018,#7019,#7020,#7021));
#7018 = ORIENTED_EDGE('',*,*,#6842,.T.);
#7019 = ORIENTED_EDGE('',*,*,#6949,.F.);
#7020 = ORIENTED_EDGE('',*,*,#6748,.F.);
#7021 = ORIENTED_EDGE('',*,*,#7022,.T.);
#7022 = EDGE_CURVE('',#6741,#6843,#7023,.T.);
#7023 = LINE('',#7024,#7025);
#7024 = CARTESIAN_POINT('',(-0.35,0.38,0.166666666667));
#7025 = VECTOR('',#7026,1.);
#7026 = DIRECTION('',(9.856383386232E-17,1.,-0.));
#7027 = PLANE('',#7028);
#7028 = AXIS2_PLACEMENT_3D('',#7029,#7030,#7031);
#7029 = CARTESIAN_POINT('',(-0.35,0.38,0.25));
#7030 = DIRECTION('',(-1.,9.856383386232E-17,0.));
#7031 = DIRECTION('',(-9.856383386232E-17,-1.,0.));
#7032 = ADVANCED_FACE('',(#7033),#7039,.F.);
#7033 = FACE_BOUND('',#7034,.T.);
#7034 = EDGE_LOOP('',(#7035,#7036,#7037,#7038));
#7035 = ORIENTED_EDGE('',*,*,#6850,.T.);
#7036 = ORIENTED_EDGE('',*,*,#7022,.F.);
#7037 = ORIENTED_EDGE('',*,*,#6738,.F.);
#7038 = ORIENTED_EDGE('',*,*,#6811,.T.);
#7039 = PLANE('',#7040);
#7040 = AXIS2_PLACEMENT_3D('',#7041,#7042,#7043);
#7041 = CARTESIAN_POINT('',(-0.25,0.38,0.166666666667));
#7042 = DIRECTION('',(0.,0.,-1.));
#7043 = DIRECTION('',(-1.,0.,0.));
#7044 = MANIFOLD_SOLID_BREP('',#7045);
#7045 = CLOSED_SHELL('',(#7046,#7086,#7117,#7148,#7211,#7242,#7305,#7336
    ,#7358,#7379,#7400,#7417,#7429,#7446));
#7046 = ADVANCED_FACE('',(#7047),#7081,.F.);
#7047 = FACE_BOUND('',#7048,.T.);
#7048 = EDGE_LOOP('',(#7049,#7059,#7067,#7075));
#7049 = ORIENTED_EDGE('',*,*,#7050,.F.);
#7050 = EDGE_CURVE('',#7051,#7053,#7055,.T.);
#7051 = VERTEX_POINT('',#7052);
#7052 = CARTESIAN_POINT('',(0.25,0.,-0.25));
#7053 = VERTEX_POINT('',#7054);
#7054 = CARTESIAN_POINT('',(0.25,2.E-02,-0.25));
#7055 = LINE('',#7056,#7057);
#7056 = CARTESIAN_POINT('',(0.25,2.E-02,-0.25));
#7057 = VECTOR('',#7058,1.);
#7058 = DIRECTION('',(0.,1.,0.));
#7059 = ORIENTED_EDGE('',*,*,#7060,.F.);
#7060 = EDGE_CURVE('',#7061,#7051,#7063,.T.);
#7061 = VERTEX_POINT('',#7062);
#7062 = CARTESIAN_POINT('',(0.25,0.,0.25));
#7063 = LINE('',#7064,#7065);
#7064 = CARTESIAN_POINT('',(0.25,0.,0.25));
#7065 = VECTOR('',#7066,1.);
#7066 = DIRECTION('',(0.,-0.,-1.));
#7067 = ORIENTED_EDGE('',*,*,#7068,.T.);
#7068 = EDGE_CURVE('',#7061,#7069,#7071,.T.);
#7069 = VERTEX_POINT('',#7070);
#7070 = CARTESIAN_POINT('',(0.25,2.E-02,0.25));
#7071 = LINE('',#7072,#7073);
#7072 = CARTESIAN_POINT('',(0.25,2.E-02,0.25));
#7073 = VECTOR('',#7074,1.);
#7074 = DIRECTION('',(0.,1.,0.));
#7075 = ORIENTED_EDGE('',*,*,#7076,.T.);
#7076 = EDGE_CURVE('',#7069,#7053,#7077,.T.);
#7077 = LINE('',#7078,#7079);
#7078 = CARTESIAN_POINT('',(0.25,2.E-02,0.25));
#7079 = VECTOR('',#7080,1.);
#7080 = DIRECTION('',(0.,-0.,-1.));
#7081 = PLANE('',#7082);
#7082 = AXIS2_PLACEMENT_3D('',#7083,#7084,#7085);
#7083 = CARTESIAN_POINT('',(0.25,2.E-02,0.25));
#7084 = DIRECTION('',(1.,0.,-0.));
#7085 = DIRECTION('',(0.,0.,1.));
#7086 = ADVANCED_FACE('',(#7087),#7112,.F.);
#7087 = FACE_BOUND('',#7088,.T.);
#7088 = EDGE_LOOP('',(#7089,#7097,#7098,#7106));
#7089 = ORIENTED_EDGE('',*,*,#7090,.F.);
#7090 = EDGE_CURVE('',#7053,#7091,#7093,.T.);
#7091 = VERTEX_POINT('',#7092);
#7092 = CARTESIAN_POINT('',(0.48,2.E-02,-0.25));
#7093 = LINE('',#7094,#7095);
#7094 = CARTESIAN_POINT('',(0.25,2.E-02,-0.25));
#7095 = VECTOR('',#7096,1.);
#7096 = DIRECTION('',(1.,-1.32579070005E-16,0.));
#7097 = ORIENTED_EDGE('',*,*,#7076,.F.);
#7098 = ORIENTED_EDGE('',*,*,#7099,.T.);
#7099 = EDGE_CURVE('',#7069,#7100,#7102,.T.);
#7100 = VERTEX_POINT('',#7101);
#7101 = CARTESIAN_POINT('',(0.48,2.E-02,0.25));
#7102 = LINE('',#7103,#7104);
#7103 = CARTESIAN_POINT('',(0.25,2.E-02,0.25));
#7104 = VECTOR('',#7105,1.);
#7105 = DIRECTION('',(1.,-1.32579070005E-16,0.));
#7106 = ORIENTED_EDGE('',*,*,#7107,.T.);
#7107 = EDGE_CURVE('',#7100,#7091,#7108,.T.);
#7108 = LINE('',#7109,#7110);
#7109 = CARTESIAN_POINT('',(0.48,2.E-02,0.25));
#7110 = VECTOR('',#7111,1.);
#7111 = DIRECTION('',(0.,-0.,-1.));
#7112 = PLANE('',#7113);
#7113 = AXIS2_PLACEMENT_3D('',#7114,#7115,#7116);
#7114 = CARTESIAN_POINT('',(0.25,2.E-02,0.25));
#7115 = DIRECTION('',(-1.32579070005E-16,-1.,0.));
#7116 = DIRECTION('',(-1.,1.32579070005E-16,0.));
#7117 = ADVANCED_FACE('',(#7118),#7143,.F.);
#7118 = FACE_BOUND('',#7119,.T.);
#7119 = EDGE_LOOP('',(#7120,#7128,#7129,#7137));
#7120 = ORIENTED_EDGE('',*,*,#7121,.F.);
#7121 = EDGE_CURVE('',#7091,#7122,#7124,.T.);
#7122 = VERTEX_POINT('',#7123);
#7123 = CARTESIAN_POINT('',(0.48,0.38,-0.25));
#7124 = LINE('',#7125,#7126);
#7125 = CARTESIAN_POINT('',(0.48,2.E-02,-0.25));
#7126 = VECTOR('',#7127,1.);
#7127 = DIRECTION('',(0.,1.,0.));
#7128 = ORIENTED_EDGE('',*,*,#7107,.F.);
#7129 = ORIENTED_EDGE('',*,*,#7130,.T.);
#7130 = EDGE_CURVE('',#7100,#7131,#7133,.T.);
#7131 = VERTEX_POINT('',#7132);
#7132 = CARTESIAN_POINT('',(0.48,0.38,0.25));
#7133 = LINE('',#7134,#7135);
#7134 = CARTESIAN_POINT('',(0.48,2.E-02,0.25));
#7135 = VECTOR('',#7136,1.);
#7136 = DIRECTION('',(0.,1.,0.));
#7137 = ORIENTED_EDGE('',*,*,#7138,.T.);
#7138 = EDGE_CURVE('',#7131,#7122,#7139,.T.);
#7139 = LINE('',#7140,#7141);
#7140 = CARTESIAN_POINT('',(0.48,0.38,0.25));
#7141 = VECTOR('',#7142,1.);
#7142 = DIRECTION('',(0.,-0.,-1.));
#7143 = PLANE('',#7144);
#7144 = AXIS2_PLACEMENT_3D('',#7145,#7146,#7147);
#7145 = CARTESIAN_POINT('',(0.48,2.E-02,0.25));
#7146 = DIRECTION('',(1.,0.,-0.));
#7147 = DIRECTION('',(0.,0.,1.));
#7148 = ADVANCED_FACE('',(#7149),#7206,.F.);
#7149 = FACE_BOUND('',#7150,.T.);
#7150 = EDGE_LOOP('',(#7151,#7161,#7169,#7175,#7176,#7184,#7192,#7200));
#7151 = ORIENTED_EDGE('',*,*,#7152,.T.);
#7152 = EDGE_CURVE('',#7153,#7155,#7157,.T.);
#7153 = VERTEX_POINT('',#7154);
#7154 = CARTESIAN_POINT('',(0.25,0.38,-0.166666666667));
#7155 = VERTEX_POINT('',#7156);
#7156 = CARTESIAN_POINT('',(0.35,0.38,-0.166666666667));
#7157 = LINE('',#7158,#7159);
#7158 = CARTESIAN_POINT('',(0.25,0.38,-0.166666666667));
#7159 = VECTOR('',#7160,1.);
#7160 = DIRECTION('',(1.,-5.421010862428E-16,0.));
#7161 = ORIENTED_EDGE('',*,*,#7162,.T.);
#7162 = EDGE_CURVE('',#7155,#7163,#7165,.T.);
#7163 = VERTEX_POINT('',#7164);
#7164 = CARTESIAN_POINT('',(0.35,0.38,-0.25));
#7165 = LINE('',#7166,#7167);
#7166 = CARTESIAN_POINT('',(0.35,0.38,-0.25));
#7167 = VECTOR('',#7168,1.);
#7168 = DIRECTION('',(-0.,-0.,-1.));
#7169 = ORIENTED_EDGE('',*,*,#7170,.F.);
#7170 = EDGE_CURVE('',#7122,#7163,#7171,.T.);
#7171 = LINE('',#7172,#7173);
#7172 = CARTESIAN_POINT('',(0.48,0.38,-0.25));
#7173 = VECTOR('',#7174,1.);
#7174 = DIRECTION('',(-1.,0.,0.));
#7175 = ORIENTED_EDGE('',*,*,#7138,.F.);
#7176 = ORIENTED_EDGE('',*,*,#7177,.T.);
#7177 = EDGE_CURVE('',#7131,#7178,#7180,.T.);
#7178 = VERTEX_POINT('',#7179);
#7179 = CARTESIAN_POINT('',(0.35,0.38,0.25));
#7180 = LINE('',#7181,#7182);
#7181 = CARTESIAN_POINT('',(0.48,0.38,0.25));
#7182 = VECTOR('',#7183,1.);
#7183 = DIRECTION('',(-1.,0.,0.));
#7184 = ORIENTED_EDGE('',*,*,#7185,.T.);
#7185 = EDGE_CURVE('',#7178,#7186,#7188,.T.);
#7186 = VERTEX_POINT('',#7187);
#7187 = CARTESIAN_POINT('',(0.35,0.38,0.166666666667));
#7188 = LINE('',#7189,#7190);
#7189 = CARTESIAN_POINT('',(0.35,0.38,0.25));
#7190 = VECTOR('',#7191,1.);
#7191 = DIRECTION('',(0.,0.,-1.));
#7192 = ORIENTED_EDGE('',*,*,#7193,.T.);
#7193 = EDGE_CURVE('',#7186,#7194,#7196,.T.);
#7194 = VERTEX_POINT('',#7195);
#7195 = CARTESIAN_POINT('',(0.25,0.38,0.166666666667));
#7196 = LINE('',#7197,#7198);
#7197 = CARTESIAN_POINT('',(0.25,0.38,0.166666666667));
#7198 = VECTOR('',#7199,1.);
#7199 = DIRECTION('',(-1.,5.421010862428E-16,5.421010862428E-16));
#7200 = ORIENTED_EDGE('',*,*,#7201,.T.);
#7201 = EDGE_CURVE('',#7194,#7153,#7202,.T.);
#7202 = LINE('',#7203,#7204);
#7203 = CARTESIAN_POINT('',(0.25,0.38,0.25));
#7204 = VECTOR('',#7205,1.);
#7205 = DIRECTION('',(0.,-0.,-1.));
#7206 = PLANE('',#7207);
#7207 = AXIS2_PLACEMENT_3D('',#7208,#7209,#7210);
#7208 = CARTESIAN_POINT('',(0.48,0.38,0.25));
#7209 = DIRECTION('',(0.,1.,0.));
#7210 = DIRECTION('',(0.,-0.,1.));
#7211 = ADVANCED_FACE('',(#7212),#7237,.F.);
#7212 = FACE_BOUND('',#7213,.T.);
#7213 = EDGE_LOOP('',(#7214,#7224,#7230,#7231));
#7214 = ORIENTED_EDGE('',*,*,#7215,.T.);
#7215 = EDGE_CURVE('',#7216,#7218,#7220,.T.);
#7216 = VERTEX_POINT('',#7217);
#7217 = CARTESIAN_POINT('',(0.25,0.4,0.166666666667));
#7218 = VERTEX_POINT('',#7219);
#7219 = CARTESIAN_POINT('',(0.25,0.4,-0.166666666667));
#7220 = LINE('',#7221,#7222);
#7221 = CARTESIAN_POINT('',(0.25,0.4,0.25));
#7222 = VECTOR('',#7223,1.);
#7223 = DIRECTION('',(0.,-0.,-1.));
#7224 = ORIENTED_EDGE('',*,*,#7225,.F.);
#7225 = EDGE_CURVE('',#7153,#7218,#7226,.T.);
#7226 = LINE('',#7227,#7228);
#7227 = CARTESIAN_POINT('',(0.25,0.38,-0.166666666667));
#7228 = VECTOR('',#7229,1.);
#7229 = DIRECTION('',(9.856383386232E-17,1.,-0.));
#7230 = ORIENTED_EDGE('',*,*,#7201,.F.);
#7231 = ORIENTED_EDGE('',*,*,#7232,.T.);
#7232 = EDGE_CURVE('',#7194,#7216,#7233,.T.);
#7233 = LINE('',#7234,#7235);
#7234 = CARTESIAN_POINT('',(0.25,0.38,0.166666666667));
#7235 = VECTOR('',#7236,1.);
#7236 = DIRECTION('',(9.856383386232E-17,1.,-0.));
#7237 = PLANE('',#7238);
#7238 = AXIS2_PLACEMENT_3D('',#7239,#7240,#7241);
#7239 = CARTESIAN_POINT('',(0.25,0.4,0.25));
#7240 = DIRECTION('',(1.,0.,-0.));
#7241 = DIRECTION('',(0.,0.,1.));
#7242 = ADVANCED_FACE('',(#7243),#7300,.F.);
#7243 = FACE_BOUND('',#7244,.T.);
#7244 = EDGE_LOOP('',(#7245,#7255,#7263,#7269,#7270,#7278,#7286,#7294));
#7245 = ORIENTED_EDGE('',*,*,#7246,.F.);
#7246 = EDGE_CURVE('',#7247,#7249,#7251,.T.);
#7247 = VERTEX_POINT('',#7248);
#7248 = CARTESIAN_POINT('',(0.35,0.4,-0.25));
#7249 = VERTEX_POINT('',#7250);
#7250 = CARTESIAN_POINT('',(0.5,0.4,-0.25));
#7251 = LINE('',#7252,#7253);
#7252 = CARTESIAN_POINT('',(0.5,0.4,-0.25));
#7253 = VECTOR('',#7254,1.);
#7254 = DIRECTION('',(1.,-0.,-0.));
#7255 = ORIENTED_EDGE('',*,*,#7256,.F.);
#7256 = EDGE_CURVE('',#7257,#7247,#7259,.T.);
#7257 = VERTEX_POINT('',#7258);
#7258 = CARTESIAN_POINT('',(0.35,0.4,-0.166666666667));
#7259 = LINE('',#7260,#7261);
#7260 = CARTESIAN_POINT('',(0.35,0.4,-0.25));
#7261 = VECTOR('',#7262,1.);
#7262 = DIRECTION('',(-0.,-0.,-1.));
#7263 = ORIENTED_EDGE('',*,*,#7264,.F.);
#7264 = EDGE_CURVE('',#7218,#7257,#7265,.T.);
#7265 = LINE('',#7266,#7267);
#7266 = CARTESIAN_POINT('',(0.25,0.4,-0.166666666667));
#7267 = VECTOR('',#7268,1.);
#7268 = DIRECTION('',(1.,-5.421010862428E-16,0.));
#7269 = ORIENTED_EDGE('',*,*,#7215,.F.);
#7270 = ORIENTED_EDGE('',*,*,#7271,.F.);
#7271 = EDGE_CURVE('',#7272,#7216,#7274,.T.);
#7272 = VERTEX_POINT('',#7273);
#7273 = CARTESIAN_POINT('',(0.35,0.4,0.166666666667));
#7274 = LINE('',#7275,#7276);
#7275 = CARTESIAN_POINT('',(0.25,0.4,0.166666666667));
#7276 = VECTOR('',#7277,1.);
#7277 = DIRECTION('',(-1.,5.421010862428E-16,5.421010862428E-16));
#7278 = ORIENTED_EDGE('',*,*,#7279,.F.);
#7279 = EDGE_CURVE('',#7280,#7272,#7282,.T.);
#7280 = VERTEX_POINT('',#7281);
#7281 = CARTESIAN_POINT('',(0.35,0.4,0.25));
#7282 = LINE('',#7283,#7284);
#7283 = CARTESIAN_POINT('',(0.35,0.4,0.25));
#7284 = VECTOR('',#7285,1.);
#7285 = DIRECTION('',(0.,0.,-1.));
#7286 = ORIENTED_EDGE('',*,*,#7287,.T.);
#7287 = EDGE_CURVE('',#7280,#7288,#7290,.T.);
#7288 = VERTEX_POINT('',#7289);
#7289 = CARTESIAN_POINT('',(0.5,0.4,0.25));
#7290 = LINE('',#7291,#7292);
#7291 = CARTESIAN_POINT('',(0.5,0.4,0.25));
#7292 = VECTOR('',#7293,1.);
#7293 = DIRECTION('',(1.,-0.,-0.));
#7294 = ORIENTED_EDGE('',*,*,#7295,.T.);
#7295 = EDGE_CURVE('',#7288,#7249,#7296,.T.);
#7296 = LINE('',#7297,#7298);
#7297 = CARTESIAN_POINT('',(0.5,0.4,0.25));
#7298 = VECTOR('',#7299,1.);
#7299 = DIRECTION('',(0.,-0.,-1.));
#7300 = PLANE('',#7301);
#7301 = AXIS2_PLACEMENT_3D('',#7302,#7303,#7304);
#7302 = CARTESIAN_POINT('',(0.5,0.4,0.25));
#7303 = DIRECTION('',(0.,-1.,-0.));
#7304 = DIRECTION('',(-0.,0.,-1.));
#7305 = ADVANCED_FACE('',(#7306),#7331,.F.);
#7306 = FACE_BOUND('',#7307,.T.);
#7307 = EDGE_LOOP('',(#7308,#7316,#7317,#7325));
#7308 = ORIENTED_EDGE('',*,*,#7309,.F.);
#7309 = EDGE_CURVE('',#7249,#7310,#7312,.T.);
#7310 = VERTEX_POINT('',#7311);
#7311 = CARTESIAN_POINT('',(0.5,-6.123233995737E-17,-0.25));
#7312 = LINE('',#7313,#7314);
#7313 = CARTESIAN_POINT('',(0.5,-6.123233995737E-17,-0.25));
#7314 = VECTOR('',#7315,1.);
#7315 = DIRECTION('',(0.,-1.,-0.));
#7316 = ORIENTED_EDGE('',*,*,#7295,.F.);
#7317 = ORIENTED_EDGE('',*,*,#7318,.T.);
#7318 = EDGE_CURVE('',#7288,#7319,#7321,.T.);
#7319 = VERTEX_POINT('',#7320);
#7320 = CARTESIAN_POINT('',(0.5,-6.123233995737E-17,0.25));
#7321 = LINE('',#7322,#7323);
#7322 = CARTESIAN_POINT('',(0.5,-6.123233995737E-17,0.25));
#7323 = VECTOR('',#7324,1.);
#7324 = DIRECTION('',(0.,-1.,-0.));
#7325 = ORIENTED_EDGE('',*,*,#7326,.T.);
#7326 = EDGE_CURVE('',#7319,#7310,#7327,.T.);
#7327 = LINE('',#7328,#7329);
#7328 = CARTESIAN_POINT('',(0.5,-6.123233995737E-17,0.25));
#7329 = VECTOR('',#7330,1.);
#7330 = DIRECTION('',(0.,-0.,-1.));
#7331 = PLANE('',#7332);
#7332 = AXIS2_PLACEMENT_3D('',#7333,#7334,#7335);
#7333 = CARTESIAN_POINT('',(0.5,-6.123233995737E-17,0.25));
#7334 = DIRECTION('',(-1.,0.,0.));
#7335 = DIRECTION('',(0.,0.,-1.));
#7336 = ADVANCED_FACE('',(#7337),#7353,.F.);
#7337 = FACE_BOUND('',#7338,.T.);
#7338 = EDGE_LOOP('',(#7339,#7345,#7346,#7352));
#7339 = ORIENTED_EDGE('',*,*,#7340,.F.);
#7340 = EDGE_CURVE('',#7310,#7051,#7341,.T.);
#7341 = LINE('',#7342,#7343);
#7342 = CARTESIAN_POINT('',(0.25,0.,-0.25));
#7343 = VECTOR('',#7344,1.);
#7344 = DIRECTION('',(-1.,2.449293598295E-16,0.));
#7345 = ORIENTED_EDGE('',*,*,#7326,.F.);
#7346 = ORIENTED_EDGE('',*,*,#7347,.T.);
#7347 = EDGE_CURVE('',#7319,#7061,#7348,.T.);
#7348 = LINE('',#7349,#7350);
#7349 = CARTESIAN_POINT('',(0.25,0.,0.25));
#7350 = VECTOR('',#7351,1.);
#7351 = DIRECTION('',(-1.,2.449293598295E-16,0.));
#7352 = ORIENTED_EDGE('',*,*,#7060,.T.);
#7353 = PLANE('',#7354);
#7354 = AXIS2_PLACEMENT_3D('',#7355,#7356,#7357);
#7355 = CARTESIAN_POINT('',(0.25,0.,0.25));
#7356 = DIRECTION('',(2.449293598295E-16,1.,0.));
#7357 = DIRECTION('',(1.,-2.449293598295E-16,0.));
#7358 = ADVANCED_FACE('',(#7359),#7374,.F.);
#7359 = FACE_BOUND('',#7360,.T.);
#7360 = EDGE_LOOP('',(#7361,#7362,#7368,#7369,#7370,#7371,#7372,#7373));
#7361 = ORIENTED_EDGE('',*,*,#7287,.F.);
#7362 = ORIENTED_EDGE('',*,*,#7363,.F.);
#7363 = EDGE_CURVE('',#7178,#7280,#7364,.T.);
#7364 = LINE('',#7365,#7366);
#7365 = CARTESIAN_POINT('',(0.35,0.38,0.25));
#7366 = VECTOR('',#7367,1.);
#7367 = DIRECTION('',(9.856383386232E-17,1.,-0.));
#7368 = ORIENTED_EDGE('',*,*,#7177,.F.);
#7369 = ORIENTED_EDGE('',*,*,#7130,.F.);
#7370 = ORIENTED_EDGE('',*,*,#7099,.F.);
#7371 = ORIENTED_EDGE('',*,*,#7068,.F.);
#7372 = ORIENTED_EDGE('',*,*,#7347,.F.);
#7373 = ORIENTED_EDGE('',*,*,#7318,.F.);
#7374 = PLANE('',#7375);
#7375 = AXIS2_PLACEMENT_3D('',#7376,#7377,#7378);
#7376 = CARTESIAN_POINT('',(0.,0.,0.25));
#7377 = DIRECTION('',(0.,0.,-1.));
#7378 = DIRECTION('',(1.,0.,0.));
#7379 = ADVANCED_FACE('',(#7380),#7395,.T.);
#7380 = FACE_BOUND('',#7381,.T.);
#7381 = EDGE_LOOP('',(#7382,#7388,#7389,#7390,#7391,#7392,#7393,#7394));
#7382 = ORIENTED_EDGE('',*,*,#7383,.T.);
#7383 = EDGE_CURVE('',#7163,#7247,#7384,.T.);
#7384 = LINE('',#7385,#7386);
#7385 = CARTESIAN_POINT('',(0.35,0.38,-0.25));
#7386 = VECTOR('',#7387,1.);
#7387 = DIRECTION('',(9.856383386232E-17,1.,-0.));
#7388 = ORIENTED_EDGE('',*,*,#7246,.T.);
#7389 = ORIENTED_EDGE('',*,*,#7309,.T.);
#7390 = ORIENTED_EDGE('',*,*,#7340,.T.);
#7391 = ORIENTED_EDGE('',*,*,#7050,.T.);
#7392 = ORIENTED_EDGE('',*,*,#7090,.T.);
#7393 = ORIENTED_EDGE('',*,*,#7121,.T.);
#7394 = ORIENTED_EDGE('',*,*,#7170,.T.);
#7395 = PLANE('',#7396);
#7396 = AXIS2_PLACEMENT_3D('',#7397,#7398,#7399);
#7397 = CARTESIAN_POINT('',(0.,0.,-0.25));
#7398 = DIRECTION('',(0.,0.,-1.));
#7399 = DIRECTION('',(1.,0.,0.));
#7400 = ADVANCED_FACE('',(#7401),#7412,.F.);
#7401 = FACE_BOUND('',#7402,.T.);
#7402 = EDGE_LOOP('',(#7403,#7404,#7405,#7406));
#7403 = ORIENTED_EDGE('',*,*,#7256,.T.);
#7404 = ORIENTED_EDGE('',*,*,#7383,.F.);
#7405 = ORIENTED_EDGE('',*,*,#7162,.F.);
#7406 = ORIENTED_EDGE('',*,*,#7407,.T.);
#7407 = EDGE_CURVE('',#7155,#7257,#7408,.T.);
#7408 = LINE('',#7409,#7410);
#7409 = CARTESIAN_POINT('',(0.35,0.38,-0.166666666667));
#7410 = VECTOR('',#7411,1.);
#7411 = DIRECTION('',(9.856383386232E-17,1.,-0.));
#7412 = PLANE('',#7413);
#7413 = AXIS2_PLACEMENT_3D('',#7414,#7415,#7416);
#7414 = CARTESIAN_POINT('',(0.35,0.38,-0.25));
#7415 = DIRECTION('',(1.,-9.856383386232E-17,0.));
#7416 = DIRECTION('',(9.856383386232E-17,1.,0.));
#7417 = ADVANCED_FACE('',(#7418),#7424,.F.);
#7418 = FACE_BOUND('',#7419,.T.);
#7419 = EDGE_LOOP('',(#7420,#7421,#7422,#7423));
#7420 = ORIENTED_EDGE('',*,*,#7264,.T.);
#7421 = ORIENTED_EDGE('',*,*,#7407,.F.);
#7422 = ORIENTED_EDGE('',*,*,#7152,.F.);
#7423 = ORIENTED_EDGE('',*,*,#7225,.T.);
#7424 = PLANE('',#7425);
#7425 = AXIS2_PLACEMENT_3D('',#7426,#7427,#7428);
#7426 = CARTESIAN_POINT('',(0.25,0.38,-0.166666666667));
#7427 = DIRECTION('',(0.,0.,1.));
#7428 = DIRECTION('',(1.,0.,-0.));
#7429 = ADVANCED_FACE('',(#7430),#7441,.F.);
#7430 = FACE_BOUND('',#7431,.T.);
#7431 = EDGE_LOOP('',(#7432,#7433,#7434,#7435));
#7432 = ORIENTED_EDGE('',*,*,#7271,.T.);
#7433 = ORIENTED_EDGE('',*,*,#7232,.F.);
#7434 = ORIENTED_EDGE('',*,*,#7193,.F.);
#7435 = ORIENTED_EDGE('',*,*,#7436,.T.);
#7436 = EDGE_CURVE('',#7186,#7272,#7437,.T.);
#7437 = LINE('',#7438,#7439);
#7438 = CARTESIAN_POINT('',(0.35,0.38,0.166666666667));
#7439 = VECTOR('',#7440,1.);
#7440 = DIRECTION('',(9.856383386232E-17,1.,-0.));
#7441 = PLANE('',#7442);
#7442 = AXIS2_PLACEMENT_3D('',#7443,#7444,#7445);
#7443 = CARTESIAN_POINT('',(0.25,0.38,0.166666666667));
#7444 = DIRECTION('',(-5.421010862428E-16,5.343156140101E-32,-1.));
#7445 = DIRECTION('',(-1.,0.,5.421010862428E-16));
#7446 = ADVANCED_FACE('',(#7447),#7453,.F.);
#7447 = FACE_BOUND('',#7448,.T.);
#7448 = EDGE_LOOP('',(#7449,#7450,#7451,#7452));
#7449 = ORIENTED_EDGE('',*,*,#7279,.T.);
#7450 = ORIENTED_EDGE('',*,*,#7436,.F.);
#7451 = ORIENTED_EDGE('',*,*,#7185,.F.);
#7452 = ORIENTED_EDGE('',*,*,#7363,.T.);
#7453 = PLANE('',#7454);
#7454 = AXIS2_PLACEMENT_3D('',#7455,#7456,#7457);
#7455 = CARTESIAN_POINT('',(0.35,0.38,0.25));
#7456 = DIRECTION('',(1.,-9.856383386232E-17,0.));
#7457 = DIRECTION('',(9.856383386232E-17,1.,0.));
#7458 = ( GEOMETRIC_REPRESENTATION_CONTEXT(3) 
GLOBAL_UNCERTAINTY_ASSIGNED_CONTEXT((#7462)) 
GLOBAL_UNIT_ASSIGNED_CONTEXT((#7459,#7460,#7461)) REPRESENTATION_CONTEXT
('Context #1','3D Context with UNIT and UNCERTAINTY') );
#7459 = ( LENGTH_UNIT() NAMED_UNIT(*) SI_UNIT(.MILLI.,.METRE.) );
#7460 = ( NAMED_UNIT(*) PLANE_ANGLE_UNIT() SI_UNIT($,.RADIAN.) );
#7461 = ( NAMED_UNIT(*) SI_UNIT($,.STERADIAN.) SOLID_ANGLE_UNIT() );
#7462 = UNCERTAINTY_MEASURE_WITH_UNIT(LENGTH_MEASURE(1.E-07),#7459,
  'distance_accuracy_value','confusion accuracy');
#7463 = CONTEXT_DEPENDENT_SHAPE_REPRESENTATION(#7464,#7466);
#7464 = ( REPRESENTATION_RELATIONSHIP('','',#6329,#6306) 
REPRESENTATION_RELATIONSHIP_WITH_TRANSFORMATION(#7465) 
SHAPE_REPRESENTATION_RELATIONSHIP() );
#7465 = ITEM_DEFINED_TRANSFORMATION('','',#11,#6307);
#7466 = PRODUCT_DEFINITION_SHAPE('Placement','Placement of an item',
  #7467);
#7467 = NEXT_ASSEMBLY_USAGE_OCCURRENCE('7','=>[0:1:1:9]','',#6301,#6324,
  $);
#7468 = PRODUCT_RELATED_PRODUCT_CATEGORY('part',$,(#6326));
#7469 = SHAPE_DEFINITION_REPRESENTATION(#7470,#7476);
#7470 = PRODUCT_DEFINITION_SHAPE('','',#7471);
#7471 = PRODUCT_DEFINITION('design','',#7472,#7475);
#7472 = PRODUCT_DEFINITION_FORMATION('','',#7473);
#7473 = PRODUCT('0402LED','0402LED','',(#7474));
#7474 = PRODUCT_CONTEXT('',#2,'mechanical');
#7475 = PRODUCT_DEFINITION_CONTEXT('part definition',#2,'design');
#7476 = SHAPE_REPRESENTATION('',(#11,#7477),#7481);
#7477 = AXIS2_PLACEMENT_3D('',#7478,#7479,#7480);
#7478 = CARTESIAN_POINT('',(0.,0.,0.));
#7479 = DIRECTION('',(0.,0.,1.));
#7480 = DIRECTION('',(1.,0.,-0.));
#7481 = ( GEOMETRIC_REPRESENTATION_CONTEXT(3) 
GLOBAL_UNCERTAINTY_ASSIGNED_CONTEXT((#7485)) 
GLOBAL_UNIT_ASSIGNED_CONTEXT((#7482,#7483,#7484)) REPRESENTATION_CONTEXT
('Context #1','3D Context with UNIT and UNCERTAINTY') );
#7482 = ( LENGTH_UNIT() NAMED_UNIT(*) SI_UNIT(.MILLI.,.METRE.) );
#7483 = ( NAMED_UNIT(*) PLANE_ANGLE_UNIT() SI_UNIT($,.RADIAN.) );
#7484 = ( NAMED_UNIT(*) SI_UNIT($,.STERADIAN.) SOLID_ANGLE_UNIT() );
#7485 = UNCERTAINTY_MEASURE_WITH_UNIT(LENGTH_MEASURE(1.E-07),#7482,
  'distance_accuracy_value','confusion accuracy');
#7486 = CONTEXT_DEPENDENT_SHAPE_REPRESENTATION(#7487,#7489);
#7487 = ( REPRESENTATION_RELATIONSHIP('','',#7476,#10) 
REPRESENTATION_RELATIONSHIP_WITH_TRANSFORMATION(#7488) 
SHAPE_REPRESENTATION_RELATIONSHIP() );
#7488 = ITEM_DEFINED_TRANSFORMATION('','',#11,#31);
#7489 = PRODUCT_DEFINITION_SHAPE('Placement','Placement of an item',
  #7490);
#7490 = NEXT_ASSEMBLY_USAGE_OCCURRENCE('10','D1','',#5,#7471,$);
#7491 = PRODUCT_RELATED_PRODUCT_CATEGORY('part',$,(#7473));
#7492 = SHAPE_DEFINITION_REPRESENTATION(#7493,#7499);
#7493 = PRODUCT_DEFINITION_SHAPE('','',#7494);
#7494 = PRODUCT_DEFINITION('design','',#7495,#7498);
#7495 = PRODUCT_DEFINITION_FORMATION('','',#7496);
#7496 = PRODUCT('SML-P11MTT86','SML-P11MTT86','',(#7497));
#7497 = PRODUCT_CONTEXT('',#2,'mechanical');
#7498 = PRODUCT_DEFINITION_CONTEXT('part definition',#2,'design');
#7499 = SHAPE_REPRESENTATION('',(#11,#7500,#7654,#7808,#8090,#8846,#9571
    ,#10296),#10446);
#7500 = MANIFOLD_SOLID_BREP('',#7501);
#7501 = CLOSED_SHELL('',(#7502,#7542,#7575,#7608,#7625,#7642));
#7502 = ADVANCED_FACE('',(#7503),#7537,.F.);
#7503 = FACE_BOUND('',#7504,.T.);
#7504 = EDGE_LOOP('',(#7505,#7515,#7523,#7531));
#7505 = ORIENTED_EDGE('',*,*,#7506,.T.);
#7506 = EDGE_CURVE('',#7507,#7509,#7511,.T.);
#7507 = VERTEX_POINT('',#7508);
#7508 = CARTESIAN_POINT('',(-0.5,-3.E-02,-0.11));
#7509 = VERTEX_POINT('',#7510);
#7510 = CARTESIAN_POINT('',(-0.5,-3.E-02,0.11));
#7511 = LINE('',#7512,#7513);
#7512 = CARTESIAN_POINT('',(-0.5,-3.E-02,0.3));
#7513 = VECTOR('',#7514,1.);
#7514 = DIRECTION('',(-0.,-0.,1.));
#7515 = ORIENTED_EDGE('',*,*,#7516,.T.);
#7516 = EDGE_CURVE('',#7509,#7517,#7519,.T.);
#7517 = VERTEX_POINT('',#7518);
#7518 = CARTESIAN_POINT('',(-0.5,3.E-02,0.11));
#7519 = LINE('',#7520,#7521);
#7520 = CARTESIAN_POINT('',(-0.5,-1.,0.11));
#7521 = VECTOR('',#7522,1.);
#7522 = DIRECTION('',(-0.,1.,-0.));
#7523 = ORIENTED_EDGE('',*,*,#7524,.F.);
#7524 = EDGE_CURVE('',#7525,#7517,#7527,.T.);
#7525 = VERTEX_POINT('',#7526);
#7526 = CARTESIAN_POINT('',(-0.5,3.E-02,-0.11));
#7527 = LINE('',#7528,#7529);
#7528 = CARTESIAN_POINT('',(-0.5,3.E-02,0.3));
#7529 = VECTOR('',#7530,1.);
#7530 = DIRECTION('',(-0.,-0.,1.));
#7531 = ORIENTED_EDGE('',*,*,#7532,.F.);
#7532 = EDGE_CURVE('',#7507,#7525,#7533,.T.);
#7533 = LINE('',#7534,#7535);
#7534 = CARTESIAN_POINT('',(-0.5,-1.,-0.11));
#7535 = VECTOR('',#7536,1.);
#7536 = DIRECTION('',(-0.,1.,-0.));
#7537 = PLANE('',#7538);
#7538 = AXIS2_PLACEMENT_3D('',#7539,#7540,#7541);
#7539 = CARTESIAN_POINT('',(-0.5,3.E-02,0.3));
#7540 = DIRECTION('',(1.,-0.,0.));
#7541 = DIRECTION('',(0.,0.,-1.));
#7542 = ADVANCED_FACE('',(#7543),#7570,.T.);
#7543 = FACE_BOUND('',#7544,.T.);
#7544 = EDGE_LOOP('',(#7545,#7554,#7562,#7569));
#7545 = ORIENTED_EDGE('',*,*,#7546,.F.);
#7546 = EDGE_CURVE('',#7547,#7517,#7549,.T.);
#7547 = VERTEX_POINT('',#7548);
#7548 = CARTESIAN_POINT('',(-0.46,3.E-02,0.11425824379));
#7549 = CIRCLE('',#7550,0.19);
#7550 = AXIS2_PLACEMENT_3D('',#7551,#7552,#7553);
#7551 = CARTESIAN_POINT('',(-0.5,3.E-02,0.3));
#7552 = DIRECTION('',(0.,1.,0.));
#7553 = DIRECTION('',(0.,-0.,1.));
#7554 = ORIENTED_EDGE('',*,*,#7555,.F.);
#7555 = EDGE_CURVE('',#7556,#7547,#7558,.T.);
#7556 = VERTEX_POINT('',#7557);
#7557 = CARTESIAN_POINT('',(-0.46,3.E-02,-0.11425824379));
#7558 = LINE('',#7559,#7560);
#7559 = CARTESIAN_POINT('',(-0.46,3.E-02,0.));
#7560 = VECTOR('',#7561,1.);
#7561 = DIRECTION('',(0.,-0.,1.));
#7562 = ORIENTED_EDGE('',*,*,#7563,.T.);
#7563 = EDGE_CURVE('',#7556,#7525,#7564,.T.);
#7564 = CIRCLE('',#7565,0.19);
#7565 = AXIS2_PLACEMENT_3D('',#7566,#7567,#7568);
#7566 = CARTESIAN_POINT('',(-0.5,3.E-02,-0.3));
#7567 = DIRECTION('',(-0.,-1.,0.));
#7568 = DIRECTION('',(9.130123557773E-15,-0.,1.));
#7569 = ORIENTED_EDGE('',*,*,#7524,.T.);
#7570 = PLANE('',#7571);
#7571 = AXIS2_PLACEMENT_3D('',#7572,#7573,#7574);
#7572 = CARTESIAN_POINT('',(0.,3.E-02,0.));
#7573 = DIRECTION('',(0.,1.,0.));
#7574 = DIRECTION('',(0.,-0.,1.));
#7575 = ADVANCED_FACE('',(#7576),#7603,.F.);
#7576 = FACE_BOUND('',#7577,.T.);
#7577 = EDGE_LOOP('',(#7578,#7588,#7595,#7596));
#7578 = ORIENTED_EDGE('',*,*,#7579,.T.);
#7579 = EDGE_CURVE('',#7580,#7582,#7584,.T.);
#7580 = VERTEX_POINT('',#7581);
#7581 = CARTESIAN_POINT('',(-0.46,-3.E-02,-0.11425824379));
#7582 = VERTEX_POINT('',#7583);
#7583 = CARTESIAN_POINT('',(-0.46,-3.E-02,0.11425824379));
#7584 = LINE('',#7585,#7586);
#7585 = CARTESIAN_POINT('',(-0.46,-3.E-02,0.));
#7586 = VECTOR('',#7587,1.);
#7587 = DIRECTION('',(0.,-0.,1.));
#7588 = ORIENTED_EDGE('',*,*,#7589,.T.);
#7589 = EDGE_CURVE('',#7582,#7509,#7590,.T.);
#7590 = CIRCLE('',#7591,0.19);
#7591 = AXIS2_PLACEMENT_3D('',#7592,#7593,#7594);
#7592 = CARTESIAN_POINT('',(-0.5,-3.E-02,0.3));
#7593 = DIRECTION('',(0.,1.,0.));
#7594 = DIRECTION('',(0.,-0.,1.));
#7595 = ORIENTED_EDGE('',*,*,#7506,.F.);
#7596 = ORIENTED_EDGE('',*,*,#7597,.F.);
#7597 = EDGE_CURVE('',#7580,#7507,#7598,.T.);
#7598 = CIRCLE('',#7599,0.19);
#7599 = AXIS2_PLACEMENT_3D('',#7600,#7601,#7602);
#7600 = CARTESIAN_POINT('',(-0.5,-3.E-02,-0.3));
#7601 = DIRECTION('',(-0.,-1.,0.));
#7602 = DIRECTION('',(9.700756280133E-15,-0.,1.));
#7603 = PLANE('',#7604);
#7604 = AXIS2_PLACEMENT_3D('',#7605,#7606,#7607);
#7605 = CARTESIAN_POINT('',(0.,-3.E-02,0.));
#7606 = DIRECTION('',(0.,1.,0.));
#7607 = DIRECTION('',(0.,-0.,1.));
#7608 = ADVANCED_FACE('',(#7609),#7620,.F.);
#7609 = FACE_BOUND('',#7610,.F.);
#7610 = EDGE_LOOP('',(#7611,#7612,#7613,#7614));
#7611 = ORIENTED_EDGE('',*,*,#7563,.T.);
#7612 = ORIENTED_EDGE('',*,*,#7532,.F.);
#7613 = ORIENTED_EDGE('',*,*,#7597,.F.);
#7614 = ORIENTED_EDGE('',*,*,#7615,.T.);
#7615 = EDGE_CURVE('',#7580,#7556,#7616,.T.);
#7616 = LINE('',#7617,#7618);
#7617 = CARTESIAN_POINT('',(-0.46,-1.,-0.11425824379));
#7618 = VECTOR('',#7619,1.);
#7619 = DIRECTION('',(-0.,1.,-0.));
#7620 = CYLINDRICAL_SURFACE('',#7621,0.19);
#7621 = AXIS2_PLACEMENT_3D('',#7622,#7623,#7624);
#7622 = CARTESIAN_POINT('',(-0.5,-1.,-0.3));
#7623 = DIRECTION('',(-0.,1.,-0.));
#7624 = DIRECTION('',(0.,0.,1.));
#7625 = ADVANCED_FACE('',(#7626),#7637,.F.);
#7626 = FACE_BOUND('',#7627,.T.);
#7627 = EDGE_LOOP('',(#7628,#7629,#7635,#7636));
#7628 = ORIENTED_EDGE('',*,*,#7555,.T.);
#7629 = ORIENTED_EDGE('',*,*,#7630,.F.);
#7630 = EDGE_CURVE('',#7582,#7547,#7631,.T.);
#7631 = LINE('',#7632,#7633);
#7632 = CARTESIAN_POINT('',(-0.46,-1.,0.11425824379));
#7633 = VECTOR('',#7634,1.);
#7634 = DIRECTION('',(-0.,1.,-0.));
#7635 = ORIENTED_EDGE('',*,*,#7579,.F.);
#7636 = ORIENTED_EDGE('',*,*,#7615,.T.);
#7637 = PLANE('',#7638);
#7638 = AXIS2_PLACEMENT_3D('',#7639,#7640,#7641);
#7639 = CARTESIAN_POINT('',(-0.46,-1.,0.));
#7640 = DIRECTION('',(-1.,0.,0.));
#7641 = DIRECTION('',(0.,0.,1.));
#7642 = ADVANCED_FACE('',(#7643),#7649,.F.);
#7643 = FACE_BOUND('',#7644,.F.);
#7644 = EDGE_LOOP('',(#7645,#7646,#7647,#7648));
#7645 = ORIENTED_EDGE('',*,*,#7630,.F.);
#7646 = ORIENTED_EDGE('',*,*,#7589,.T.);
#7647 = ORIENTED_EDGE('',*,*,#7516,.T.);
#7648 = ORIENTED_EDGE('',*,*,#7546,.F.);
#7649 = CYLINDRICAL_SURFACE('',#7650,0.19);
#7650 = AXIS2_PLACEMENT_3D('',#7651,#7652,#7653);
#7651 = CARTESIAN_POINT('',(-0.5,-1.,0.3));
#7652 = DIRECTION('',(-0.,1.,-0.));
#7653 = DIRECTION('',(0.,0.,1.));
#7654 = MANIFOLD_SOLID_BREP('',#7655);
#7655 = CLOSED_SHELL('',(#7656,#7698,#7740,#7762,#7779,#7796));
#7656 = ADVANCED_FACE('',(#7657),#7693,.T.);
#7657 = FACE_BOUND('',#7658,.T.);
#7658 = EDGE_LOOP('',(#7659,#7670,#7678,#7687));
#7659 = ORIENTED_EDGE('',*,*,#7660,.F.);
#7660 = EDGE_CURVE('',#7661,#7663,#7665,.T.);
#7661 = VERTEX_POINT('',#7662);
#7662 = CARTESIAN_POINT('',(0.46,3.E-02,-0.11425824379));
#7663 = VERTEX_POINT('',#7664);
#7664 = CARTESIAN_POINT('',(0.5,3.E-02,-0.11));
#7665 = CIRCLE('',#7666,0.19);
#7666 = AXIS2_PLACEMENT_3D('',#7667,#7668,#7669);
#7667 = CARTESIAN_POINT('',(0.5,3.E-02,-0.3));
#7668 = DIRECTION('',(0.,1.,0.));
#7669 = DIRECTION('',(0.,-0.,1.));
#7670 = ORIENTED_EDGE('',*,*,#7671,.T.);
#7671 = EDGE_CURVE('',#7661,#7672,#7674,.T.);
#7672 = VERTEX_POINT('',#7673);
#7673 = CARTESIAN_POINT('',(0.46,3.E-02,0.11425824379));
#7674 = LINE('',#7675,#7676);
#7675 = CARTESIAN_POINT('',(0.46,3.E-02,0.));
#7676 = VECTOR('',#7677,1.);
#7677 = DIRECTION('',(0.,-0.,1.));
#7678 = ORIENTED_EDGE('',*,*,#7679,.T.);
#7679 = EDGE_CURVE('',#7672,#7680,#7682,.T.);
#7680 = VERTEX_POINT('',#7681);
#7681 = CARTESIAN_POINT('',(0.5,3.E-02,0.11));
#7682 = CIRCLE('',#7683,0.19);
#7683 = AXIS2_PLACEMENT_3D('',#7684,#7685,#7686);
#7684 = CARTESIAN_POINT('',(0.5,3.E-02,0.3));
#7685 = DIRECTION('',(-0.,-1.,0.));
#7686 = DIRECTION('',(6.84759266833E-15,-0.,1.));
#7687 = ORIENTED_EDGE('',*,*,#7688,.T.);
#7688 = EDGE_CURVE('',#7680,#7663,#7689,.T.);
#7689 = LINE('',#7690,#7691);
#7690 = CARTESIAN_POINT('',(0.5,3.E-02,0.3));
#7691 = VECTOR('',#7692,1.);
#7692 = DIRECTION('',(0.,0.,-1.));
#7693 = PLANE('',#7694);
#7694 = AXIS2_PLACEMENT_3D('',#7695,#7696,#7697);
#7695 = CARTESIAN_POINT('',(0.,3.E-02,0.));
#7696 = DIRECTION('',(0.,1.,0.));
#7697 = DIRECTION('',(0.,-0.,1.));
#7698 = ADVANCED_FACE('',(#7699),#7735,.F.);
#7699 = FACE_BOUND('',#7700,.T.);
#7700 = EDGE_LOOP('',(#7701,#7711,#7720,#7728));
#7701 = ORIENTED_EDGE('',*,*,#7702,.F.);
#7702 = EDGE_CURVE('',#7703,#7705,#7707,.T.);
#7703 = VERTEX_POINT('',#7704);
#7704 = CARTESIAN_POINT('',(0.46,-3.E-02,-0.11425824379));
#7705 = VERTEX_POINT('',#7706);
#7706 = CARTESIAN_POINT('',(0.46,-3.E-02,0.11425824379));
#7707 = LINE('',#7708,#7709);
#7708 = CARTESIAN_POINT('',(0.46,-3.E-02,0.));
#7709 = VECTOR('',#7710,1.);
#7710 = DIRECTION('',(0.,-0.,1.));
#7711 = ORIENTED_EDGE('',*,*,#7712,.T.);
#7712 = EDGE_CURVE('',#7703,#7713,#7715,.T.);
#7713 = VERTEX_POINT('',#7714);
#7714 = CARTESIAN_POINT('',(0.5,-3.E-02,-0.11));
#7715 = CIRCLE('',#7716,0.19);
#7716 = AXIS2_PLACEMENT_3D('',#7717,#7718,#7719);
#7717 = CARTESIAN_POINT('',(0.5,-3.E-02,-0.3));
#7718 = DIRECTION('',(0.,1.,0.));
#7719 = DIRECTION('',(0.,-0.,1.));
#7720 = ORIENTED_EDGE('',*,*,#7721,.F.);
#7721 = EDGE_CURVE('',#7722,#7713,#7724,.T.);
#7722 = VERTEX_POINT('',#7723);
#7723 = CARTESIAN_POINT('',(0.5,-3.E-02,0.11));
#7724 = LINE('',#7725,#7726);
#7725 = CARTESIAN_POINT('',(0.5,-3.E-02,0.3));
#7726 = VECTOR('',#7727,1.);
#7727 = DIRECTION('',(0.,0.,-1.));
#7728 = ORIENTED_EDGE('',*,*,#7729,.F.);
#7729 = EDGE_CURVE('',#7705,#7722,#7730,.T.);
#7730 = CIRCLE('',#7731,0.19);
#7731 = AXIS2_PLACEMENT_3D('',#7732,#7733,#7734);
#7732 = CARTESIAN_POINT('',(0.5,-3.E-02,0.3));
#7733 = DIRECTION('',(-0.,-1.,0.));
#7734 = DIRECTION('',(6.84759266833E-15,-0.,1.));
#7735 = PLANE('',#7736);
#7736 = AXIS2_PLACEMENT_3D('',#7737,#7738,#7739);
#7737 = CARTESIAN_POINT('',(0.,-3.E-02,0.));
#7738 = DIRECTION('',(0.,1.,0.));
#7739 = DIRECTION('',(0.,-0.,1.));
#7740 = ADVANCED_FACE('',(#7741),#7757,.F.);
#7741 = FACE_BOUND('',#7742,.T.);
#7742 = EDGE_LOOP('',(#7743,#7744,#7750,#7751));
#7743 = ORIENTED_EDGE('',*,*,#7721,.T.);
#7744 = ORIENTED_EDGE('',*,*,#7745,.T.);
#7745 = EDGE_CURVE('',#7713,#7663,#7746,.T.);
#7746 = LINE('',#7747,#7748);
#7747 = CARTESIAN_POINT('',(0.5,-1.,-0.11));
#7748 = VECTOR('',#7749,1.);
#7749 = DIRECTION('',(-0.,1.,-0.));
#7750 = ORIENTED_EDGE('',*,*,#7688,.F.);
#7751 = ORIENTED_EDGE('',*,*,#7752,.F.);
#7752 = EDGE_CURVE('',#7722,#7680,#7753,.T.);
#7753 = LINE('',#7754,#7755);
#7754 = CARTESIAN_POINT('',(0.5,-1.,0.11));
#7755 = VECTOR('',#7756,1.);
#7756 = DIRECTION('',(-0.,1.,-0.));
#7757 = PLANE('',#7758);
#7758 = AXIS2_PLACEMENT_3D('',#7759,#7760,#7761);
#7759 = CARTESIAN_POINT('',(0.5,3.E-02,0.3));
#7760 = DIRECTION('',(-1.,0.,0.));
#7761 = DIRECTION('',(0.,0.,1.));
#7762 = ADVANCED_FACE('',(#7763),#7774,.F.);
#7763 = FACE_BOUND('',#7764,.F.);
#7764 = EDGE_LOOP('',(#7765,#7766,#7767,#7768));
#7765 = ORIENTED_EDGE('',*,*,#7679,.T.);
#7766 = ORIENTED_EDGE('',*,*,#7752,.F.);
#7767 = ORIENTED_EDGE('',*,*,#7729,.F.);
#7768 = ORIENTED_EDGE('',*,*,#7769,.T.);
#7769 = EDGE_CURVE('',#7705,#7672,#7770,.T.);
#7770 = LINE('',#7771,#7772);
#7771 = CARTESIAN_POINT('',(0.46,-1.,0.11425824379));
#7772 = VECTOR('',#7773,1.);
#7773 = DIRECTION('',(-0.,1.,-0.));
#7774 = CYLINDRICAL_SURFACE('',#7775,0.19);
#7775 = AXIS2_PLACEMENT_3D('',#7776,#7777,#7778);
#7776 = CARTESIAN_POINT('',(0.5,-1.,0.3));
#7777 = DIRECTION('',(-0.,1.,-0.));
#7778 = DIRECTION('',(0.,0.,1.));
#7779 = ADVANCED_FACE('',(#7780),#7791,.T.);
#7780 = FACE_BOUND('',#7781,.T.);
#7781 = EDGE_LOOP('',(#7782,#7788,#7789,#7790));
#7782 = ORIENTED_EDGE('',*,*,#7783,.F.);
#7783 = EDGE_CURVE('',#7703,#7661,#7784,.T.);
#7784 = LINE('',#7785,#7786);
#7785 = CARTESIAN_POINT('',(0.46,-1.,-0.11425824379));
#7786 = VECTOR('',#7787,1.);
#7787 = DIRECTION('',(-0.,1.,-0.));
#7788 = ORIENTED_EDGE('',*,*,#7702,.T.);
#7789 = ORIENTED_EDGE('',*,*,#7769,.T.);
#7790 = ORIENTED_EDGE('',*,*,#7671,.F.);
#7791 = PLANE('',#7792);
#7792 = AXIS2_PLACEMENT_3D('',#7793,#7794,#7795);
#7793 = CARTESIAN_POINT('',(0.46,-1.,0.));
#7794 = DIRECTION('',(-1.,0.,0.));
#7795 = DIRECTION('',(0.,0.,1.));
#7796 = ADVANCED_FACE('',(#7797),#7803,.F.);
#7797 = FACE_BOUND('',#7798,.F.);
#7798 = EDGE_LOOP('',(#7799,#7800,#7801,#7802));
#7799 = ORIENTED_EDGE('',*,*,#7783,.F.);
#7800 = ORIENTED_EDGE('',*,*,#7712,.T.);
#7801 = ORIENTED_EDGE('',*,*,#7745,.T.);
#7802 = ORIENTED_EDGE('',*,*,#7660,.F.);
#7803 = CYLINDRICAL_SURFACE('',#7804,0.19);
#7804 = AXIS2_PLACEMENT_3D('',#7805,#7806,#7807);
#7805 = CARTESIAN_POINT('',(0.5,-1.,-0.3));
#7806 = DIRECTION('',(-0.,1.,-0.));
#7807 = DIRECTION('',(0.,0.,1.));
#7808 = MANIFOLD_SOLID_BREP('',#7809);
#7809 = CLOSED_SHELL('',(#7810,#7882,#7913,#7937,#7961,#7985,#8009,#8033
    ,#8057,#8074));
#7810 = ADVANCED_FACE('',(#7811),#7877,.F.);
#7811 = FACE_BOUND('',#7812,.T.);
#7812 = EDGE_LOOP('',(#7813,#7823,#7831,#7839,#7847,#7855,#7863,#7871));
#7813 = ORIENTED_EDGE('',*,*,#7814,.F.);
#7814 = EDGE_CURVE('',#7815,#7817,#7819,.T.);
#7815 = VERTEX_POINT('',#7816);
#7816 = CARTESIAN_POINT('',(9.988917069349E-02,-3.E-02,0.3));
#7817 = VERTEX_POINT('',#7818);
#7818 = CARTESIAN_POINT('',(-5.040279255176E-02,-3.E-02,0.3));
#7819 = LINE('',#7820,#7821);
#7820 = CARTESIAN_POINT('',(9.988917069349E-02,-3.E-02,0.3));
#7821 = VECTOR('',#7822,1.);
#7822 = DIRECTION('',(-1.,0.,0.));
#7823 = ORIENTED_EDGE('',*,*,#7824,.F.);
#7824 = EDGE_CURVE('',#7825,#7815,#7827,.T.);
#7825 = VERTEX_POINT('',#7826);
#7826 = CARTESIAN_POINT('',(9.988917069349E-02,-3.E-02,-0.3));
#7827 = LINE('',#7828,#7829);
#7828 = CARTESIAN_POINT('',(9.988917069349E-02,-3.E-02,-0.3));
#7829 = VECTOR('',#7830,1.);
#7830 = DIRECTION('',(0.,0.,1.));
#7831 = ORIENTED_EDGE('',*,*,#7832,.F.);
#7832 = EDGE_CURVE('',#7833,#7825,#7835,.T.);
#7833 = VERTEX_POINT('',#7834);
#7834 = CARTESIAN_POINT('',(-5.040279255176E-02,-3.E-02,-0.3));
#7835 = LINE('',#7836,#7837);
#7836 = CARTESIAN_POINT('',(9.988917069349E-02,-3.E-02,-0.3));
#7837 = VECTOR('',#7838,1.);
#7838 = DIRECTION('',(1.,-0.,-0.));
#7839 = ORIENTED_EDGE('',*,*,#7840,.F.);
#7840 = EDGE_CURVE('',#7841,#7833,#7843,.T.);
#7841 = VERTEX_POINT('',#7842);
#7842 = CARTESIAN_POINT('',(-5.040279255176E-02,-3.E-02,-0.15));
#7843 = LINE('',#7844,#7845);
#7844 = CARTESIAN_POINT('',(-5.040279255176E-02,-3.E-02,-0.3));
#7845 = VECTOR('',#7846,1.);
#7846 = DIRECTION('',(-0.,-0.,-1.));
#7847 = ORIENTED_EDGE('',*,*,#7848,.F.);
#7848 = EDGE_CURVE('',#7849,#7841,#7851,.T.);
#7849 = VERTEX_POINT('',#7850);
#7850 = CARTESIAN_POINT('',(-9.988917069349E-02,-3.E-02,-0.15));
#7851 = LINE('',#7852,#7853);
#7852 = CARTESIAN_POINT('',(-5.040279255176E-02,-3.E-02,-0.15));
#7853 = VECTOR('',#7854,1.);
#7854 = DIRECTION('',(1.,-0.,-0.));
#7855 = ORIENTED_EDGE('',*,*,#7856,.F.);
#7856 = EDGE_CURVE('',#7857,#7849,#7859,.T.);
#7857 = VERTEX_POINT('',#7858);
#7858 = CARTESIAN_POINT('',(-9.988917069349E-02,-3.E-02,0.15));
#7859 = LINE('',#7860,#7861);
#7860 = CARTESIAN_POINT('',(-9.988917069349E-02,-3.E-02,0.15));
#7861 = VECTOR('',#7862,1.);
#7862 = DIRECTION('',(0.,0.,-1.));
#7863 = ORIENTED_EDGE('',*,*,#7864,.F.);
#7864 = EDGE_CURVE('',#7865,#7857,#7867,.T.);
#7865 = VERTEX_POINT('',#7866);
#7866 = CARTESIAN_POINT('',(-5.040279255176E-02,-3.E-02,0.15));
#7867 = LINE('',#7868,#7869);
#7868 = CARTESIAN_POINT('',(-5.040279255176E-02,-3.E-02,0.15));
#7869 = VECTOR('',#7870,1.);
#7870 = DIRECTION('',(-1.,0.,0.));
#7871 = ORIENTED_EDGE('',*,*,#7872,.F.);
#7872 = EDGE_CURVE('',#7817,#7865,#7873,.T.);
#7873 = LINE('',#7874,#7875);
#7874 = CARTESIAN_POINT('',(-5.040279255176E-02,-3.E-02,0.3));
#7875 = VECTOR('',#7876,1.);
#7876 = DIRECTION('',(0.,0.,-1.));
#7877 = PLANE('',#7878);
#7878 = AXIS2_PLACEMENT_3D('',#7879,#7880,#7881);
#7879 = CARTESIAN_POINT('',(0.,-3.E-02,0.));
#7880 = DIRECTION('',(0.,-1.,-0.));
#7881 = DIRECTION('',(0.,0.,-1.));
#7882 = ADVANCED_FACE('',(#7883),#7908,.F.);
#7883 = FACE_BOUND('',#7884,.T.);
#7884 = EDGE_LOOP('',(#7885,#7893,#7901,#7907));
#7885 = ORIENTED_EDGE('',*,*,#7886,.F.);
#7886 = EDGE_CURVE('',#7887,#7815,#7889,.T.);
#7887 = VERTEX_POINT('',#7888);
#7888 = CARTESIAN_POINT('',(9.988917069349E-02,-4.E-02,0.3));
#7889 = LINE('',#7890,#7891);
#7890 = CARTESIAN_POINT('',(9.988917069349E-02,-0.672385472388,0.3));
#7891 = VECTOR('',#7892,1.);
#7892 = DIRECTION('',(-0.,1.,-0.));
#7893 = ORIENTED_EDGE('',*,*,#7894,.T.);
#7894 = EDGE_CURVE('',#7887,#7895,#7897,.T.);
#7895 = VERTEX_POINT('',#7896);
#7896 = CARTESIAN_POINT('',(9.988917069349E-02,-4.E-02,-0.3));
#7897 = LINE('',#7898,#7899);
#7898 = CARTESIAN_POINT('',(9.988917069349E-02,-4.E-02,-0.3));
#7899 = VECTOR('',#7900,1.);
#7900 = DIRECTION('',(0.,0.,-1.));
#7901 = ORIENTED_EDGE('',*,*,#7902,.T.);
#7902 = EDGE_CURVE('',#7895,#7825,#7903,.T.);
#7903 = LINE('',#7904,#7905);
#7904 = CARTESIAN_POINT('',(9.988917069349E-02,-0.672385472388,-0.3));
#7905 = VECTOR('',#7906,1.);
#7906 = DIRECTION('',(-0.,1.,-0.));
#7907 = ORIENTED_EDGE('',*,*,#7824,.T.);
#7908 = PLANE('',#7909);
#7909 = AXIS2_PLACEMENT_3D('',#7910,#7911,#7912);
#7910 = CARTESIAN_POINT('',(9.988917069349E-02,-0.672385472388,-0.3));
#7911 = DIRECTION('',(-1.,0.,0.));
#7912 = DIRECTION('',(0.,0.,1.));
#7913 = ADVANCED_FACE('',(#7914),#7932,.F.);
#7914 = FACE_BOUND('',#7915,.T.);
#7915 = EDGE_LOOP('',(#7916,#7917,#7925,#7931));
#7916 = ORIENTED_EDGE('',*,*,#7902,.F.);
#7917 = ORIENTED_EDGE('',*,*,#7918,.T.);
#7918 = EDGE_CURVE('',#7895,#7919,#7921,.T.);
#7919 = VERTEX_POINT('',#7920);
#7920 = CARTESIAN_POINT('',(-5.040279255176E-02,-4.E-02,-0.3));
#7921 = LINE('',#7922,#7923);
#7922 = CARTESIAN_POINT('',(9.988917069349E-02,-4.E-02,-0.3));
#7923 = VECTOR('',#7924,1.);
#7924 = DIRECTION('',(-1.,0.,0.));
#7925 = ORIENTED_EDGE('',*,*,#7926,.T.);
#7926 = EDGE_CURVE('',#7919,#7833,#7927,.T.);
#7927 = LINE('',#7928,#7929);
#7928 = CARTESIAN_POINT('',(-5.040279255176E-02,-0.672385472388,-0.3));
#7929 = VECTOR('',#7930,1.);
#7930 = DIRECTION('',(-0.,1.,-0.));
#7931 = ORIENTED_EDGE('',*,*,#7832,.T.);
#7932 = PLANE('',#7933);
#7933 = AXIS2_PLACEMENT_3D('',#7934,#7935,#7936);
#7934 = CARTESIAN_POINT('',(9.988917069349E-02,-0.672385472388,-0.3));
#7935 = DIRECTION('',(0.,0.,1.));
#7936 = DIRECTION('',(1.,0.,-0.));
#7937 = ADVANCED_FACE('',(#7938),#7956,.F.);
#7938 = FACE_BOUND('',#7939,.T.);
#7939 = EDGE_LOOP('',(#7940,#7941,#7949,#7955));
#7940 = ORIENTED_EDGE('',*,*,#7926,.F.);
#7941 = ORIENTED_EDGE('',*,*,#7942,.T.);
#7942 = EDGE_CURVE('',#7919,#7943,#7945,.T.);
#7943 = VERTEX_POINT('',#7944);
#7944 = CARTESIAN_POINT('',(-5.040279255176E-02,-4.E-02,-0.15));
#7945 = LINE('',#7946,#7947);
#7946 = CARTESIAN_POINT('',(-5.040279255176E-02,-4.E-02,-0.3));
#7947 = VECTOR('',#7948,1.);
#7948 = DIRECTION('',(0.,-0.,1.));
#7949 = ORIENTED_EDGE('',*,*,#7950,.T.);
#7950 = EDGE_CURVE('',#7943,#7841,#7951,.T.);
#7951 = LINE('',#7952,#7953);
#7952 = CARTESIAN_POINT('',(-5.040279255176E-02,-0.672385472388,-0.15));
#7953 = VECTOR('',#7954,1.);
#7954 = DIRECTION('',(-0.,1.,-0.));
#7955 = ORIENTED_EDGE('',*,*,#7840,.T.);
#7956 = PLANE('',#7957);
#7957 = AXIS2_PLACEMENT_3D('',#7958,#7959,#7960);
#7958 = CARTESIAN_POINT('',(-5.040279255176E-02,-0.672385472388,-0.3));
#7959 = DIRECTION('',(1.,0.,-0.));
#7960 = DIRECTION('',(-0.,0.,-1.));
#7961 = ADVANCED_FACE('',(#7962),#7980,.F.);
#7962 = FACE_BOUND('',#7963,.T.);
#7963 = EDGE_LOOP('',(#7964,#7965,#7973,#7979));
#7964 = ORIENTED_EDGE('',*,*,#7950,.F.);
#7965 = ORIENTED_EDGE('',*,*,#7966,.T.);
#7966 = EDGE_CURVE('',#7943,#7967,#7969,.T.);
#7967 = VERTEX_POINT('',#7968);
#7968 = CARTESIAN_POINT('',(-9.988917069349E-02,-4.E-02,-0.15));
#7969 = LINE('',#7970,#7971);
#7970 = CARTESIAN_POINT('',(-5.040279255176E-02,-4.E-02,-0.15));
#7971 = VECTOR('',#7972,1.);
#7972 = DIRECTION('',(-1.,0.,0.));
#7973 = ORIENTED_EDGE('',*,*,#7974,.T.);
#7974 = EDGE_CURVE('',#7967,#7849,#7975,.T.);
#7975 = LINE('',#7976,#7977);
#7976 = CARTESIAN_POINT('',(-9.988917069349E-02,-0.672385472388,-0.15));
#7977 = VECTOR('',#7978,1.);
#7978 = DIRECTION('',(-0.,1.,-0.));
#7979 = ORIENTED_EDGE('',*,*,#7848,.T.);
#7980 = PLANE('',#7981);
#7981 = AXIS2_PLACEMENT_3D('',#7982,#7983,#7984);
#7982 = CARTESIAN_POINT('',(-5.040279255176E-02,-0.672385472388,-0.15));
#7983 = DIRECTION('',(0.,0.,1.));
#7984 = DIRECTION('',(1.,0.,-0.));
#7985 = ADVANCED_FACE('',(#7986),#8004,.F.);
#7986 = FACE_BOUND('',#7987,.T.);
#7987 = EDGE_LOOP('',(#7988,#7989,#7997,#8003));
#7988 = ORIENTED_EDGE('',*,*,#7974,.F.);
#7989 = ORIENTED_EDGE('',*,*,#7990,.T.);
#7990 = EDGE_CURVE('',#7967,#7991,#7993,.T.);
#7991 = VERTEX_POINT('',#7992);
#7992 = CARTESIAN_POINT('',(-9.988917069349E-02,-4.E-02,0.15));
#7993 = LINE('',#7994,#7995);
#7994 = CARTESIAN_POINT('',(-9.988917069349E-02,-4.E-02,0.15));
#7995 = VECTOR('',#7996,1.);
#7996 = DIRECTION('',(0.,0.,1.));
#7997 = ORIENTED_EDGE('',*,*,#7998,.T.);
#7998 = EDGE_CURVE('',#7991,#7857,#7999,.T.);
#7999 = LINE('',#8000,#8001);
#8000 = CARTESIAN_POINT('',(-9.988917069349E-02,-0.672385472388,0.15));
#8001 = VECTOR('',#8002,1.);
#8002 = DIRECTION('',(-0.,1.,-0.));
#8003 = ORIENTED_EDGE('',*,*,#7856,.T.);
#8004 = PLANE('',#8005);
#8005 = AXIS2_PLACEMENT_3D('',#8006,#8007,#8008);
#8006 = CARTESIAN_POINT('',(-9.988917069349E-02,-0.672385472388,0.15));
#8007 = DIRECTION('',(1.,0.,0.));
#8008 = DIRECTION('',(0.,0.,-1.));
#8009 = ADVANCED_FACE('',(#8010),#8028,.F.);
#8010 = FACE_BOUND('',#8011,.T.);
#8011 = EDGE_LOOP('',(#8012,#8013,#8021,#8027));
#8012 = ORIENTED_EDGE('',*,*,#7998,.F.);
#8013 = ORIENTED_EDGE('',*,*,#8014,.T.);
#8014 = EDGE_CURVE('',#7991,#8015,#8017,.T.);
#8015 = VERTEX_POINT('',#8016);
#8016 = CARTESIAN_POINT('',(-5.040279255176E-02,-4.E-02,0.15));
#8017 = LINE('',#8018,#8019);
#8018 = CARTESIAN_POINT('',(-5.040279255176E-02,-4.E-02,0.15));
#8019 = VECTOR('',#8020,1.);
#8020 = DIRECTION('',(1.,0.,0.));
#8021 = ORIENTED_EDGE('',*,*,#8022,.T.);
#8022 = EDGE_CURVE('',#8015,#7865,#8023,.T.);
#8023 = LINE('',#8024,#8025);
#8024 = CARTESIAN_POINT('',(-5.040279255176E-02,-0.672385472388,0.15));
#8025 = VECTOR('',#8026,1.);
#8026 = DIRECTION('',(-0.,1.,-0.));
#8027 = ORIENTED_EDGE('',*,*,#7864,.T.);
#8028 = PLANE('',#8029);
#8029 = AXIS2_PLACEMENT_3D('',#8030,#8031,#8032);
#8030 = CARTESIAN_POINT('',(-5.040279255176E-02,-0.672385472388,0.15));
#8031 = DIRECTION('',(-0.,0.,-1.));
#8032 = DIRECTION('',(-1.,0.,0.));
#8033 = ADVANCED_FACE('',(#8034),#8052,.F.);
#8034 = FACE_BOUND('',#8035,.T.);
#8035 = EDGE_LOOP('',(#8036,#8037,#8045,#8051));
#8036 = ORIENTED_EDGE('',*,*,#8022,.F.);
#8037 = ORIENTED_EDGE('',*,*,#8038,.T.);
#8038 = EDGE_CURVE('',#8015,#8039,#8041,.T.);
#8039 = VERTEX_POINT('',#8040);
#8040 = CARTESIAN_POINT('',(-5.040279255176E-02,-4.E-02,0.3));
#8041 = LINE('',#8042,#8043);
#8042 = CARTESIAN_POINT('',(-5.040279255176E-02,-4.E-02,0.3));
#8043 = VECTOR('',#8044,1.);
#8044 = DIRECTION('',(0.,0.,1.));
#8045 = ORIENTED_EDGE('',*,*,#8046,.T.);
#8046 = EDGE_CURVE('',#8039,#7817,#8047,.T.);
#8047 = LINE('',#8048,#8049);
#8048 = CARTESIAN_POINT('',(-5.040279255176E-02,-0.672385472388,0.3));
#8049 = VECTOR('',#8050,1.);
#8050 = DIRECTION('',(-0.,1.,-0.));
#8051 = ORIENTED_EDGE('',*,*,#7872,.T.);
#8052 = PLANE('',#8053);
#8053 = AXIS2_PLACEMENT_3D('',#8054,#8055,#8056);
#8054 = CARTESIAN_POINT('',(-5.040279255176E-02,-0.672385472388,0.3));
#8055 = DIRECTION('',(1.,0.,0.));
#8056 = DIRECTION('',(0.,0.,-1.));
#8057 = ADVANCED_FACE('',(#8058),#8069,.F.);
#8058 = FACE_BOUND('',#8059,.T.);
#8059 = EDGE_LOOP('',(#8060,#8061,#8067,#8068));
#8060 = ORIENTED_EDGE('',*,*,#8046,.F.);
#8061 = ORIENTED_EDGE('',*,*,#8062,.T.);
#8062 = EDGE_CURVE('',#8039,#7887,#8063,.T.);
#8063 = LINE('',#8064,#8065);
#8064 = CARTESIAN_POINT('',(9.988917069349E-02,-4.E-02,0.3));
#8065 = VECTOR('',#8066,1.);
#8066 = DIRECTION('',(1.,0.,0.));
#8067 = ORIENTED_EDGE('',*,*,#7886,.T.);
#8068 = ORIENTED_EDGE('',*,*,#7814,.T.);
#8069 = PLANE('',#8070);
#8070 = AXIS2_PLACEMENT_3D('',#8071,#8072,#8073);
#8071 = CARTESIAN_POINT('',(9.988917069349E-02,-0.672385472388,0.3));
#8072 = DIRECTION('',(-0.,0.,-1.));
#8073 = DIRECTION('',(-1.,0.,0.));
#8074 = ADVANCED_FACE('',(#8075),#8085,.F.);
#8075 = FACE_BOUND('',#8076,.T.);
#8076 = EDGE_LOOP('',(#8077,#8078,#8079,#8080,#8081,#8082,#8083,#8084));
#8077 = ORIENTED_EDGE('',*,*,#8038,.F.);
#8078 = ORIENTED_EDGE('',*,*,#8014,.F.);
#8079 = ORIENTED_EDGE('',*,*,#7990,.F.);
#8080 = ORIENTED_EDGE('',*,*,#7966,.F.);
#8081 = ORIENTED_EDGE('',*,*,#7942,.F.);
#8082 = ORIENTED_EDGE('',*,*,#7918,.F.);
#8083 = ORIENTED_EDGE('',*,*,#7894,.F.);
#8084 = ORIENTED_EDGE('',*,*,#8062,.F.);
#8085 = PLANE('',#8086);
#8086 = AXIS2_PLACEMENT_3D('',#8087,#8088,#8089);
#8087 = CARTESIAN_POINT('',(-0.5,-4.E-02,-0.3));
#8088 = DIRECTION('',(0.,1.,0.));
#8089 = DIRECTION('',(0.,-0.,1.));
#8090 = MANIFOLD_SOLID_BREP('',#8091);
#8091 = CLOSED_SHELL('',(#8092,#8164,#8195,#8226,#8298,#8329,#8360,#8422
    ,#8528,#8550,#8572,#8599,#8626,#8653,#8680,#8697,#8709,#8733,#8750,
    #8763,#8780,#8792,#8816,#8833));
#8092 = ADVANCED_FACE('',(#8093),#8159,.T.);
#8093 = FACE_BOUND('',#8094,.T.);
#8094 = EDGE_LOOP('',(#8095,#8105,#8113,#8121,#8129,#8137,#8145,#8153));
#8095 = ORIENTED_EDGE('',*,*,#8096,.T.);
#8096 = EDGE_CURVE('',#8097,#8099,#8101,.T.);
#8097 = VERTEX_POINT('',#8098);
#8098 = CARTESIAN_POINT('',(0.2,2.E-02,-0.26));
#8099 = VERTEX_POINT('',#8100);
#8100 = CARTESIAN_POINT('',(0.2,2.E-02,0.186457606376));
#8101 = LINE('',#8102,#8103);
#8102 = CARTESIAN_POINT('',(0.2,2.E-02,-0.26));
#8103 = VECTOR('',#8104,1.);
#8104 = DIRECTION('',(0.,0.,1.));
#8105 = ORIENTED_EDGE('',*,*,#8106,.F.);
#8106 = EDGE_CURVE('',#8107,#8099,#8109,.T.);
#8107 = VERTEX_POINT('',#8108);
#8108 = CARTESIAN_POINT('',(0.2,3.E-02,0.186457606376));
#8109 = LINE('',#8110,#8111);
#8110 = CARTESIAN_POINT('',(0.2,0.49789739451,0.186457606376));
#8111 = VECTOR('',#8112,1.);
#8112 = DIRECTION('',(-0.,-1.,-0.));
#8113 = ORIENTED_EDGE('',*,*,#8114,.F.);
#8114 = EDGE_CURVE('',#8115,#8107,#8117,.T.);
#8115 = VERTEX_POINT('',#8116);
#8116 = CARTESIAN_POINT('',(0.2,3.E-02,0.235015152374));
#8117 = LINE('',#8118,#8119);
#8118 = CARTESIAN_POINT('',(0.2,3.E-02,0.));
#8119 = VECTOR('',#8120,1.);
#8120 = DIRECTION('',(0.,0.,-1.));
#8121 = ORIENTED_EDGE('',*,*,#8122,.T.);
#8122 = EDGE_CURVE('',#8115,#8123,#8125,.T.);
#8123 = VERTEX_POINT('',#8124);
#8124 = CARTESIAN_POINT('',(0.2,2.E-02,0.235015152374));
#8125 = LINE('',#8126,#8127);
#8126 = CARTESIAN_POINT('',(0.2,0.49789739451,0.235015152374));
#8127 = VECTOR('',#8128,1.);
#8128 = DIRECTION('',(-0.,-1.,-0.));
#8129 = ORIENTED_EDGE('',*,*,#8130,.T.);
#8130 = EDGE_CURVE('',#8123,#8131,#8133,.T.);
#8131 = VERTEX_POINT('',#8132);
#8132 = CARTESIAN_POINT('',(0.2,2.E-02,0.26));
#8133 = LINE('',#8134,#8135);
#8134 = CARTESIAN_POINT('',(0.2,2.E-02,0.235015152374));
#8135 = VECTOR('',#8136,1.);
#8136 = DIRECTION('',(0.,0.,1.));
#8137 = ORIENTED_EDGE('',*,*,#8138,.F.);
#8138 = EDGE_CURVE('',#8139,#8131,#8141,.T.);
#8139 = VERTEX_POINT('',#8140);
#8140 = CARTESIAN_POINT('',(0.2,-3.E-02,0.26));
#8141 = LINE('',#8142,#8143);
#8142 = CARTESIAN_POINT('',(0.2,-1.,0.26));
#8143 = VECTOR('',#8144,1.);
#8144 = DIRECTION('',(-0.,1.,-0.));
#8145 = ORIENTED_EDGE('',*,*,#8146,.T.);
#8146 = EDGE_CURVE('',#8139,#8147,#8149,.T.);
#8147 = VERTEX_POINT('',#8148);
#8148 = CARTESIAN_POINT('',(0.2,-3.E-02,-0.26));
#8149 = LINE('',#8150,#8151);
#8150 = CARTESIAN_POINT('',(0.2,-3.E-02,0.));
#8151 = VECTOR('',#8152,1.);
#8152 = DIRECTION('',(0.,0.,-1.));
#8153 = ORIENTED_EDGE('',*,*,#8154,.T.);
#8154 = EDGE_CURVE('',#8147,#8097,#8155,.T.);
#8155 = LINE('',#8156,#8157);
#8156 = CARTESIAN_POINT('',(0.2,-1.,-0.26));
#8157 = VECTOR('',#8158,1.);
#8158 = DIRECTION('',(-0.,1.,-0.));
#8159 = PLANE('',#8160);
#8160 = AXIS2_PLACEMENT_3D('',#8161,#8162,#8163);
#8161 = CARTESIAN_POINT('',(0.2,-1.,0.));
#8162 = DIRECTION('',(1.,0.,0.));
#8163 = DIRECTION('',(0.,0.,-1.));
#8164 = ADVANCED_FACE('',(#8165),#8190,.F.);
#8165 = FACE_BOUND('',#8166,.T.);
#8166 = EDGE_LOOP('',(#8167,#8175,#8176,#8184));
#8167 = ORIENTED_EDGE('',*,*,#8168,.T.);
#8168 = EDGE_CURVE('',#8169,#8097,#8171,.T.);
#8169 = VERTEX_POINT('',#8170);
#8170 = CARTESIAN_POINT('',(0.31425824379,2.E-02,-0.26));
#8171 = LINE('',#8172,#8173);
#8172 = CARTESIAN_POINT('',(0.31425824379,2.E-02,-0.26));
#8173 = VECTOR('',#8174,1.);
#8174 = DIRECTION('',(-1.,0.,0.));
#8175 = ORIENTED_EDGE('',*,*,#8154,.F.);
#8176 = ORIENTED_EDGE('',*,*,#8177,.F.);
#8177 = EDGE_CURVE('',#8178,#8147,#8180,.T.);
#8178 = VERTEX_POINT('',#8179);
#8179 = CARTESIAN_POINT('',(0.31425824379,-3.E-02,-0.26));
#8180 = LINE('',#8181,#8182);
#8181 = CARTESIAN_POINT('',(0.,-3.E-02,-0.26));
#8182 = VECTOR('',#8183,1.);
#8183 = DIRECTION('',(-1.,0.,0.));
#8184 = ORIENTED_EDGE('',*,*,#8185,.T.);
#8185 = EDGE_CURVE('',#8178,#8169,#8186,.T.);
#8186 = LINE('',#8187,#8188);
#8187 = CARTESIAN_POINT('',(0.31425824379,-1.,-0.26));
#8188 = VECTOR('',#8189,1.);
#8189 = DIRECTION('',(-0.,1.,-0.));
#8190 = PLANE('',#8191);
#8191 = AXIS2_PLACEMENT_3D('',#8192,#8193,#8194);
#8192 = CARTESIAN_POINT('',(0.,-1.,-0.26));
#8193 = DIRECTION('',(-0.,0.,-1.));
#8194 = DIRECTION('',(-1.,0.,0.));
#8195 = ADVANCED_FACE('',(#8196),#8221,.T.);
#8196 = FACE_BOUND('',#8197,.T.);
#8197 = EDGE_LOOP('',(#8198,#8199,#8207,#8215));
#8198 = ORIENTED_EDGE('',*,*,#8138,.T.);
#8199 = ORIENTED_EDGE('',*,*,#8200,.T.);
#8200 = EDGE_CURVE('',#8131,#8201,#8203,.T.);
#8201 = VERTEX_POINT('',#8202);
#8202 = CARTESIAN_POINT('',(0.31425824379,2.E-02,0.26));
#8203 = LINE('',#8204,#8205);
#8204 = CARTESIAN_POINT('',(0.2,2.E-02,0.26));
#8205 = VECTOR('',#8206,1.);
#8206 = DIRECTION('',(1.,0.,0.));
#8207 = ORIENTED_EDGE('',*,*,#8208,.F.);
#8208 = EDGE_CURVE('',#8209,#8201,#8211,.T.);
#8209 = VERTEX_POINT('',#8210);
#8210 = CARTESIAN_POINT('',(0.31425824379,-3.E-02,0.26));
#8211 = LINE('',#8212,#8213);
#8212 = CARTESIAN_POINT('',(0.31425824379,-1.,0.26));
#8213 = VECTOR('',#8214,1.);
#8214 = DIRECTION('',(-0.,1.,-0.));
#8215 = ORIENTED_EDGE('',*,*,#8216,.T.);
#8216 = EDGE_CURVE('',#8209,#8139,#8217,.T.);
#8217 = LINE('',#8218,#8219);
#8218 = CARTESIAN_POINT('',(0.,-3.E-02,0.26));
#8219 = VECTOR('',#8220,1.);
#8220 = DIRECTION('',(-1.,0.,0.));
#8221 = PLANE('',#8222);
#8222 = AXIS2_PLACEMENT_3D('',#8223,#8224,#8225);
#8223 = CARTESIAN_POINT('',(0.,-1.,0.26));
#8224 = DIRECTION('',(-0.,0.,-1.));
#8225 = DIRECTION('',(-1.,0.,0.));
#8226 = ADVANCED_FACE('',(#8227),#8293,.F.);
#8227 = FACE_BOUND('',#8228,.T.);
#8228 = EDGE_LOOP('',(#8229,#8239,#8247,#8255,#8263,#8271,#8279,#8287));
#8229 = ORIENTED_EDGE('',*,*,#8230,.F.);
#8230 = EDGE_CURVE('',#8231,#8233,#8235,.T.);
#8231 = VERTEX_POINT('',#8232);
#8232 = CARTESIAN_POINT('',(-0.2,3.E-02,-0.186457606376));
#8233 = VERTEX_POINT('',#8234);
#8234 = CARTESIAN_POINT('',(-0.2,2.E-02,-0.186457606376));
#8235 = LINE('',#8236,#8237);
#8236 = CARTESIAN_POINT('',(-0.2,0.49789739451,-0.186457606376));
#8237 = VECTOR('',#8238,1.);
#8238 = DIRECTION('',(-0.,-1.,-0.));
#8239 = ORIENTED_EDGE('',*,*,#8240,.T.);
#8240 = EDGE_CURVE('',#8231,#8241,#8243,.T.);
#8241 = VERTEX_POINT('',#8242);
#8242 = CARTESIAN_POINT('',(-0.2,3.E-02,-0.235015152374));
#8243 = LINE('',#8244,#8245);
#8244 = CARTESIAN_POINT('',(-0.2,3.E-02,0.));
#8245 = VECTOR('',#8246,1.);
#8246 = DIRECTION('',(0.,0.,-1.));
#8247 = ORIENTED_EDGE('',*,*,#8248,.T.);
#8248 = EDGE_CURVE('',#8241,#8249,#8251,.T.);
#8249 = VERTEX_POINT('',#8250);
#8250 = CARTESIAN_POINT('',(-0.2,2.E-02,-0.235015152374));
#8251 = LINE('',#8252,#8253);
#8252 = CARTESIAN_POINT('',(-0.2,0.49789739451,-0.235015152374));
#8253 = VECTOR('',#8254,1.);
#8254 = DIRECTION('',(-0.,-1.,-0.));
#8255 = ORIENTED_EDGE('',*,*,#8256,.T.);
#8256 = EDGE_CURVE('',#8249,#8257,#8259,.T.);
#8257 = VERTEX_POINT('',#8258);
#8258 = CARTESIAN_POINT('',(-0.2,2.E-02,-0.26));
#8259 = LINE('',#8260,#8261);
#8260 = CARTESIAN_POINT('',(-0.2,2.E-02,-0.235015152374));
#8261 = VECTOR('',#8262,1.);
#8262 = DIRECTION('',(0.,0.,-1.));
#8263 = ORIENTED_EDGE('',*,*,#8264,.F.);
#8264 = EDGE_CURVE('',#8265,#8257,#8267,.T.);
#8265 = VERTEX_POINT('',#8266);
#8266 = CARTESIAN_POINT('',(-0.2,-3.E-02,-0.26));
#8267 = LINE('',#8268,#8269);
#8268 = CARTESIAN_POINT('',(-0.2,-1.,-0.26));
#8269 = VECTOR('',#8270,1.);
#8270 = DIRECTION('',(-0.,1.,-0.));
#8271 = ORIENTED_EDGE('',*,*,#8272,.F.);
#8272 = EDGE_CURVE('',#8273,#8265,#8275,.T.);
#8273 = VERTEX_POINT('',#8274);
#8274 = CARTESIAN_POINT('',(-0.2,-3.E-02,0.26));
#8275 = LINE('',#8276,#8277);
#8276 = CARTESIAN_POINT('',(-0.2,-3.E-02,0.));
#8277 = VECTOR('',#8278,1.);
#8278 = DIRECTION('',(0.,0.,-1.));
#8279 = ORIENTED_EDGE('',*,*,#8280,.T.);
#8280 = EDGE_CURVE('',#8273,#8281,#8283,.T.);
#8281 = VERTEX_POINT('',#8282);
#8282 = CARTESIAN_POINT('',(-0.2,2.E-02,0.26));
#8283 = LINE('',#8284,#8285);
#8284 = CARTESIAN_POINT('',(-0.2,-1.,0.26));
#8285 = VECTOR('',#8286,1.);
#8286 = DIRECTION('',(-0.,1.,-0.));
#8287 = ORIENTED_EDGE('',*,*,#8288,.T.);
#8288 = EDGE_CURVE('',#8281,#8233,#8289,.T.);
#8289 = LINE('',#8290,#8291);
#8290 = CARTESIAN_POINT('',(-0.2,2.E-02,0.26));
#8291 = VECTOR('',#8292,1.);
#8292 = DIRECTION('',(0.,0.,-1.));
#8293 = PLANE('',#8294);
#8294 = AXIS2_PLACEMENT_3D('',#8295,#8296,#8297);
#8295 = CARTESIAN_POINT('',(-0.2,-1.,0.));
#8296 = DIRECTION('',(1.,0.,0.));
#8297 = DIRECTION('',(0.,0.,-1.));
#8298 = ADVANCED_FACE('',(#8299),#8324,.F.);
#8299 = FACE_BOUND('',#8300,.T.);
#8300 = EDGE_LOOP('',(#8301,#8309,#8310,#8318));
#8301 = ORIENTED_EDGE('',*,*,#8302,.T.);
#8302 = EDGE_CURVE('',#8303,#8281,#8305,.T.);
#8303 = VERTEX_POINT('',#8304);
#8304 = CARTESIAN_POINT('',(-0.31425824379,2.E-02,0.26));
#8305 = LINE('',#8306,#8307);
#8306 = CARTESIAN_POINT('',(-0.31425824379,2.E-02,0.26));
#8307 = VECTOR('',#8308,1.);
#8308 = DIRECTION('',(1.,0.,0.));
#8309 = ORIENTED_EDGE('',*,*,#8280,.F.);
#8310 = ORIENTED_EDGE('',*,*,#8311,.F.);
#8311 = EDGE_CURVE('',#8312,#8273,#8314,.T.);
#8312 = VERTEX_POINT('',#8313);
#8313 = CARTESIAN_POINT('',(-0.31425824379,-3.E-02,0.26));
#8314 = LINE('',#8315,#8316);
#8315 = CARTESIAN_POINT('',(0.,-3.E-02,0.26));
#8316 = VECTOR('',#8317,1.);
#8317 = DIRECTION('',(1.,0.,0.));
#8318 = ORIENTED_EDGE('',*,*,#8319,.T.);
#8319 = EDGE_CURVE('',#8312,#8303,#8320,.T.);
#8320 = LINE('',#8321,#8322);
#8321 = CARTESIAN_POINT('',(-0.31425824379,-1.,0.26));
#8322 = VECTOR('',#8323,1.);
#8323 = DIRECTION('',(-0.,1.,-0.));
#8324 = PLANE('',#8325);
#8325 = AXIS2_PLACEMENT_3D('',#8326,#8327,#8328);
#8326 = CARTESIAN_POINT('',(0.,-1.,0.26));
#8327 = DIRECTION('',(0.,0.,1.));
#8328 = DIRECTION('',(1.,0.,-0.));
#8329 = ADVANCED_FACE('',(#8330),#8355,.T.);
#8330 = FACE_BOUND('',#8331,.T.);
#8331 = EDGE_LOOP('',(#8332,#8333,#8341,#8349));
#8332 = ORIENTED_EDGE('',*,*,#8264,.T.);
#8333 = ORIENTED_EDGE('',*,*,#8334,.T.);
#8334 = EDGE_CURVE('',#8257,#8335,#8337,.T.);
#8335 = VERTEX_POINT('',#8336);
#8336 = CARTESIAN_POINT('',(-0.31425824379,2.E-02,-0.26));
#8337 = LINE('',#8338,#8339);
#8338 = CARTESIAN_POINT('',(-0.2,2.E-02,-0.26));
#8339 = VECTOR('',#8340,1.);
#8340 = DIRECTION('',(-1.,0.,0.));
#8341 = ORIENTED_EDGE('',*,*,#8342,.F.);
#8342 = EDGE_CURVE('',#8343,#8335,#8345,.T.);
#8343 = VERTEX_POINT('',#8344);
#8344 = CARTESIAN_POINT('',(-0.31425824379,-3.E-02,-0.26));
#8345 = LINE('',#8346,#8347);
#8346 = CARTESIAN_POINT('',(-0.31425824379,-1.,-0.26));
#8347 = VECTOR('',#8348,1.);
#8348 = DIRECTION('',(-0.,1.,-0.));
#8349 = ORIENTED_EDGE('',*,*,#8350,.T.);
#8350 = EDGE_CURVE('',#8343,#8265,#8351,.T.);
#8351 = LINE('',#8352,#8353);
#8352 = CARTESIAN_POINT('',(0.,-3.E-02,-0.26));
#8353 = VECTOR('',#8354,1.);
#8354 = DIRECTION('',(1.,0.,0.));
#8355 = PLANE('',#8356);
#8356 = AXIS2_PLACEMENT_3D('',#8357,#8358,#8359);
#8357 = CARTESIAN_POINT('',(0.,-1.,-0.26));
#8358 = DIRECTION('',(0.,0.,1.));
#8359 = DIRECTION('',(1.,0.,-0.));
#8360 = ADVANCED_FACE('',(#8361),#8417,.F.);
#8361 = FACE_BOUND('',#8362,.T.);
#8362 = EDGE_LOOP('',(#8363,#8372,#8380,#8387,#8388,#8389,#8390,#8399,
    #8407,#8414,#8415,#8416));
#8363 = ORIENTED_EDGE('',*,*,#8364,.F.);
#8364 = EDGE_CURVE('',#8365,#8343,#8367,.T.);
#8365 = VERTEX_POINT('',#8366);
#8366 = CARTESIAN_POINT('',(-0.31,-3.E-02,-0.3));
#8367 = CIRCLE('',#8368,0.19);
#8368 = AXIS2_PLACEMENT_3D('',#8369,#8370,#8371);
#8369 = CARTESIAN_POINT('',(-0.5,-3.E-02,-0.3));
#8370 = DIRECTION('',(-0.,-1.,0.));
#8371 = DIRECTION('',(1.084202172486E-14,-0.,1.));
#8372 = ORIENTED_EDGE('',*,*,#8373,.F.);
#8373 = EDGE_CURVE('',#8374,#8365,#8376,.T.);
#8374 = VERTEX_POINT('',#8375);
#8375 = CARTESIAN_POINT('',(0.31,-3.E-02,-0.3));
#8376 = LINE('',#8377,#8378);
#8377 = CARTESIAN_POINT('',(0.5,-3.E-02,-0.3));
#8378 = VECTOR('',#8379,1.);
#8379 = DIRECTION('',(-1.,0.,1.084202172486E-16));
#8380 = ORIENTED_EDGE('',*,*,#8381,.T.);
#8381 = EDGE_CURVE('',#8374,#8178,#8382,.T.);
#8382 = CIRCLE('',#8383,0.19);
#8383 = AXIS2_PLACEMENT_3D('',#8384,#8385,#8386);
#8384 = CARTESIAN_POINT('',(0.5,-3.E-02,-0.3));
#8385 = DIRECTION('',(0.,1.,0.));
#8386 = DIRECTION('',(0.,-0.,1.));
#8387 = ORIENTED_EDGE('',*,*,#8177,.T.);
#8388 = ORIENTED_EDGE('',*,*,#8146,.F.);
#8389 = ORIENTED_EDGE('',*,*,#8216,.F.);
#8390 = ORIENTED_EDGE('',*,*,#8391,.F.);
#8391 = EDGE_CURVE('',#8392,#8209,#8394,.T.);
#8392 = VERTEX_POINT('',#8393);
#8393 = CARTESIAN_POINT('',(0.31,-3.E-02,0.3));
#8394 = CIRCLE('',#8395,0.19);
#8395 = AXIS2_PLACEMENT_3D('',#8396,#8397,#8398);
#8396 = CARTESIAN_POINT('',(0.5,-3.E-02,0.3));
#8397 = DIRECTION('',(0.,-1.,0.));
#8398 = DIRECTION('',(0.,0.,1.));
#8399 = ORIENTED_EDGE('',*,*,#8400,.F.);
#8400 = EDGE_CURVE('',#8401,#8392,#8403,.T.);
#8401 = VERTEX_POINT('',#8402);
#8402 = CARTESIAN_POINT('',(-0.31,-3.E-02,0.3));
#8403 = LINE('',#8404,#8405);
#8404 = CARTESIAN_POINT('',(0.5,-3.E-02,0.3));
#8405 = VECTOR('',#8406,1.);
#8406 = DIRECTION('',(1.,-0.,-1.084202172486E-16));
#8407 = ORIENTED_EDGE('',*,*,#8408,.T.);
#8408 = EDGE_CURVE('',#8401,#8312,#8409,.T.);
#8409 = CIRCLE('',#8410,0.19);
#8410 = AXIS2_PLACEMENT_3D('',#8411,#8412,#8413);
#8411 = CARTESIAN_POINT('',(-0.5,-3.E-02,0.3));
#8412 = DIRECTION('',(0.,1.,0.));
#8413 = DIRECTION('',(0.,-0.,1.));
#8414 = ORIENTED_EDGE('',*,*,#8311,.T.);
#8415 = ORIENTED_EDGE('',*,*,#8272,.T.);
#8416 = ORIENTED_EDGE('',*,*,#8350,.F.);
#8417 = PLANE('',#8418);
#8418 = AXIS2_PLACEMENT_3D('',#8419,#8420,#8421);
#8419 = CARTESIAN_POINT('',(0.,-3.E-02,0.));
#8420 = DIRECTION('',(0.,1.,0.));
#8421 = DIRECTION('',(0.,-0.,1.));
#8422 = ADVANCED_FACE('',(#8423),#8523,.T.);
#8423 = FACE_BOUND('',#8424,.T.);
#8424 = EDGE_LOOP('',(#8425,#8433,#8441,#8450,#8458,#8467,#8473,#8474,
    #8482,#8490,#8499,#8507,#8516,#8522));
#8425 = ORIENTED_EDGE('',*,*,#8426,.T.);
#8426 = EDGE_CURVE('',#8231,#8427,#8429,.T.);
#8427 = VERTEX_POINT('',#8428);
#8428 = CARTESIAN_POINT('',(-0.340012776199,3.E-02,-0.186457606376));
#8429 = LINE('',#8430,#8431);
#8430 = CARTESIAN_POINT('',(-0.2,3.E-02,-0.186457606376));
#8431 = VECTOR('',#8432,1.);
#8432 = DIRECTION('',(-1.,0.,0.));
#8433 = ORIENTED_EDGE('',*,*,#8434,.T.);
#8434 = EDGE_CURVE('',#8427,#8435,#8437,.T.);
#8435 = VERTEX_POINT('',#8436);
#8436 = CARTESIAN_POINT('',(-0.340012776199,3.E-02,0.197510545808));
#8437 = LINE('',#8438,#8439);
#8438 = CARTESIAN_POINT('',(-0.340012776199,3.E-02,-0.186457606376));
#8439 = VECTOR('',#8440,1.);
#8440 = DIRECTION('',(0.,0.,1.));
#8441 = ORIENTED_EDGE('',*,*,#8442,.F.);
#8442 = EDGE_CURVE('',#8443,#8435,#8445,.T.);
#8443 = VERTEX_POINT('',#8444);
#8444 = CARTESIAN_POINT('',(-0.31,3.E-02,0.3));
#8445 = CIRCLE('',#8446,0.19);
#8446 = AXIS2_PLACEMENT_3D('',#8447,#8448,#8449);
#8447 = CARTESIAN_POINT('',(-0.5,3.E-02,0.3));
#8448 = DIRECTION('',(0.,1.,0.));
#8449 = DIRECTION('',(0.,-0.,1.));
#8450 = ORIENTED_EDGE('',*,*,#8451,.T.);
#8451 = EDGE_CURVE('',#8443,#8452,#8454,.T.);
#8452 = VERTEX_POINT('',#8453);
#8453 = CARTESIAN_POINT('',(0.31,3.E-02,0.3));
#8454 = LINE('',#8455,#8456);
#8455 = CARTESIAN_POINT('',(0.5,3.E-02,0.3));
#8456 = VECTOR('',#8457,1.);
#8457 = DIRECTION('',(1.,-0.,-1.084202172486E-16));
#8458 = ORIENTED_EDGE('',*,*,#8459,.T.);
#8459 = EDGE_CURVE('',#8452,#8460,#8462,.T.);
#8460 = VERTEX_POINT('',#8461);
#8461 = CARTESIAN_POINT('',(0.321458773447,3.E-02,0.235015152374));
#8462 = CIRCLE('',#8463,0.19);
#8463 = AXIS2_PLACEMENT_3D('',#8464,#8465,#8466);
#8464 = CARTESIAN_POINT('',(0.5,3.E-02,0.3));
#8465 = DIRECTION('',(-0.,-1.,0.));
#8466 = DIRECTION('',(1.711898167082E-15,-0.,1.));
#8467 = ORIENTED_EDGE('',*,*,#8468,.T.);
#8468 = EDGE_CURVE('',#8460,#8115,#8469,.T.);
#8469 = LINE('',#8470,#8471);
#8470 = CARTESIAN_POINT('',(0.321458773447,3.E-02,0.235015152374));
#8471 = VECTOR('',#8472,1.);
#8472 = DIRECTION('',(-1.,0.,0.));
#8473 = ORIENTED_EDGE('',*,*,#8114,.T.);
#8474 = ORIENTED_EDGE('',*,*,#8475,.T.);
#8475 = EDGE_CURVE('',#8107,#8476,#8478,.T.);
#8476 = VERTEX_POINT('',#8477);
#8477 = CARTESIAN_POINT('',(0.340012776199,3.E-02,0.186457606376));
#8478 = LINE('',#8479,#8480);
#8479 = CARTESIAN_POINT('',(0.2,3.E-02,0.186457606376));
#8480 = VECTOR('',#8481,1.);
#8481 = DIRECTION('',(1.,-0.,0.));
#8482 = ORIENTED_EDGE('',*,*,#8483,.T.);
#8483 = EDGE_CURVE('',#8476,#8484,#8486,.T.);
#8484 = VERTEX_POINT('',#8485);
#8485 = CARTESIAN_POINT('',(0.340012776199,3.E-02,-0.197510545808));
#8486 = LINE('',#8487,#8488);
#8487 = CARTESIAN_POINT('',(0.340012776199,3.E-02,0.186457606376));
#8488 = VECTOR('',#8489,1.);
#8489 = DIRECTION('',(-1.411838672453E-16,0.,-1.));
#8490 = ORIENTED_EDGE('',*,*,#8491,.F.);
#8491 = EDGE_CURVE('',#8492,#8484,#8494,.T.);
#8492 = VERTEX_POINT('',#8493);
#8493 = CARTESIAN_POINT('',(0.31,3.E-02,-0.3));
#8494 = CIRCLE('',#8495,0.19);
#8495 = AXIS2_PLACEMENT_3D('',#8496,#8497,#8498);
#8496 = CARTESIAN_POINT('',(0.5,3.E-02,-0.3));
#8497 = DIRECTION('',(0.,1.,0.));
#8498 = DIRECTION('',(0.,-0.,1.));
#8499 = ORIENTED_EDGE('',*,*,#8500,.T.);
#8500 = EDGE_CURVE('',#8492,#8501,#8503,.T.);
#8501 = VERTEX_POINT('',#8502);
#8502 = CARTESIAN_POINT('',(-0.31,3.E-02,-0.3));
#8503 = LINE('',#8504,#8505);
#8504 = CARTESIAN_POINT('',(0.5,3.E-02,-0.3));
#8505 = VECTOR('',#8506,1.);
#8506 = DIRECTION('',(-1.,0.,1.084202172486E-16));
#8507 = ORIENTED_EDGE('',*,*,#8508,.T.);
#8508 = EDGE_CURVE('',#8501,#8509,#8511,.T.);
#8509 = VERTEX_POINT('',#8510);
#8510 = CARTESIAN_POINT('',(-0.321458773447,3.E-02,-0.235015152374));
#8511 = CIRCLE('',#8512,0.19);
#8512 = AXIS2_PLACEMENT_3D('',#8513,#8514,#8515);
#8513 = CARTESIAN_POINT('',(-0.5,3.E-02,-0.3));
#8514 = DIRECTION('',(-0.,-1.,0.));
#8515 = DIRECTION('',(3.423796334165E-15,-0.,1.));
#8516 = ORIENTED_EDGE('',*,*,#8517,.T.);
#8517 = EDGE_CURVE('',#8509,#8241,#8518,.T.);
#8518 = LINE('',#8519,#8520);
#8519 = CARTESIAN_POINT('',(-0.321458773447,3.E-02,-0.235015152374));
#8520 = VECTOR('',#8521,1.);
#8521 = DIRECTION('',(1.,-0.,0.));
#8522 = ORIENTED_EDGE('',*,*,#8240,.F.);
#8523 = PLANE('',#8524);
#8524 = AXIS2_PLACEMENT_3D('',#8525,#8526,#8527);
#8525 = CARTESIAN_POINT('',(0.,3.E-02,0.));
#8526 = DIRECTION('',(0.,1.,0.));
#8527 = DIRECTION('',(0.,-0.,1.));
#8528 = ADVANCED_FACE('',(#8529),#8545,.F.);
#8529 = FACE_BOUND('',#8530,.T.);
#8530 = EDGE_LOOP('',(#8531,#8537,#8538,#8544));
#8531 = ORIENTED_EDGE('',*,*,#8532,.T.);
#8532 = EDGE_CURVE('',#8365,#8501,#8533,.T.);
#8533 = LINE('',#8534,#8535);
#8534 = CARTESIAN_POINT('',(-0.31,-1.,-0.3));
#8535 = VECTOR('',#8536,1.);
#8536 = DIRECTION('',(-0.,1.,-0.));
#8537 = ORIENTED_EDGE('',*,*,#8500,.F.);
#8538 = ORIENTED_EDGE('',*,*,#8539,.F.);
#8539 = EDGE_CURVE('',#8374,#8492,#8540,.T.);
#8540 = LINE('',#8541,#8542);
#8541 = CARTESIAN_POINT('',(0.31,-1.,-0.3));
#8542 = VECTOR('',#8543,1.);
#8543 = DIRECTION('',(-0.,1.,-0.));
#8544 = ORIENTED_EDGE('',*,*,#8373,.T.);
#8545 = PLANE('',#8546);
#8546 = AXIS2_PLACEMENT_3D('',#8547,#8548,#8549);
#8547 = CARTESIAN_POINT('',(0.5,3.E-02,-0.3));
#8548 = DIRECTION('',(1.084202172486E-16,-0.,1.));
#8549 = DIRECTION('',(1.,0.,-1.084202172486E-16));
#8550 = ADVANCED_FACE('',(#8551),#8567,.F.);
#8551 = FACE_BOUND('',#8552,.T.);
#8552 = EDGE_LOOP('',(#8553,#8554,#8560,#8561));
#8553 = ORIENTED_EDGE('',*,*,#8451,.F.);
#8554 = ORIENTED_EDGE('',*,*,#8555,.F.);
#8555 = EDGE_CURVE('',#8401,#8443,#8556,.T.);
#8556 = LINE('',#8557,#8558);
#8557 = CARTESIAN_POINT('',(-0.31,-1.,0.3));
#8558 = VECTOR('',#8559,1.);
#8559 = DIRECTION('',(-0.,1.,-0.));
#8560 = ORIENTED_EDGE('',*,*,#8400,.T.);
#8561 = ORIENTED_EDGE('',*,*,#8562,.T.);
#8562 = EDGE_CURVE('',#8392,#8452,#8563,.T.);
#8563 = LINE('',#8564,#8565);
#8564 = CARTESIAN_POINT('',(0.31,-1.,0.3));
#8565 = VECTOR('',#8566,1.);
#8566 = DIRECTION('',(-0.,1.,-0.));
#8567 = PLANE('',#8568);
#8568 = AXIS2_PLACEMENT_3D('',#8569,#8570,#8571);
#8569 = CARTESIAN_POINT('',(0.5,3.E-02,0.3));
#8570 = DIRECTION('',(-1.084202172486E-16,0.,-1.));
#8571 = DIRECTION('',(-1.,0.,1.084202172486E-16));
#8572 = ADVANCED_FACE('',(#8573),#8594,.F.);
#8573 = FACE_BOUND('',#8574,.F.);
#8574 = EDGE_LOOP('',(#8575,#8576,#8584,#8591,#8592,#8593));
#8575 = ORIENTED_EDGE('',*,*,#8459,.T.);
#8576 = ORIENTED_EDGE('',*,*,#8577,.T.);
#8577 = EDGE_CURVE('',#8460,#8578,#8580,.T.);
#8578 = VERTEX_POINT('',#8579);
#8579 = CARTESIAN_POINT('',(0.321458773447,2.E-02,0.235015152374));
#8580 = LINE('',#8581,#8582);
#8581 = CARTESIAN_POINT('',(0.321458773447,0.49789739451,0.235015152374)
  );
#8582 = VECTOR('',#8583,1.);
#8583 = DIRECTION('',(-0.,-1.,-0.));
#8584 = ORIENTED_EDGE('',*,*,#8585,.F.);
#8585 = EDGE_CURVE('',#8201,#8578,#8586,.T.);
#8586 = CIRCLE('',#8587,0.19);
#8587 = AXIS2_PLACEMENT_3D('',#8588,#8589,#8590);
#8588 = CARTESIAN_POINT('',(0.5,2.E-02,0.3));
#8589 = DIRECTION('',(0.,-1.,0.));
#8590 = DIRECTION('',(0.,0.,1.));
#8591 = ORIENTED_EDGE('',*,*,#8208,.F.);
#8592 = ORIENTED_EDGE('',*,*,#8391,.F.);
#8593 = ORIENTED_EDGE('',*,*,#8562,.T.);
#8594 = CYLINDRICAL_SURFACE('',#8595,0.19);
#8595 = AXIS2_PLACEMENT_3D('',#8596,#8597,#8598);
#8596 = CARTESIAN_POINT('',(0.5,-1.,0.3));
#8597 = DIRECTION('',(-0.,1.,-0.));
#8598 = DIRECTION('',(0.,0.,1.));
#8599 = ADVANCED_FACE('',(#8600),#8621,.F.);
#8600 = FACE_BOUND('',#8601,.F.);
#8601 = EDGE_LOOP('',(#8602,#8603,#8604,#8605,#8614,#8620));
#8602 = ORIENTED_EDGE('',*,*,#8539,.F.);
#8603 = ORIENTED_EDGE('',*,*,#8381,.T.);
#8604 = ORIENTED_EDGE('',*,*,#8185,.T.);
#8605 = ORIENTED_EDGE('',*,*,#8606,.F.);
#8606 = EDGE_CURVE('',#8607,#8169,#8609,.T.);
#8607 = VERTEX_POINT('',#8608);
#8608 = CARTESIAN_POINT('',(0.340012776199,2.E-02,-0.197510545808));
#8609 = CIRCLE('',#8610,0.19);
#8610 = AXIS2_PLACEMENT_3D('',#8611,#8612,#8613);
#8611 = CARTESIAN_POINT('',(0.5,2.E-02,-0.3));
#8612 = DIRECTION('',(0.,-1.,0.));
#8613 = DIRECTION('',(0.,0.,1.));
#8614 = ORIENTED_EDGE('',*,*,#8615,.F.);
#8615 = EDGE_CURVE('',#8484,#8607,#8616,.T.);
#8616 = LINE('',#8617,#8618);
#8617 = CARTESIAN_POINT('',(0.340012776199,0.49789739451,-0.197510545808
    ));
#8618 = VECTOR('',#8619,1.);
#8619 = DIRECTION('',(-0.,-1.,-0.));
#8620 = ORIENTED_EDGE('',*,*,#8491,.F.);
#8621 = CYLINDRICAL_SURFACE('',#8622,0.19);
#8622 = AXIS2_PLACEMENT_3D('',#8623,#8624,#8625);
#8623 = CARTESIAN_POINT('',(0.5,-1.,-0.3));
#8624 = DIRECTION('',(-0.,1.,-0.));
#8625 = DIRECTION('',(0.,0.,1.));
#8626 = ADVANCED_FACE('',(#8627),#8648,.F.);
#8627 = FACE_BOUND('',#8628,.F.);
#8628 = EDGE_LOOP('',(#8629,#8630,#8638,#8645,#8646,#8647));
#8629 = ORIENTED_EDGE('',*,*,#8508,.T.);
#8630 = ORIENTED_EDGE('',*,*,#8631,.T.);
#8631 = EDGE_CURVE('',#8509,#8632,#8634,.T.);
#8632 = VERTEX_POINT('',#8633);
#8633 = CARTESIAN_POINT('',(-0.321458773447,2.E-02,-0.235015152374));
#8634 = LINE('',#8635,#8636);
#8635 = CARTESIAN_POINT('',(-0.321458773447,0.49789739451,
    -0.235015152374));
#8636 = VECTOR('',#8637,1.);
#8637 = DIRECTION('',(-0.,-1.,-0.));
#8638 = ORIENTED_EDGE('',*,*,#8639,.F.);
#8639 = EDGE_CURVE('',#8335,#8632,#8640,.T.);
#8640 = CIRCLE('',#8641,0.19);
#8641 = AXIS2_PLACEMENT_3D('',#8642,#8643,#8644);
#8642 = CARTESIAN_POINT('',(-0.5,2.E-02,-0.3));
#8643 = DIRECTION('',(0.,-1.,0.));
#8644 = DIRECTION('',(0.,0.,1.));
#8645 = ORIENTED_EDGE('',*,*,#8342,.F.);
#8646 = ORIENTED_EDGE('',*,*,#8364,.F.);
#8647 = ORIENTED_EDGE('',*,*,#8532,.T.);
#8648 = CYLINDRICAL_SURFACE('',#8649,0.19);
#8649 = AXIS2_PLACEMENT_3D('',#8650,#8651,#8652);
#8650 = CARTESIAN_POINT('',(-0.5,-1.,-0.3));
#8651 = DIRECTION('',(-0.,1.,-0.));
#8652 = DIRECTION('',(0.,0.,1.));
#8653 = ADVANCED_FACE('',(#8654),#8675,.F.);
#8654 = FACE_BOUND('',#8655,.F.);
#8655 = EDGE_LOOP('',(#8656,#8657,#8658,#8659,#8668,#8674));
#8656 = ORIENTED_EDGE('',*,*,#8555,.F.);
#8657 = ORIENTED_EDGE('',*,*,#8408,.T.);
#8658 = ORIENTED_EDGE('',*,*,#8319,.T.);
#8659 = ORIENTED_EDGE('',*,*,#8660,.F.);
#8660 = EDGE_CURVE('',#8661,#8303,#8663,.T.);
#8661 = VERTEX_POINT('',#8662);
#8662 = CARTESIAN_POINT('',(-0.340012776199,2.E-02,0.197510545808));
#8663 = CIRCLE('',#8664,0.19);
#8664 = AXIS2_PLACEMENT_3D('',#8665,#8666,#8667);
#8665 = CARTESIAN_POINT('',(-0.5,2.E-02,0.3));
#8666 = DIRECTION('',(0.,-1.,0.));
#8667 = DIRECTION('',(0.,0.,1.));
#8668 = ORIENTED_EDGE('',*,*,#8669,.F.);
#8669 = EDGE_CURVE('',#8435,#8661,#8670,.T.);
#8670 = LINE('',#8671,#8672);
#8671 = CARTESIAN_POINT('',(-0.340012776199,0.49789739451,0.197510545808
    ));
#8672 = VECTOR('',#8673,1.);
#8673 = DIRECTION('',(-0.,-1.,-0.));
#8674 = ORIENTED_EDGE('',*,*,#8442,.F.);
#8675 = CYLINDRICAL_SURFACE('',#8676,0.19);
#8676 = AXIS2_PLACEMENT_3D('',#8677,#8678,#8679);
#8677 = CARTESIAN_POINT('',(-0.5,-1.,0.3));
#8678 = DIRECTION('',(-0.,1.,-0.));
#8679 = DIRECTION('',(0.,0.,1.));
#8680 = ADVANCED_FACE('',(#8681),#8692,.F.);
#8681 = FACE_BOUND('',#8682,.T.);
#8682 = EDGE_LOOP('',(#8683,#8684,#8685,#8691));
#8683 = ORIENTED_EDGE('',*,*,#8517,.F.);
#8684 = ORIENTED_EDGE('',*,*,#8631,.T.);
#8685 = ORIENTED_EDGE('',*,*,#8686,.T.);
#8686 = EDGE_CURVE('',#8632,#8249,#8687,.T.);
#8687 = LINE('',#8688,#8689);
#8688 = CARTESIAN_POINT('',(-0.321458773447,2.E-02,-0.235015152374));
#8689 = VECTOR('',#8690,1.);
#8690 = DIRECTION('',(1.,0.,0.));
#8691 = ORIENTED_EDGE('',*,*,#8248,.F.);
#8692 = PLANE('',#8693);
#8693 = AXIS2_PLACEMENT_3D('',#8694,#8695,#8696);
#8694 = CARTESIAN_POINT('',(-0.321458773447,0.49789739451,
    -0.235015152374));
#8695 = DIRECTION('',(0.,0.,-1.));
#8696 = DIRECTION('',(-1.,0.,-0.));
#8697 = ADVANCED_FACE('',(#8698),#8704,.F.);
#8698 = FACE_BOUND('',#8699,.T.);
#8699 = EDGE_LOOP('',(#8700,#8701,#8702,#8703));
#8700 = ORIENTED_EDGE('',*,*,#8639,.F.);
#8701 = ORIENTED_EDGE('',*,*,#8334,.F.);
#8702 = ORIENTED_EDGE('',*,*,#8256,.F.);
#8703 = ORIENTED_EDGE('',*,*,#8686,.F.);
#8704 = PLANE('',#8705);
#8705 = AXIS2_PLACEMENT_3D('',#8706,#8707,#8708);
#8706 = CARTESIAN_POINT('',(-0.5,2.E-02,-0.3));
#8707 = DIRECTION('',(0.,1.,0.));
#8708 = DIRECTION('',(0.,-0.,1.));
#8709 = ADVANCED_FACE('',(#8710),#8728,.F.);
#8710 = FACE_BOUND('',#8711,.T.);
#8711 = EDGE_LOOP('',(#8712,#8713,#8714,#8722));
#8712 = ORIENTED_EDGE('',*,*,#8426,.F.);
#8713 = ORIENTED_EDGE('',*,*,#8230,.T.);
#8714 = ORIENTED_EDGE('',*,*,#8715,.T.);
#8715 = EDGE_CURVE('',#8233,#8716,#8718,.T.);
#8716 = VERTEX_POINT('',#8717);
#8717 = CARTESIAN_POINT('',(-0.340012776199,2.E-02,-0.186457606376));
#8718 = LINE('',#8719,#8720);
#8719 = CARTESIAN_POINT('',(-0.2,2.E-02,-0.186457606376));
#8720 = VECTOR('',#8721,1.);
#8721 = DIRECTION('',(-1.,0.,0.));
#8722 = ORIENTED_EDGE('',*,*,#8723,.F.);
#8723 = EDGE_CURVE('',#8427,#8716,#8724,.T.);
#8724 = LINE('',#8725,#8726);
#8725 = CARTESIAN_POINT('',(-0.340012776199,0.49789739451,
    -0.186457606376));
#8726 = VECTOR('',#8727,1.);
#8727 = DIRECTION('',(-0.,-1.,-0.));
#8728 = PLANE('',#8729);
#8729 = AXIS2_PLACEMENT_3D('',#8730,#8731,#8732);
#8730 = CARTESIAN_POINT('',(-0.2,0.49789739451,-0.186457606376));
#8731 = DIRECTION('',(0.,-0.,1.));
#8732 = DIRECTION('',(1.,0.,0.));
#8733 = ADVANCED_FACE('',(#8734),#8745,.F.);
#8734 = FACE_BOUND('',#8735,.T.);
#8735 = EDGE_LOOP('',(#8736,#8737,#8738,#8744));
#8736 = ORIENTED_EDGE('',*,*,#8434,.F.);
#8737 = ORIENTED_EDGE('',*,*,#8723,.T.);
#8738 = ORIENTED_EDGE('',*,*,#8739,.T.);
#8739 = EDGE_CURVE('',#8716,#8661,#8740,.T.);
#8740 = LINE('',#8741,#8742);
#8741 = CARTESIAN_POINT('',(-0.340012776199,2.E-02,-0.186457606376));
#8742 = VECTOR('',#8743,1.);
#8743 = DIRECTION('',(0.,0.,1.));
#8744 = ORIENTED_EDGE('',*,*,#8669,.F.);
#8745 = PLANE('',#8746);
#8746 = AXIS2_PLACEMENT_3D('',#8747,#8748,#8749);
#8747 = CARTESIAN_POINT('',(-0.340012776199,0.49789739451,
    -0.186457606376));
#8748 = DIRECTION('',(1.,0.,0.));
#8749 = DIRECTION('',(0.,0.,-1.));
#8750 = ADVANCED_FACE('',(#8751),#8758,.F.);
#8751 = FACE_BOUND('',#8752,.T.);
#8752 = EDGE_LOOP('',(#8753,#8754,#8755,#8756,#8757));
#8753 = ORIENTED_EDGE('',*,*,#8660,.F.);
#8754 = ORIENTED_EDGE('',*,*,#8739,.F.);
#8755 = ORIENTED_EDGE('',*,*,#8715,.F.);
#8756 = ORIENTED_EDGE('',*,*,#8288,.F.);
#8757 = ORIENTED_EDGE('',*,*,#8302,.F.);
#8758 = PLANE('',#8759);
#8759 = AXIS2_PLACEMENT_3D('',#8760,#8761,#8762);
#8760 = CARTESIAN_POINT('',(-0.5,2.E-02,0.3));
#8761 = DIRECTION('',(0.,1.,0.));
#8762 = DIRECTION('',(0.,-0.,1.));
#8763 = ADVANCED_FACE('',(#8764),#8775,.F.);
#8764 = FACE_BOUND('',#8765,.T.);
#8765 = EDGE_LOOP('',(#8766,#8767,#8768,#8774));
#8766 = ORIENTED_EDGE('',*,*,#8468,.F.);
#8767 = ORIENTED_EDGE('',*,*,#8577,.T.);
#8768 = ORIENTED_EDGE('',*,*,#8769,.T.);
#8769 = EDGE_CURVE('',#8578,#8123,#8770,.T.);
#8770 = LINE('',#8771,#8772);
#8771 = CARTESIAN_POINT('',(0.321458773447,2.E-02,0.235015152374));
#8772 = VECTOR('',#8773,1.);
#8773 = DIRECTION('',(-1.,0.,0.));
#8774 = ORIENTED_EDGE('',*,*,#8122,.F.);
#8775 = PLANE('',#8776);
#8776 = AXIS2_PLACEMENT_3D('',#8777,#8778,#8779);
#8777 = CARTESIAN_POINT('',(0.321458773447,0.49789739451,0.235015152374)
  );
#8778 = DIRECTION('',(0.,-0.,1.));
#8779 = DIRECTION('',(1.,0.,0.));
#8780 = ADVANCED_FACE('',(#8781),#8787,.F.);
#8781 = FACE_BOUND('',#8782,.T.);
#8782 = EDGE_LOOP('',(#8783,#8784,#8785,#8786));
#8783 = ORIENTED_EDGE('',*,*,#8585,.F.);
#8784 = ORIENTED_EDGE('',*,*,#8200,.F.);
#8785 = ORIENTED_EDGE('',*,*,#8130,.F.);
#8786 = ORIENTED_EDGE('',*,*,#8769,.F.);
#8787 = PLANE('',#8788);
#8788 = AXIS2_PLACEMENT_3D('',#8789,#8790,#8791);
#8789 = CARTESIAN_POINT('',(0.5,2.E-02,0.3));
#8790 = DIRECTION('',(0.,1.,0.));
#8791 = DIRECTION('',(0.,-0.,1.));
#8792 = ADVANCED_FACE('',(#8793),#8811,.F.);
#8793 = FACE_BOUND('',#8794,.T.);
#8794 = EDGE_LOOP('',(#8795,#8796,#8797,#8805));
#8795 = ORIENTED_EDGE('',*,*,#8475,.F.);
#8796 = ORIENTED_EDGE('',*,*,#8106,.T.);
#8797 = ORIENTED_EDGE('',*,*,#8798,.T.);
#8798 = EDGE_CURVE('',#8099,#8799,#8801,.T.);
#8799 = VERTEX_POINT('',#8800);
#8800 = CARTESIAN_POINT('',(0.340012776199,2.E-02,0.186457606376));
#8801 = LINE('',#8802,#8803);
#8802 = CARTESIAN_POINT('',(0.2,2.E-02,0.186457606376));
#8803 = VECTOR('',#8804,1.);
#8804 = DIRECTION('',(1.,0.,0.));
#8805 = ORIENTED_EDGE('',*,*,#8806,.F.);
#8806 = EDGE_CURVE('',#8476,#8799,#8807,.T.);
#8807 = LINE('',#8808,#8809);
#8808 = CARTESIAN_POINT('',(0.340012776199,0.49789739451,0.186457606376)
  );
#8809 = VECTOR('',#8810,1.);
#8810 = DIRECTION('',(-0.,-1.,-0.));
#8811 = PLANE('',#8812);
#8812 = AXIS2_PLACEMENT_3D('',#8813,#8814,#8815);
#8813 = CARTESIAN_POINT('',(0.2,0.49789739451,0.186457606376));
#8814 = DIRECTION('',(0.,0.,-1.));
#8815 = DIRECTION('',(-1.,0.,-0.));
#8816 = ADVANCED_FACE('',(#8817),#8828,.F.);
#8817 = FACE_BOUND('',#8818,.T.);
#8818 = EDGE_LOOP('',(#8819,#8820,#8821,#8827));
#8819 = ORIENTED_EDGE('',*,*,#8483,.F.);
#8820 = ORIENTED_EDGE('',*,*,#8806,.T.);
#8821 = ORIENTED_EDGE('',*,*,#8822,.T.);
#8822 = EDGE_CURVE('',#8799,#8607,#8823,.T.);
#8823 = LINE('',#8824,#8825);
#8824 = CARTESIAN_POINT('',(0.340012776199,2.E-02,0.186457606376));
#8825 = VECTOR('',#8826,1.);
#8826 = DIRECTION('',(-1.411838672453E-16,0.,-1.));
#8827 = ORIENTED_EDGE('',*,*,#8615,.F.);
#8828 = PLANE('',#8829);
#8829 = AXIS2_PLACEMENT_3D('',#8830,#8831,#8832);
#8830 = CARTESIAN_POINT('',(0.340012776199,0.49789739451,0.186457606376)
  );
#8831 = DIRECTION('',(-1.,0.,1.411838672453E-16));
#8832 = DIRECTION('',(1.411838672453E-16,0.,1.));
#8833 = ADVANCED_FACE('',(#8834),#8841,.F.);
#8834 = FACE_BOUND('',#8835,.T.);
#8835 = EDGE_LOOP('',(#8836,#8837,#8838,#8839,#8840));
#8836 = ORIENTED_EDGE('',*,*,#8096,.F.);
#8837 = ORIENTED_EDGE('',*,*,#8168,.F.);
#8838 = ORIENTED_EDGE('',*,*,#8606,.F.);
#8839 = ORIENTED_EDGE('',*,*,#8822,.F.);
#8840 = ORIENTED_EDGE('',*,*,#8798,.F.);
#8841 = PLANE('',#8842);
#8842 = AXIS2_PLACEMENT_3D('',#8843,#8844,#8845);
#8843 = CARTESIAN_POINT('',(0.5,2.E-02,-0.3));
#8844 = DIRECTION('',(0.,1.,0.));
#8845 = DIRECTION('',(0.,-0.,1.));
#8846 = MANIFOLD_SOLID_BREP('',#8847);
#8847 = CLOSED_SHELL('',(#8848,#8982,#9054,#9092,#9130,#9161,#9201,#9232
    ,#9265,#9289,#9314,#9338,#9363,#9387,#9412,#9436,#9461,#9478,#9500,
    #9517,#9530,#9542,#9559));
#8848 = ADVANCED_FACE('',(#8849),#8977,.T.);
#8849 = FACE_BOUND('',#8850,.T.);
#8850 = EDGE_LOOP('',(#8851,#8861,#8869,#8877,#8886,#8894,#8903,#8911,
    #8920,#8928,#8937,#8945,#8954,#8962,#8971));
#8851 = ORIENTED_EDGE('',*,*,#8852,.F.);
#8852 = EDGE_CURVE('',#8853,#8855,#8857,.T.);
#8853 = VERTEX_POINT('',#8854);
#8854 = CARTESIAN_POINT('',(0.299125113365,4.E-02,0.186457606376));
#8855 = VERTEX_POINT('',#8856);
#8856 = CARTESIAN_POINT('',(0.340012776199,4.E-02,0.186457606376));
#8857 = LINE('',#8858,#8859);
#8858 = CARTESIAN_POINT('',(0.340012776199,4.E-02,0.186457606376));
#8859 = VECTOR('',#8860,1.);
#8860 = DIRECTION('',(1.,-0.,-0.));
#8861 = ORIENTED_EDGE('',*,*,#8862,.T.);
#8862 = EDGE_CURVE('',#8853,#8863,#8865,.T.);
#8863 = VERTEX_POINT('',#8864);
#8864 = CARTESIAN_POINT('',(0.299125113365,4.E-02,0.235015152374));
#8865 = LINE('',#8866,#8867);
#8866 = CARTESIAN_POINT('',(0.299125113365,4.E-02,-0.3));
#8867 = VECTOR('',#8868,1.);
#8868 = DIRECTION('',(-0.,-0.,1.));
#8869 = ORIENTED_EDGE('',*,*,#8870,.F.);
#8870 = EDGE_CURVE('',#8871,#8863,#8873,.T.);
#8871 = VERTEX_POINT('',#8872);
#8872 = CARTESIAN_POINT('',(0.321458773447,4.E-02,0.235015152374));
#8873 = LINE('',#8874,#8875);
#8874 = CARTESIAN_POINT('',(0.321458773447,4.E-02,0.235015152374));
#8875 = VECTOR('',#8876,1.);
#8876 = DIRECTION('',(-1.,0.,0.));
#8877 = ORIENTED_EDGE('',*,*,#8878,.T.);
#8878 = EDGE_CURVE('',#8871,#8879,#8881,.T.);
#8879 = VERTEX_POINT('',#8880);
#8880 = CARTESIAN_POINT('',(0.31,4.E-02,0.3));
#8881 = CIRCLE('',#8882,0.19);
#8882 = AXIS2_PLACEMENT_3D('',#8883,#8884,#8885);
#8883 = CARTESIAN_POINT('',(0.5,4.E-02,0.3));
#8884 = DIRECTION('',(0.,1.,0.));
#8885 = DIRECTION('',(0.,-0.,1.));
#8886 = ORIENTED_EDGE('',*,*,#8887,.T.);
#8887 = EDGE_CURVE('',#8879,#8888,#8890,.T.);
#8888 = VERTEX_POINT('',#8889);
#8889 = CARTESIAN_POINT('',(0.35,4.E-02,0.3));
#8890 = LINE('',#8891,#8892);
#8891 = CARTESIAN_POINT('',(0.31,4.E-02,0.3));
#8892 = VECTOR('',#8893,1.);
#8893 = DIRECTION('',(1.,0.,-2.710505431214E-15));
#8894 = ORIENTED_EDGE('',*,*,#8895,.T.);
#8895 = EDGE_CURVE('',#8888,#8896,#8898,.T.);
#8896 = VERTEX_POINT('',#8897);
#8897 = CARTESIAN_POINT('',(0.5,4.E-02,0.15));
#8898 = CIRCLE('',#8899,0.15);
#8899 = AXIS2_PLACEMENT_3D('',#8900,#8901,#8902);
#8900 = CARTESIAN_POINT('',(0.5,4.E-02,0.3));
#8901 = DIRECTION('',(0.,-1.,0.));
#8902 = DIRECTION('',(0.,0.,1.));
#8903 = ORIENTED_EDGE('',*,*,#8904,.T.);
#8904 = EDGE_CURVE('',#8896,#8905,#8907,.T.);
#8905 = VERTEX_POINT('',#8906);
#8906 = CARTESIAN_POINT('',(0.5,4.E-02,0.11));
#8907 = LINE('',#8908,#8909);
#8908 = CARTESIAN_POINT('',(0.5,4.E-02,0.15));
#8909 = VECTOR('',#8910,1.);
#8910 = DIRECTION('',(0.,0.,-1.));
#8911 = ORIENTED_EDGE('',*,*,#8912,.T.);
#8912 = EDGE_CURVE('',#8905,#8913,#8915,.T.);
#8913 = VERTEX_POINT('',#8914);
#8914 = CARTESIAN_POINT('',(0.46,4.E-02,0.11425824379));
#8915 = CIRCLE('',#8916,0.19);
#8916 = AXIS2_PLACEMENT_3D('',#8917,#8918,#8919);
#8917 = CARTESIAN_POINT('',(0.5,4.E-02,0.3));
#8918 = DIRECTION('',(0.,1.,0.));
#8919 = DIRECTION('',(0.,-0.,1.));
#8920 = ORIENTED_EDGE('',*,*,#8921,.T.);
#8921 = EDGE_CURVE('',#8913,#8922,#8924,.T.);
#8922 = VERTEX_POINT('',#8923);
#8923 = CARTESIAN_POINT('',(0.46,4.E-02,-0.11425824379));
#8924 = LINE('',#8925,#8926);
#8925 = CARTESIAN_POINT('',(0.46,4.E-02,0.11425824379));
#8926 = VECTOR('',#8927,1.);
#8927 = DIRECTION('',(0.,0.,-1.));
#8928 = ORIENTED_EDGE('',*,*,#8929,.T.);
#8929 = EDGE_CURVE('',#8922,#8930,#8932,.T.);
#8930 = VERTEX_POINT('',#8931);
#8931 = CARTESIAN_POINT('',(0.5,4.E-02,-0.11));
#8932 = CIRCLE('',#8933,0.19);
#8933 = AXIS2_PLACEMENT_3D('',#8934,#8935,#8936);
#8934 = CARTESIAN_POINT('',(0.5,4.E-02,-0.3));
#8935 = DIRECTION('',(0.,1.,0.));
#8936 = DIRECTION('',(0.,-0.,1.));
#8937 = ORIENTED_EDGE('',*,*,#8938,.T.);
#8938 = EDGE_CURVE('',#8930,#8939,#8941,.T.);
#8939 = VERTEX_POINT('',#8940);
#8940 = CARTESIAN_POINT('',(0.5,4.E-02,-0.15));
#8941 = LINE('',#8942,#8943);
#8942 = CARTESIAN_POINT('',(0.5,4.E-02,-0.11));
#8943 = VECTOR('',#8944,1.);
#8944 = DIRECTION('',(0.,0.,-1.));
#8945 = ORIENTED_EDGE('',*,*,#8946,.T.);
#8946 = EDGE_CURVE('',#8939,#8947,#8949,.T.);
#8947 = VERTEX_POINT('',#8948);
#8948 = CARTESIAN_POINT('',(0.35,4.E-02,-0.3));
#8949 = CIRCLE('',#8950,0.15);
#8950 = AXIS2_PLACEMENT_3D('',#8951,#8952,#8953);
#8951 = CARTESIAN_POINT('',(0.5,4.E-02,-0.3));
#8952 = DIRECTION('',(0.,-1.,0.));
#8953 = DIRECTION('',(0.,0.,1.));
#8954 = ORIENTED_EDGE('',*,*,#8955,.T.);
#8955 = EDGE_CURVE('',#8947,#8956,#8958,.T.);
#8956 = VERTEX_POINT('',#8957);
#8957 = CARTESIAN_POINT('',(0.31,4.E-02,-0.3));
#8958 = LINE('',#8959,#8960);
#8959 = CARTESIAN_POINT('',(0.35,4.E-02,-0.3));
#8960 = VECTOR('',#8961,1.);
#8961 = DIRECTION('',(-1.,0.,0.));
#8962 = ORIENTED_EDGE('',*,*,#8963,.T.);
#8963 = EDGE_CURVE('',#8956,#8964,#8966,.T.);
#8964 = VERTEX_POINT('',#8965);
#8965 = CARTESIAN_POINT('',(0.340012776199,4.E-02,-0.197510545808));
#8966 = CIRCLE('',#8967,0.19);
#8967 = AXIS2_PLACEMENT_3D('',#8968,#8969,#8970);
#8968 = CARTESIAN_POINT('',(0.5,4.E-02,-0.3));
#8969 = DIRECTION('',(0.,1.,0.));
#8970 = DIRECTION('',(0.,-0.,1.));
#8971 = ORIENTED_EDGE('',*,*,#8972,.F.);
#8972 = EDGE_CURVE('',#8855,#8964,#8973,.T.);
#8973 = LINE('',#8974,#8975);
#8974 = CARTESIAN_POINT('',(0.340012776199,4.E-02,-0.197510545808));
#8975 = VECTOR('',#8976,1.);
#8976 = DIRECTION('',(-0.,-0.,-1.));
#8977 = PLANE('',#8978);
#8978 = AXIS2_PLACEMENT_3D('',#8979,#8980,#8981);
#8979 = CARTESIAN_POINT('',(0.5,4.E-02,-0.3));
#8980 = DIRECTION('',(0.,1.,0.));
#8981 = DIRECTION('',(0.,-0.,1.));
#8982 = ADVANCED_FACE('',(#8983),#9049,.F.);
#8983 = FACE_BOUND('',#8984,.T.);
#8984 = EDGE_LOOP('',(#8985,#8995,#9003,#9011,#9019,#9027,#9035,#9043));
#8985 = ORIENTED_EDGE('',*,*,#8986,.F.);
#8986 = EDGE_CURVE('',#8987,#8989,#8991,.T.);
#8987 = VERTEX_POINT('',#8988);
#8988 = CARTESIAN_POINT('',(0.2,3.E-02,0.186457606376));
#8989 = VERTEX_POINT('',#8990);
#8990 = CARTESIAN_POINT('',(0.2,3.E-02,0.235015152374));
#8991 = LINE('',#8992,#8993);
#8992 = CARTESIAN_POINT('',(0.2,3.E-02,-0.26));
#8993 = VECTOR('',#8994,1.);
#8994 = DIRECTION('',(0.,0.,1.));
#8995 = ORIENTED_EDGE('',*,*,#8996,.F.);
#8996 = EDGE_CURVE('',#8997,#8987,#8999,.T.);
#8997 = VERTEX_POINT('',#8998);
#8998 = CARTESIAN_POINT('',(0.2,2.E-02,0.186457606376));
#8999 = LINE('',#9000,#9001);
#9000 = CARTESIAN_POINT('',(0.2,2.E-02,0.186457606376));
#9001 = VECTOR('',#9002,1.);
#9002 = DIRECTION('',(-0.,1.,-0.));
#9003 = ORIENTED_EDGE('',*,*,#9004,.F.);
#9004 = EDGE_CURVE('',#9005,#8997,#9007,.T.);
#9005 = VERTEX_POINT('',#9006);
#9006 = CARTESIAN_POINT('',(0.2,2.E-02,-0.26));
#9007 = LINE('',#9008,#9009);
#9008 = CARTESIAN_POINT('',(0.2,2.E-02,0.186457606376));
#9009 = VECTOR('',#9010,1.);
#9010 = DIRECTION('',(-0.,-0.,1.));
#9011 = ORIENTED_EDGE('',*,*,#9012,.T.);
#9012 = EDGE_CURVE('',#9005,#9013,#9015,.T.);
#9013 = VERTEX_POINT('',#9014);
#9014 = CARTESIAN_POINT('',(0.2,-4.E-02,-0.26));
#9015 = LINE('',#9016,#9017);
#9016 = CARTESIAN_POINT('',(0.2,4.E-02,-0.26));
#9017 = VECTOR('',#9018,1.);
#9018 = DIRECTION('',(-0.,-1.,-0.));
#9019 = ORIENTED_EDGE('',*,*,#9020,.T.);
#9020 = EDGE_CURVE('',#9013,#9021,#9023,.T.);
#9021 = VERTEX_POINT('',#9022);
#9022 = CARTESIAN_POINT('',(0.2,-4.E-02,0.26));
#9023 = LINE('',#9024,#9025);
#9024 = CARTESIAN_POINT('',(0.2,-4.E-02,-0.26));
#9025 = VECTOR('',#9026,1.);
#9026 = DIRECTION('',(0.,0.,1.));
#9027 = ORIENTED_EDGE('',*,*,#9028,.F.);
#9028 = EDGE_CURVE('',#9029,#9021,#9031,.T.);
#9029 = VERTEX_POINT('',#9030);
#9030 = CARTESIAN_POINT('',(0.2,2.E-02,0.26));
#9031 = LINE('',#9032,#9033);
#9032 = CARTESIAN_POINT('',(0.2,4.E-02,0.26));
#9033 = VECTOR('',#9034,1.);
#9034 = DIRECTION('',(-0.,-1.,-0.));
#9035 = ORIENTED_EDGE('',*,*,#9036,.F.);
#9036 = EDGE_CURVE('',#9037,#9029,#9039,.T.);
#9037 = VERTEX_POINT('',#9038);
#9038 = CARTESIAN_POINT('',(0.2,2.E-02,0.235015152374));
#9039 = LINE('',#9040,#9041);
#9040 = CARTESIAN_POINT('',(0.2,2.E-02,0.235015152374));
#9041 = VECTOR('',#9042,1.);
#9042 = DIRECTION('',(0.,0.,1.));
#9043 = ORIENTED_EDGE('',*,*,#9044,.T.);
#9044 = EDGE_CURVE('',#9037,#8989,#9045,.T.);
#9045 = LINE('',#9046,#9047);
#9046 = CARTESIAN_POINT('',(0.2,2.E-02,0.235015152374));
#9047 = VECTOR('',#9048,1.);
#9048 = DIRECTION('',(-0.,1.,-0.));
#9049 = PLANE('',#9050);
#9050 = AXIS2_PLACEMENT_3D('',#9051,#9052,#9053);
#9051 = CARTESIAN_POINT('',(0.2,4.E-02,-0.26));
#9052 = DIRECTION('',(1.,0.,0.));
#9053 = DIRECTION('',(0.,0.,-1.));
#9054 = ADVANCED_FACE('',(#9055),#9087,.F.);
#9055 = FACE_BOUND('',#9056,.T.);
#9056 = EDGE_LOOP('',(#9057,#9065,#9066,#9074,#9080,#9081));
#9057 = ORIENTED_EDGE('',*,*,#9058,.F.);
#9058 = EDGE_CURVE('',#8853,#9059,#9061,.T.);
#9059 = VERTEX_POINT('',#9060);
#9060 = CARTESIAN_POINT('',(0.3,3.E-02,0.186457606376));
#9061 = LINE('',#9062,#9063);
#9062 = CARTESIAN_POINT('',(0.301172182878,1.660188839972E-02,
    0.186457606376));
#9063 = VECTOR('',#9064,1.);
#9064 = DIRECTION('',(8.715574274766E-02,-0.996194698092,-0.));
#9065 = ORIENTED_EDGE('',*,*,#8852,.T.);
#9066 = ORIENTED_EDGE('',*,*,#9067,.F.);
#9067 = EDGE_CURVE('',#9068,#8855,#9070,.T.);
#9068 = VERTEX_POINT('',#9069);
#9069 = CARTESIAN_POINT('',(0.340012776199,2.E-02,0.186457606376));
#9070 = LINE('',#9071,#9072);
#9071 = CARTESIAN_POINT('',(0.340012776199,2.E-02,0.186457606376));
#9072 = VECTOR('',#9073,1.);
#9073 = DIRECTION('',(-0.,1.,-0.));
#9074 = ORIENTED_EDGE('',*,*,#9075,.F.);
#9075 = EDGE_CURVE('',#8997,#9068,#9076,.T.);
#9076 = LINE('',#9077,#9078);
#9077 = CARTESIAN_POINT('',(0.340012776199,2.E-02,0.186457606376));
#9078 = VECTOR('',#9079,1.);
#9079 = DIRECTION('',(1.,-0.,-0.));
#9080 = ORIENTED_EDGE('',*,*,#8996,.T.);
#9081 = ORIENTED_EDGE('',*,*,#9082,.F.);
#9082 = EDGE_CURVE('',#9059,#8987,#9083,.T.);
#9083 = LINE('',#9084,#9085);
#9084 = CARTESIAN_POINT('',(0.340012776199,3.E-02,0.186457606376));
#9085 = VECTOR('',#9086,1.);
#9086 = DIRECTION('',(-1.,0.,0.));
#9087 = PLANE('',#9088);
#9088 = AXIS2_PLACEMENT_3D('',#9089,#9090,#9091);
#9089 = CARTESIAN_POINT('',(0.340012776199,2.E-02,0.186457606376));
#9090 = DIRECTION('',(0.,0.,1.));
#9091 = DIRECTION('',(1.,0.,-0.));
#9092 = ADVANCED_FACE('',(#9093),#9125,.F.);
#9093 = FACE_BOUND('',#9094,.T.);
#9094 = EDGE_LOOP('',(#9095,#9103,#9109,#9110,#9118,#9124));
#9095 = ORIENTED_EDGE('',*,*,#9096,.F.);
#9096 = EDGE_CURVE('',#9097,#8863,#9099,.T.);
#9097 = VERTEX_POINT('',#9098);
#9098 = CARTESIAN_POINT('',(0.3,3.E-02,0.235015152374));
#9099 = LINE('',#9100,#9101);
#9100 = CARTESIAN_POINT('',(0.301031244381,1.82128227829E-02,
    0.235015152374));
#9101 = VECTOR('',#9102,1.);
#9102 = DIRECTION('',(-8.715574274766E-02,0.996194698092,-0.));
#9103 = ORIENTED_EDGE('',*,*,#9104,.F.);
#9104 = EDGE_CURVE('',#8989,#9097,#9105,.T.);
#9105 = LINE('',#9106,#9107);
#9106 = CARTESIAN_POINT('',(0.321458773447,3.E-02,0.235015152374));
#9107 = VECTOR('',#9108,1.);
#9108 = DIRECTION('',(1.,0.,0.));
#9109 = ORIENTED_EDGE('',*,*,#9044,.F.);
#9110 = ORIENTED_EDGE('',*,*,#9111,.F.);
#9111 = EDGE_CURVE('',#9112,#9037,#9114,.T.);
#9112 = VERTEX_POINT('',#9113);
#9113 = CARTESIAN_POINT('',(0.321458773447,2.E-02,0.235015152374));
#9114 = LINE('',#9115,#9116);
#9115 = CARTESIAN_POINT('',(0.321458773447,2.E-02,0.235015152374));
#9116 = VECTOR('',#9117,1.);
#9117 = DIRECTION('',(-1.,0.,0.));
#9118 = ORIENTED_EDGE('',*,*,#9119,.T.);
#9119 = EDGE_CURVE('',#9112,#8871,#9120,.T.);
#9120 = LINE('',#9121,#9122);
#9121 = CARTESIAN_POINT('',(0.321458773447,2.E-02,0.235015152374));
#9122 = VECTOR('',#9123,1.);
#9123 = DIRECTION('',(-0.,1.,-0.));
#9124 = ORIENTED_EDGE('',*,*,#8870,.T.);
#9125 = PLANE('',#9126);
#9126 = AXIS2_PLACEMENT_3D('',#9127,#9128,#9129);
#9127 = CARTESIAN_POINT('',(0.321458773447,2.E-02,0.235015152374));
#9128 = DIRECTION('',(-0.,0.,-1.));
#9129 = DIRECTION('',(-1.,0.,0.));
#9130 = ADVANCED_FACE('',(#9131),#9156,.F.);
#9131 = FACE_BOUND('',#9132,.T.);
#9132 = EDGE_LOOP('',(#9133,#9141,#9149,#9155));
#9133 = ORIENTED_EDGE('',*,*,#9134,.F.);
#9134 = EDGE_CURVE('',#9135,#9005,#9137,.T.);
#9135 = VERTEX_POINT('',#9136);
#9136 = CARTESIAN_POINT('',(0.31425824379,2.E-02,-0.26));
#9137 = LINE('',#9138,#9139);
#9138 = CARTESIAN_POINT('',(0.2,2.E-02,-0.26));
#9139 = VECTOR('',#9140,1.);
#9140 = DIRECTION('',(-1.,-0.,-0.));
#9141 = ORIENTED_EDGE('',*,*,#9142,.T.);
#9142 = EDGE_CURVE('',#9135,#9143,#9145,.T.);
#9143 = VERTEX_POINT('',#9144);
#9144 = CARTESIAN_POINT('',(0.31425824379,-4.E-02,-0.26));
#9145 = LINE('',#9146,#9147);
#9146 = CARTESIAN_POINT('',(0.31425824379,4.E-02,-0.26));
#9147 = VECTOR('',#9148,1.);
#9148 = DIRECTION('',(-0.,-1.,-0.));
#9149 = ORIENTED_EDGE('',*,*,#9150,.T.);
#9150 = EDGE_CURVE('',#9143,#9013,#9151,.T.);
#9151 = LINE('',#9152,#9153);
#9152 = CARTESIAN_POINT('',(0.31425824379,-4.E-02,-0.26));
#9153 = VECTOR('',#9154,1.);
#9154 = DIRECTION('',(-1.,0.,0.));
#9155 = ORIENTED_EDGE('',*,*,#9012,.F.);
#9156 = PLANE('',#9157);
#9157 = AXIS2_PLACEMENT_3D('',#9158,#9159,#9160);
#9158 = CARTESIAN_POINT('',(0.31425824379,4.E-02,-0.26));
#9159 = DIRECTION('',(0.,-0.,1.));
#9160 = DIRECTION('',(1.,0.,0.));
#9161 = ADVANCED_FACE('',(#9162),#9196,.T.);
#9162 = FACE_BOUND('',#9163,.T.);
#9163 = EDGE_LOOP('',(#9164,#9173,#9174,#9183,#9189,#9190));
#9164 = ORIENTED_EDGE('',*,*,#9165,.T.);
#9165 = EDGE_CURVE('',#9166,#9143,#9168,.T.);
#9166 = VERTEX_POINT('',#9167);
#9167 = CARTESIAN_POINT('',(0.31,-4.E-02,-0.3));
#9168 = CIRCLE('',#9169,0.19);
#9169 = AXIS2_PLACEMENT_3D('',#9170,#9171,#9172);
#9170 = CARTESIAN_POINT('',(0.5,-4.E-02,-0.3));
#9171 = DIRECTION('',(0.,1.,0.));
#9172 = DIRECTION('',(0.,-0.,1.));
#9173 = ORIENTED_EDGE('',*,*,#9142,.F.);
#9174 = ORIENTED_EDGE('',*,*,#9175,.F.);
#9175 = EDGE_CURVE('',#9176,#9135,#9178,.T.);
#9176 = VERTEX_POINT('',#9177);
#9177 = CARTESIAN_POINT('',(0.340012776199,2.E-02,-0.197510545808));
#9178 = CIRCLE('',#9179,0.19);
#9179 = AXIS2_PLACEMENT_3D('',#9180,#9181,#9182);
#9180 = CARTESIAN_POINT('',(0.5,2.E-02,-0.3));
#9181 = DIRECTION('',(0.,-1.,0.));
#9182 = DIRECTION('',(0.,0.,1.));
#9183 = ORIENTED_EDGE('',*,*,#9184,.T.);
#9184 = EDGE_CURVE('',#9176,#8964,#9185,.T.);
#9185 = LINE('',#9186,#9187);
#9186 = CARTESIAN_POINT('',(0.340012776199,2.E-02,-0.197510545808));
#9187 = VECTOR('',#9188,1.);
#9188 = DIRECTION('',(-0.,1.,-0.));
#9189 = ORIENTED_EDGE('',*,*,#8963,.F.);
#9190 = ORIENTED_EDGE('',*,*,#9191,.T.);
#9191 = EDGE_CURVE('',#8956,#9166,#9192,.T.);
#9192 = LINE('',#9193,#9194);
#9193 = CARTESIAN_POINT('',(0.31,4.E-02,-0.3));
#9194 = VECTOR('',#9195,1.);
#9195 = DIRECTION('',(-0.,-1.,-0.));
#9196 = CYLINDRICAL_SURFACE('',#9197,0.19);
#9197 = AXIS2_PLACEMENT_3D('',#9198,#9199,#9200);
#9198 = CARTESIAN_POINT('',(0.5,4.E-02,-0.3));
#9199 = DIRECTION('',(-0.,-1.,-0.));
#9200 = DIRECTION('',(0.,0.,-1.));
#9201 = ADVANCED_FACE('',(#9202),#9227,.F.);
#9202 = FACE_BOUND('',#9203,.T.);
#9203 = EDGE_LOOP('',(#9204,#9214,#9220,#9221));
#9204 = ORIENTED_EDGE('',*,*,#9205,.F.);
#9205 = EDGE_CURVE('',#9206,#9208,#9210,.T.);
#9206 = VERTEX_POINT('',#9207);
#9207 = CARTESIAN_POINT('',(0.31425824379,2.E-02,0.26));
#9208 = VERTEX_POINT('',#9209);
#9209 = CARTESIAN_POINT('',(0.31425824379,-4.E-02,0.26));
#9210 = LINE('',#9211,#9212);
#9211 = CARTESIAN_POINT('',(0.31425824379,4.E-02,0.26));
#9212 = VECTOR('',#9213,1.);
#9213 = DIRECTION('',(-0.,-1.,-0.));
#9214 = ORIENTED_EDGE('',*,*,#9215,.F.);
#9215 = EDGE_CURVE('',#9029,#9206,#9216,.T.);
#9216 = LINE('',#9217,#9218);
#9217 = CARTESIAN_POINT('',(0.2,2.E-02,0.26));
#9218 = VECTOR('',#9219,1.);
#9219 = DIRECTION('',(1.,0.,0.));
#9220 = ORIENTED_EDGE('',*,*,#9028,.T.);
#9221 = ORIENTED_EDGE('',*,*,#9222,.T.);
#9222 = EDGE_CURVE('',#9021,#9208,#9223,.T.);
#9223 = LINE('',#9224,#9225);
#9224 = CARTESIAN_POINT('',(0.2,-4.E-02,0.26));
#9225 = VECTOR('',#9226,1.);
#9226 = DIRECTION('',(1.,0.,0.));
#9227 = PLANE('',#9228);
#9228 = AXIS2_PLACEMENT_3D('',#9229,#9230,#9231);
#9229 = CARTESIAN_POINT('',(0.2,4.E-02,0.26));
#9230 = DIRECTION('',(0.,0.,-1.));
#9231 = DIRECTION('',(-1.,0.,-0.));
#9232 = ADVANCED_FACE('',(#9233),#9260,.T.);
#9233 = FACE_BOUND('',#9234,.T.);
#9234 = EDGE_LOOP('',(#9235,#9244,#9250,#9251,#9252,#9259));
#9235 = ORIENTED_EDGE('',*,*,#9236,.T.);
#9236 = EDGE_CURVE('',#9208,#9237,#9239,.T.);
#9237 = VERTEX_POINT('',#9238);
#9238 = CARTESIAN_POINT('',(0.31,-4.E-02,0.3));
#9239 = CIRCLE('',#9240,0.19);
#9240 = AXIS2_PLACEMENT_3D('',#9241,#9242,#9243);
#9241 = CARTESIAN_POINT('',(0.5,-4.E-02,0.3));
#9242 = DIRECTION('',(0.,1.,0.));
#9243 = DIRECTION('',(0.,-0.,1.));
#9244 = ORIENTED_EDGE('',*,*,#9245,.F.);
#9245 = EDGE_CURVE('',#8879,#9237,#9246,.T.);
#9246 = LINE('',#9247,#9248);
#9247 = CARTESIAN_POINT('',(0.31,4.E-02,0.3));
#9248 = VECTOR('',#9249,1.);
#9249 = DIRECTION('',(-0.,-1.,-0.));
#9250 = ORIENTED_EDGE('',*,*,#8878,.F.);
#9251 = ORIENTED_EDGE('',*,*,#9119,.F.);
#9252 = ORIENTED_EDGE('',*,*,#9253,.F.);
#9253 = EDGE_CURVE('',#9206,#9112,#9254,.T.);
#9254 = CIRCLE('',#9255,0.19);
#9255 = AXIS2_PLACEMENT_3D('',#9256,#9257,#9258);
#9256 = CARTESIAN_POINT('',(0.5,2.E-02,0.3));
#9257 = DIRECTION('',(-0.,-1.,0.));
#9258 = DIRECTION('',(-0.,0.,-1.));
#9259 = ORIENTED_EDGE('',*,*,#9205,.T.);
#9260 = CYLINDRICAL_SURFACE('',#9261,0.19);
#9261 = AXIS2_PLACEMENT_3D('',#9262,#9263,#9264);
#9262 = CARTESIAN_POINT('',(0.5,4.E-02,0.3));
#9263 = DIRECTION('',(-0.,-1.,-0.));
#9264 = DIRECTION('',(0.,0.,-1.));
#9265 = ADVANCED_FACE('',(#9266),#9284,.F.);
#9266 = FACE_BOUND('',#9267,.T.);
#9267 = EDGE_LOOP('',(#9268,#9276,#9282,#9283));
#9268 = ORIENTED_EDGE('',*,*,#9269,.T.);
#9269 = EDGE_CURVE('',#9237,#9270,#9272,.T.);
#9270 = VERTEX_POINT('',#9271);
#9271 = CARTESIAN_POINT('',(0.35,-4.E-02,0.3));
#9272 = LINE('',#9273,#9274);
#9273 = CARTESIAN_POINT('',(0.31,-4.E-02,0.3));
#9274 = VECTOR('',#9275,1.);
#9275 = DIRECTION('',(1.,0.,-2.710505431214E-15));
#9276 = ORIENTED_EDGE('',*,*,#9277,.F.);
#9277 = EDGE_CURVE('',#8888,#9270,#9278,.T.);
#9278 = LINE('',#9279,#9280);
#9279 = CARTESIAN_POINT('',(0.35,4.E-02,0.3));
#9280 = VECTOR('',#9281,1.);
#9281 = DIRECTION('',(-0.,-1.,-0.));
#9282 = ORIENTED_EDGE('',*,*,#8887,.F.);
#9283 = ORIENTED_EDGE('',*,*,#9245,.T.);
#9284 = PLANE('',#9285);
#9285 = AXIS2_PLACEMENT_3D('',#9286,#9287,#9288);
#9286 = CARTESIAN_POINT('',(0.31,4.E-02,0.3));
#9287 = DIRECTION('',(-2.710505431214E-15,0.,-1.));
#9288 = DIRECTION('',(-1.,0.,2.710505431214E-15));
#9289 = ADVANCED_FACE('',(#9290),#9309,.F.);
#9290 = FACE_BOUND('',#9291,.F.);
#9291 = EDGE_LOOP('',(#9292,#9293,#9294,#9302));
#9292 = ORIENTED_EDGE('',*,*,#9277,.F.);
#9293 = ORIENTED_EDGE('',*,*,#8895,.T.);
#9294 = ORIENTED_EDGE('',*,*,#9295,.T.);
#9295 = EDGE_CURVE('',#8896,#9296,#9298,.T.);
#9296 = VERTEX_POINT('',#9297);
#9297 = CARTESIAN_POINT('',(0.5,-4.E-02,0.15));
#9298 = LINE('',#9299,#9300);
#9299 = CARTESIAN_POINT('',(0.5,4.E-02,0.15));
#9300 = VECTOR('',#9301,1.);
#9301 = DIRECTION('',(-0.,-1.,-0.));
#9302 = ORIENTED_EDGE('',*,*,#9303,.F.);
#9303 = EDGE_CURVE('',#9270,#9296,#9304,.T.);
#9304 = CIRCLE('',#9305,0.15);
#9305 = AXIS2_PLACEMENT_3D('',#9306,#9307,#9308);
#9306 = CARTESIAN_POINT('',(0.5,-4.E-02,0.3));
#9307 = DIRECTION('',(0.,-1.,0.));
#9308 = DIRECTION('',(0.,0.,1.));
#9309 = CYLINDRICAL_SURFACE('',#9310,0.15);
#9310 = AXIS2_PLACEMENT_3D('',#9311,#9312,#9313);
#9311 = CARTESIAN_POINT('',(0.5,4.E-02,0.3));
#9312 = DIRECTION('',(-0.,-1.,-0.));
#9313 = DIRECTION('',(0.,0.,-1.));
#9314 = ADVANCED_FACE('',(#9315),#9333,.F.);
#9315 = FACE_BOUND('',#9316,.T.);
#9316 = EDGE_LOOP('',(#9317,#9325,#9331,#9332));
#9317 = ORIENTED_EDGE('',*,*,#9318,.T.);
#9318 = EDGE_CURVE('',#9296,#9319,#9321,.T.);
#9319 = VERTEX_POINT('',#9320);
#9320 = CARTESIAN_POINT('',(0.5,-4.E-02,0.11));
#9321 = LINE('',#9322,#9323);
#9322 = CARTESIAN_POINT('',(0.5,-4.E-02,0.15));
#9323 = VECTOR('',#9324,1.);
#9324 = DIRECTION('',(0.,0.,-1.));
#9325 = ORIENTED_EDGE('',*,*,#9326,.F.);
#9326 = EDGE_CURVE('',#8905,#9319,#9327,.T.);
#9327 = LINE('',#9328,#9329);
#9328 = CARTESIAN_POINT('',(0.5,4.E-02,0.11));
#9329 = VECTOR('',#9330,1.);
#9330 = DIRECTION('',(-0.,-1.,-0.));
#9331 = ORIENTED_EDGE('',*,*,#8904,.F.);
#9332 = ORIENTED_EDGE('',*,*,#9295,.T.);
#9333 = PLANE('',#9334);
#9334 = AXIS2_PLACEMENT_3D('',#9335,#9336,#9337);
#9335 = CARTESIAN_POINT('',(0.5,4.E-02,0.15));
#9336 = DIRECTION('',(-1.,0.,0.));
#9337 = DIRECTION('',(0.,0.,1.));
#9338 = ADVANCED_FACE('',(#9339),#9358,.T.);
#9339 = FACE_BOUND('',#9340,.T.);
#9340 = EDGE_LOOP('',(#9341,#9350,#9356,#9357));
#9341 = ORIENTED_EDGE('',*,*,#9342,.T.);
#9342 = EDGE_CURVE('',#9319,#9343,#9345,.T.);
#9343 = VERTEX_POINT('',#9344);
#9344 = CARTESIAN_POINT('',(0.46,-4.E-02,0.11425824379));
#9345 = CIRCLE('',#9346,0.19);
#9346 = AXIS2_PLACEMENT_3D('',#9347,#9348,#9349);
#9347 = CARTESIAN_POINT('',(0.5,-4.E-02,0.3));
#9348 = DIRECTION('',(0.,1.,0.));
#9349 = DIRECTION('',(0.,-0.,1.));
#9350 = ORIENTED_EDGE('',*,*,#9351,.F.);
#9351 = EDGE_CURVE('',#8913,#9343,#9352,.T.);
#9352 = LINE('',#9353,#9354);
#9353 = CARTESIAN_POINT('',(0.46,4.E-02,0.11425824379));
#9354 = VECTOR('',#9355,1.);
#9355 = DIRECTION('',(-0.,-1.,-0.));
#9356 = ORIENTED_EDGE('',*,*,#8912,.F.);
#9357 = ORIENTED_EDGE('',*,*,#9326,.T.);
#9358 = CYLINDRICAL_SURFACE('',#9359,0.19);
#9359 = AXIS2_PLACEMENT_3D('',#9360,#9361,#9362);
#9360 = CARTESIAN_POINT('',(0.5,4.E-02,0.3));
#9361 = DIRECTION('',(-0.,-1.,-0.));
#9362 = DIRECTION('',(0.,0.,-1.));
#9363 = ADVANCED_FACE('',(#9364),#9382,.F.);
#9364 = FACE_BOUND('',#9365,.T.);
#9365 = EDGE_LOOP('',(#9366,#9374,#9380,#9381));
#9366 = ORIENTED_EDGE('',*,*,#9367,.T.);
#9367 = EDGE_CURVE('',#9343,#9368,#9370,.T.);
#9368 = VERTEX_POINT('',#9369);
#9369 = CARTESIAN_POINT('',(0.46,-4.E-02,-0.11425824379));
#9370 = LINE('',#9371,#9372);
#9371 = CARTESIAN_POINT('',(0.46,-4.E-02,0.11425824379));
#9372 = VECTOR('',#9373,1.);
#9373 = DIRECTION('',(0.,0.,-1.));
#9374 = ORIENTED_EDGE('',*,*,#9375,.F.);
#9375 = EDGE_CURVE('',#8922,#9368,#9376,.T.);
#9376 = LINE('',#9377,#9378);
#9377 = CARTESIAN_POINT('',(0.46,4.E-02,-0.11425824379));
#9378 = VECTOR('',#9379,1.);
#9379 = DIRECTION('',(-0.,-1.,-0.));
#9380 = ORIENTED_EDGE('',*,*,#8921,.F.);
#9381 = ORIENTED_EDGE('',*,*,#9351,.T.);
#9382 = PLANE('',#9383);
#9383 = AXIS2_PLACEMENT_3D('',#9384,#9385,#9386);
#9384 = CARTESIAN_POINT('',(0.46,4.E-02,0.11425824379));
#9385 = DIRECTION('',(-1.,0.,0.));
#9386 = DIRECTION('',(0.,0.,1.));
#9387 = ADVANCED_FACE('',(#9388),#9407,.T.);
#9388 = FACE_BOUND('',#9389,.T.);
#9389 = EDGE_LOOP('',(#9390,#9399,#9405,#9406));
#9390 = ORIENTED_EDGE('',*,*,#9391,.T.);
#9391 = EDGE_CURVE('',#9368,#9392,#9394,.T.);
#9392 = VERTEX_POINT('',#9393);
#9393 = CARTESIAN_POINT('',(0.5,-4.E-02,-0.11));
#9394 = CIRCLE('',#9395,0.19);
#9395 = AXIS2_PLACEMENT_3D('',#9396,#9397,#9398);
#9396 = CARTESIAN_POINT('',(0.5,-4.E-02,-0.3));
#9397 = DIRECTION('',(0.,1.,0.));
#9398 = DIRECTION('',(0.,-0.,1.));
#9399 = ORIENTED_EDGE('',*,*,#9400,.F.);
#9400 = EDGE_CURVE('',#8930,#9392,#9401,.T.);
#9401 = LINE('',#9402,#9403);
#9402 = CARTESIAN_POINT('',(0.5,4.E-02,-0.11));
#9403 = VECTOR('',#9404,1.);
#9404 = DIRECTION('',(-0.,-1.,-0.));
#9405 = ORIENTED_EDGE('',*,*,#8929,.F.);
#9406 = ORIENTED_EDGE('',*,*,#9375,.T.);
#9407 = CYLINDRICAL_SURFACE('',#9408,0.19);
#9408 = AXIS2_PLACEMENT_3D('',#9409,#9410,#9411);
#9409 = CARTESIAN_POINT('',(0.5,4.E-02,-0.3));
#9410 = DIRECTION('',(-0.,-1.,-0.));
#9411 = DIRECTION('',(0.,0.,-1.));
#9412 = ADVANCED_FACE('',(#9413),#9431,.F.);
#9413 = FACE_BOUND('',#9414,.T.);
#9414 = EDGE_LOOP('',(#9415,#9423,#9429,#9430));
#9415 = ORIENTED_EDGE('',*,*,#9416,.T.);
#9416 = EDGE_CURVE('',#9392,#9417,#9419,.T.);
#9417 = VERTEX_POINT('',#9418);
#9418 = CARTESIAN_POINT('',(0.5,-4.E-02,-0.15));
#9419 = LINE('',#9420,#9421);
#9420 = CARTESIAN_POINT('',(0.5,-4.E-02,-0.11));
#9421 = VECTOR('',#9422,1.);
#9422 = DIRECTION('',(0.,0.,-1.));
#9423 = ORIENTED_EDGE('',*,*,#9424,.F.);
#9424 = EDGE_CURVE('',#8939,#9417,#9425,.T.);
#9425 = LINE('',#9426,#9427);
#9426 = CARTESIAN_POINT('',(0.5,4.E-02,-0.15));
#9427 = VECTOR('',#9428,1.);
#9428 = DIRECTION('',(-0.,-1.,-0.));
#9429 = ORIENTED_EDGE('',*,*,#8938,.F.);
#9430 = ORIENTED_EDGE('',*,*,#9400,.T.);
#9431 = PLANE('',#9432);
#9432 = AXIS2_PLACEMENT_3D('',#9433,#9434,#9435);
#9433 = CARTESIAN_POINT('',(0.5,4.E-02,-0.11));
#9434 = DIRECTION('',(-1.,0.,0.));
#9435 = DIRECTION('',(0.,0.,1.));
#9436 = ADVANCED_FACE('',(#9437),#9456,.F.);
#9437 = FACE_BOUND('',#9438,.F.);
#9438 = EDGE_LOOP('',(#9439,#9440,#9441,#9449));
#9439 = ORIENTED_EDGE('',*,*,#9424,.F.);
#9440 = ORIENTED_EDGE('',*,*,#8946,.T.);
#9441 = ORIENTED_EDGE('',*,*,#9442,.T.);
#9442 = EDGE_CURVE('',#8947,#9443,#9445,.T.);
#9443 = VERTEX_POINT('',#9444);
#9444 = CARTESIAN_POINT('',(0.35,-4.E-02,-0.3));
#9445 = LINE('',#9446,#9447);
#9446 = CARTESIAN_POINT('',(0.35,4.E-02,-0.3));
#9447 = VECTOR('',#9448,1.);
#9448 = DIRECTION('',(-0.,-1.,-0.));
#9449 = ORIENTED_EDGE('',*,*,#9450,.F.);
#9450 = EDGE_CURVE('',#9417,#9443,#9451,.T.);
#9451 = CIRCLE('',#9452,0.15);
#9452 = AXIS2_PLACEMENT_3D('',#9453,#9454,#9455);
#9453 = CARTESIAN_POINT('',(0.5,-4.E-02,-0.3));
#9454 = DIRECTION('',(0.,-1.,0.));
#9455 = DIRECTION('',(0.,0.,1.));
#9456 = CYLINDRICAL_SURFACE('',#9457,0.15);
#9457 = AXIS2_PLACEMENT_3D('',#9458,#9459,#9460);
#9458 = CARTESIAN_POINT('',(0.5,4.E-02,-0.3));
#9459 = DIRECTION('',(-0.,-1.,-0.));
#9460 = DIRECTION('',(0.,0.,-1.));
#9461 = ADVANCED_FACE('',(#9462),#9473,.F.);
#9462 = FACE_BOUND('',#9463,.T.);
#9463 = EDGE_LOOP('',(#9464,#9470,#9471,#9472));
#9464 = ORIENTED_EDGE('',*,*,#9465,.T.);
#9465 = EDGE_CURVE('',#9443,#9166,#9466,.T.);
#9466 = LINE('',#9467,#9468);
#9467 = CARTESIAN_POINT('',(0.35,-4.E-02,-0.3));
#9468 = VECTOR('',#9469,1.);
#9469 = DIRECTION('',(-1.,0.,0.));
#9470 = ORIENTED_EDGE('',*,*,#9191,.F.);
#9471 = ORIENTED_EDGE('',*,*,#8955,.F.);
#9472 = ORIENTED_EDGE('',*,*,#9442,.T.);
#9473 = PLANE('',#9474);
#9474 = AXIS2_PLACEMENT_3D('',#9475,#9476,#9477);
#9475 = CARTESIAN_POINT('',(0.35,4.E-02,-0.3));
#9476 = DIRECTION('',(0.,-0.,1.));
#9477 = DIRECTION('',(1.,0.,0.));
#9478 = ADVANCED_FACE('',(#9479),#9495,.F.);
#9479 = FACE_BOUND('',#9480,.T.);
#9480 = EDGE_LOOP('',(#9481,#9482,#9483,#9484,#9485,#9486,#9487,#9488,
    #9489,#9490,#9491,#9492,#9493,#9494));
#9481 = ORIENTED_EDGE('',*,*,#9165,.F.);
#9482 = ORIENTED_EDGE('',*,*,#9465,.F.);
#9483 = ORIENTED_EDGE('',*,*,#9450,.F.);
#9484 = ORIENTED_EDGE('',*,*,#9416,.F.);
#9485 = ORIENTED_EDGE('',*,*,#9391,.F.);
#9486 = ORIENTED_EDGE('',*,*,#9367,.F.);
#9487 = ORIENTED_EDGE('',*,*,#9342,.F.);
#9488 = ORIENTED_EDGE('',*,*,#9318,.F.);
#9489 = ORIENTED_EDGE('',*,*,#9303,.F.);
#9490 = ORIENTED_EDGE('',*,*,#9269,.F.);
#9491 = ORIENTED_EDGE('',*,*,#9236,.F.);
#9492 = ORIENTED_EDGE('',*,*,#9222,.F.);
#9493 = ORIENTED_EDGE('',*,*,#9020,.F.);
#9494 = ORIENTED_EDGE('',*,*,#9150,.F.);
#9495 = PLANE('',#9496);
#9496 = AXIS2_PLACEMENT_3D('',#9497,#9498,#9499);
#9497 = CARTESIAN_POINT('',(0.5,-4.E-02,-0.3));
#9498 = DIRECTION('',(0.,1.,0.));
#9499 = DIRECTION('',(0.,-0.,1.));
#9500 = ADVANCED_FACE('',(#9501),#9512,.F.);
#9501 = FACE_BOUND('',#9502,.T.);
#9502 = EDGE_LOOP('',(#9503,#9504,#9505,#9511));
#9503 = ORIENTED_EDGE('',*,*,#8972,.T.);
#9504 = ORIENTED_EDGE('',*,*,#9184,.F.);
#9505 = ORIENTED_EDGE('',*,*,#9506,.F.);
#9506 = EDGE_CURVE('',#9068,#9176,#9507,.T.);
#9507 = LINE('',#9508,#9509);
#9508 = CARTESIAN_POINT('',(0.340012776199,2.E-02,-0.197510545808));
#9509 = VECTOR('',#9510,1.);
#9510 = DIRECTION('',(-0.,-0.,-1.));
#9511 = ORIENTED_EDGE('',*,*,#9067,.T.);
#9512 = PLANE('',#9513);
#9513 = AXIS2_PLACEMENT_3D('',#9514,#9515,#9516);
#9514 = CARTESIAN_POINT('',(0.340012776199,2.E-02,-0.197510545808));
#9515 = DIRECTION('',(1.,0.,-0.));
#9516 = DIRECTION('',(-0.,0.,-1.));
#9517 = ADVANCED_FACE('',(#9518),#9525,.T.);
#9518 = FACE_BOUND('',#9519,.T.);
#9519 = EDGE_LOOP('',(#9520,#9521,#9522,#9523,#9524));
#9520 = ORIENTED_EDGE('',*,*,#9506,.T.);
#9521 = ORIENTED_EDGE('',*,*,#9175,.T.);
#9522 = ORIENTED_EDGE('',*,*,#9134,.T.);
#9523 = ORIENTED_EDGE('',*,*,#9004,.T.);
#9524 = ORIENTED_EDGE('',*,*,#9075,.T.);
#9525 = PLANE('',#9526);
#9526 = AXIS2_PLACEMENT_3D('',#9527,#9528,#9529);
#9527 = CARTESIAN_POINT('',(0.5,2.E-02,-0.3));
#9528 = DIRECTION('',(0.,1.,0.));
#9529 = DIRECTION('',(0.,-0.,1.));
#9530 = ADVANCED_FACE('',(#9531),#9537,.F.);
#9531 = FACE_BOUND('',#9532,.T.);
#9532 = EDGE_LOOP('',(#9533,#9534,#9535,#9536));
#9533 = ORIENTED_EDGE('',*,*,#9253,.T.);
#9534 = ORIENTED_EDGE('',*,*,#9111,.T.);
#9535 = ORIENTED_EDGE('',*,*,#9036,.T.);
#9536 = ORIENTED_EDGE('',*,*,#9215,.T.);
#9537 = PLANE('',#9538);
#9538 = AXIS2_PLACEMENT_3D('',#9539,#9540,#9541);
#9539 = CARTESIAN_POINT('',(0.5,2.E-02,0.3));
#9540 = DIRECTION('',(0.,-1.,0.));
#9541 = DIRECTION('',(0.,-0.,-1.));
#9542 = ADVANCED_FACE('',(#9543),#9554,.F.);
#9543 = FACE_BOUND('',#9544,.T.);
#9544 = EDGE_LOOP('',(#9545,#9546,#9552,#9553));
#9545 = ORIENTED_EDGE('',*,*,#9058,.T.);
#9546 = ORIENTED_EDGE('',*,*,#9547,.F.);
#9547 = EDGE_CURVE('',#9097,#9059,#9548,.T.);
#9548 = LINE('',#9549,#9550);
#9549 = CARTESIAN_POINT('',(0.3,3.E-02,0.3));
#9550 = VECTOR('',#9551,1.);
#9551 = DIRECTION('',(0.,0.,-1.));
#9552 = ORIENTED_EDGE('',*,*,#9096,.T.);
#9553 = ORIENTED_EDGE('',*,*,#8862,.F.);
#9554 = PLANE('',#9555);
#9555 = AXIS2_PLACEMENT_3D('',#9556,#9557,#9558);
#9556 = CARTESIAN_POINT('',(0.3,3.E-02,0.3));
#9557 = DIRECTION('',(0.996194698092,8.715574274766E-02,0.));
#9558 = DIRECTION('',(-8.715574274766E-02,0.996194698092,0.));
#9559 = ADVANCED_FACE('',(#9560),#9566,.T.);
#9560 = FACE_BOUND('',#9561,.T.);
#9561 = EDGE_LOOP('',(#9562,#9563,#9564,#9565));
#9562 = ORIENTED_EDGE('',*,*,#9082,.T.);
#9563 = ORIENTED_EDGE('',*,*,#8986,.T.);
#9564 = ORIENTED_EDGE('',*,*,#9104,.T.);
#9565 = ORIENTED_EDGE('',*,*,#9547,.T.);
#9566 = PLANE('',#9567);
#9567 = AXIS2_PLACEMENT_3D('',#9568,#9569,#9570);
#9568 = CARTESIAN_POINT('',(0.,3.E-02,0.));
#9569 = DIRECTION('',(0.,1.,0.));
#9570 = DIRECTION('',(0.,-0.,1.));
#9571 = MANIFOLD_SOLID_BREP('',#9572);
#9572 = CLOSED_SHELL('',(#9573,#9645,#9779,#9817,#9855,#9886,#9917,#9950
    ,#9974,#9999,#10023,#10048,#10072,#10097,#10121,#10146,#10170,#10203
    ,#10225,#10242,#10255,#10267,#10284));
#9573 = ADVANCED_FACE('',(#9574),#9640,.F.);
#9574 = FACE_BOUND('',#9575,.T.);
#9575 = EDGE_LOOP('',(#9576,#9586,#9594,#9602,#9610,#9618,#9626,#9634));
#9576 = ORIENTED_EDGE('',*,*,#9577,.F.);
#9577 = EDGE_CURVE('',#9578,#9580,#9582,.T.);
#9578 = VERTEX_POINT('',#9579);
#9579 = CARTESIAN_POINT('',(-0.2,3.E-02,-0.186457606376));
#9580 = VERTEX_POINT('',#9581);
#9581 = CARTESIAN_POINT('',(-0.2,3.E-02,-0.235015152374));
#9582 = LINE('',#9583,#9584);
#9583 = CARTESIAN_POINT('',(-0.2,3.E-02,0.26));
#9584 = VECTOR('',#9585,1.);
#9585 = DIRECTION('',(0.,0.,-1.));
#9586 = ORIENTED_EDGE('',*,*,#9587,.F.);
#9587 = EDGE_CURVE('',#9588,#9578,#9590,.T.);
#9588 = VERTEX_POINT('',#9589);
#9589 = CARTESIAN_POINT('',(-0.2,2.E-02,-0.186457606376));
#9590 = LINE('',#9591,#9592);
#9591 = CARTESIAN_POINT('',(-0.2,2.E-02,-0.186457606376));
#9592 = VECTOR('',#9593,1.);
#9593 = DIRECTION('',(-0.,1.,-0.));
#9594 = ORIENTED_EDGE('',*,*,#9595,.F.);
#9595 = EDGE_CURVE('',#9596,#9588,#9598,.T.);
#9596 = VERTEX_POINT('',#9597);
#9597 = CARTESIAN_POINT('',(-0.2,2.E-02,0.26));
#9598 = LINE('',#9599,#9600);
#9599 = CARTESIAN_POINT('',(-0.2,2.E-02,-0.186457606376));
#9600 = VECTOR('',#9601,1.);
#9601 = DIRECTION('',(-0.,-0.,-1.));
#9602 = ORIENTED_EDGE('',*,*,#9603,.T.);
#9603 = EDGE_CURVE('',#9596,#9604,#9606,.T.);
#9604 = VERTEX_POINT('',#9605);
#9605 = CARTESIAN_POINT('',(-0.2,-4.E-02,0.26));
#9606 = LINE('',#9607,#9608);
#9607 = CARTESIAN_POINT('',(-0.2,4.E-02,0.26));
#9608 = VECTOR('',#9609,1.);
#9609 = DIRECTION('',(-0.,-1.,-0.));
#9610 = ORIENTED_EDGE('',*,*,#9611,.T.);
#9611 = EDGE_CURVE('',#9604,#9612,#9614,.T.);
#9612 = VERTEX_POINT('',#9613);
#9613 = CARTESIAN_POINT('',(-0.2,-4.E-02,-0.26));
#9614 = LINE('',#9615,#9616);
#9615 = CARTESIAN_POINT('',(-0.2,-4.E-02,0.26));
#9616 = VECTOR('',#9617,1.);
#9617 = DIRECTION('',(0.,0.,-1.));
#9618 = ORIENTED_EDGE('',*,*,#9619,.F.);
#9619 = EDGE_CURVE('',#9620,#9612,#9622,.T.);
#9620 = VERTEX_POINT('',#9621);
#9621 = CARTESIAN_POINT('',(-0.2,2.E-02,-0.26));
#9622 = LINE('',#9623,#9624);
#9623 = CARTESIAN_POINT('',(-0.2,4.E-02,-0.26));
#9624 = VECTOR('',#9625,1.);
#9625 = DIRECTION('',(-0.,-1.,-0.));
#9626 = ORIENTED_EDGE('',*,*,#9627,.F.);
#9627 = EDGE_CURVE('',#9628,#9620,#9630,.T.);
#9628 = VERTEX_POINT('',#9629);
#9629 = CARTESIAN_POINT('',(-0.2,2.E-02,-0.235015152374));
#9630 = LINE('',#9631,#9632);
#9631 = CARTESIAN_POINT('',(-0.2,2.E-02,-0.235015152374));
#9632 = VECTOR('',#9633,1.);
#9633 = DIRECTION('',(0.,0.,-1.));
#9634 = ORIENTED_EDGE('',*,*,#9635,.T.);
#9635 = EDGE_CURVE('',#9628,#9580,#9636,.T.);
#9636 = LINE('',#9637,#9638);
#9637 = CARTESIAN_POINT('',(-0.2,2.E-02,-0.235015152374));
#9638 = VECTOR('',#9639,1.);
#9639 = DIRECTION('',(-0.,1.,-0.));
#9640 = PLANE('',#9641);
#9641 = AXIS2_PLACEMENT_3D('',#9642,#9643,#9644);
#9642 = CARTESIAN_POINT('',(-0.2,4.E-02,0.26));
#9643 = DIRECTION('',(-1.,0.,0.));
#9644 = DIRECTION('',(0.,0.,1.));
#9645 = ADVANCED_FACE('',(#9646),#9774,.T.);
#9646 = FACE_BOUND('',#9647,.T.);
#9647 = EDGE_LOOP('',(#9648,#9658,#9666,#9674,#9683,#9691,#9700,#9708,
    #9717,#9725,#9734,#9742,#9751,#9759,#9768));
#9648 = ORIENTED_EDGE('',*,*,#9649,.F.);
#9649 = EDGE_CURVE('',#9650,#9652,#9654,.T.);
#9650 = VERTEX_POINT('',#9651);
#9651 = CARTESIAN_POINT('',(-0.299125113365,4.E-02,-0.186457606376));
#9652 = VERTEX_POINT('',#9653);
#9653 = CARTESIAN_POINT('',(-0.340012776199,4.E-02,-0.186457606376));
#9654 = LINE('',#9655,#9656);
#9655 = CARTESIAN_POINT('',(-0.340012776199,4.E-02,-0.186457606376));
#9656 = VECTOR('',#9657,1.);
#9657 = DIRECTION('',(-1.,-0.,-0.));
#9658 = ORIENTED_EDGE('',*,*,#9659,.T.);
#9659 = EDGE_CURVE('',#9650,#9660,#9662,.T.);
#9660 = VERTEX_POINT('',#9661);
#9661 = CARTESIAN_POINT('',(-0.299125113365,4.E-02,-0.235015152374));
#9662 = LINE('',#9663,#9664);
#9663 = CARTESIAN_POINT('',(-0.299125113365,4.E-02,-0.3));
#9664 = VECTOR('',#9665,1.);
#9665 = DIRECTION('',(-0.,0.,-1.));
#9666 = ORIENTED_EDGE('',*,*,#9667,.F.);
#9667 = EDGE_CURVE('',#9668,#9660,#9670,.T.);
#9668 = VERTEX_POINT('',#9669);
#9669 = CARTESIAN_POINT('',(-0.321458773447,4.E-02,-0.235015152374));
#9670 = LINE('',#9671,#9672);
#9671 = CARTESIAN_POINT('',(-0.321458773447,4.E-02,-0.235015152374));
#9672 = VECTOR('',#9673,1.);
#9673 = DIRECTION('',(1.,0.,0.));
#9674 = ORIENTED_EDGE('',*,*,#9675,.T.);
#9675 = EDGE_CURVE('',#9668,#9676,#9678,.T.);
#9676 = VERTEX_POINT('',#9677);
#9677 = CARTESIAN_POINT('',(-0.31,4.E-02,-0.3));
#9678 = CIRCLE('',#9679,0.19);
#9679 = AXIS2_PLACEMENT_3D('',#9680,#9681,#9682);
#9680 = CARTESIAN_POINT('',(-0.5,4.E-02,-0.3));
#9681 = DIRECTION('',(0.,1.,0.));
#9682 = DIRECTION('',(0.,-0.,1.));
#9683 = ORIENTED_EDGE('',*,*,#9684,.T.);
#9684 = EDGE_CURVE('',#9676,#9685,#9687,.T.);
#9685 = VERTEX_POINT('',#9686);
#9686 = CARTESIAN_POINT('',(-0.35,4.E-02,-0.3));
#9687 = LINE('',#9688,#9689);
#9688 = CARTESIAN_POINT('',(-0.31,4.E-02,-0.3));
#9689 = VECTOR('',#9690,1.);
#9690 = DIRECTION('',(-1.,0.,0.));
#9691 = ORIENTED_EDGE('',*,*,#9692,.T.);
#9692 = EDGE_CURVE('',#9685,#9693,#9695,.T.);
#9693 = VERTEX_POINT('',#9694);
#9694 = CARTESIAN_POINT('',(-0.5,4.E-02,-0.15));
#9695 = CIRCLE('',#9696,0.15);
#9696 = AXIS2_PLACEMENT_3D('',#9697,#9698,#9699);
#9697 = CARTESIAN_POINT('',(-0.5,4.E-02,-0.3));
#9698 = DIRECTION('',(0.,-1.,0.));
#9699 = DIRECTION('',(0.,0.,1.));
#9700 = ORIENTED_EDGE('',*,*,#9701,.T.);
#9701 = EDGE_CURVE('',#9693,#9702,#9704,.T.);
#9702 = VERTEX_POINT('',#9703);
#9703 = CARTESIAN_POINT('',(-0.5,4.E-02,-0.11));
#9704 = LINE('',#9705,#9706);
#9705 = CARTESIAN_POINT('',(-0.5,4.E-02,-0.15));
#9706 = VECTOR('',#9707,1.);
#9707 = DIRECTION('',(0.,0.,1.));
#9708 = ORIENTED_EDGE('',*,*,#9709,.T.);
#9709 = EDGE_CURVE('',#9702,#9710,#9712,.T.);
#9710 = VERTEX_POINT('',#9711);
#9711 = CARTESIAN_POINT('',(-0.46,4.E-02,-0.11425824379));
#9712 = CIRCLE('',#9713,0.19);
#9713 = AXIS2_PLACEMENT_3D('',#9714,#9715,#9716);
#9714 = CARTESIAN_POINT('',(-0.5,4.E-02,-0.3));
#9715 = DIRECTION('',(0.,1.,0.));
#9716 = DIRECTION('',(0.,-0.,1.));
#9717 = ORIENTED_EDGE('',*,*,#9718,.T.);
#9718 = EDGE_CURVE('',#9710,#9719,#9721,.T.);
#9719 = VERTEX_POINT('',#9720);
#9720 = CARTESIAN_POINT('',(-0.46,4.E-02,0.11425824379));
#9721 = LINE('',#9722,#9723);
#9722 = CARTESIAN_POINT('',(-0.46,4.E-02,-0.11425824379));
#9723 = VECTOR('',#9724,1.);
#9724 = DIRECTION('',(4.74452493108E-16,0.,1.));
#9725 = ORIENTED_EDGE('',*,*,#9726,.T.);
#9726 = EDGE_CURVE('',#9719,#9727,#9729,.T.);
#9727 = VERTEX_POINT('',#9728);
#9728 = CARTESIAN_POINT('',(-0.5,4.E-02,0.11));
#9729 = CIRCLE('',#9730,0.19);
#9730 = AXIS2_PLACEMENT_3D('',#9731,#9732,#9733);
#9731 = CARTESIAN_POINT('',(-0.5,4.E-02,0.3));
#9732 = DIRECTION('',(0.,1.,0.));
#9733 = DIRECTION('',(0.,-0.,1.));
#9734 = ORIENTED_EDGE('',*,*,#9735,.T.);
#9735 = EDGE_CURVE('',#9727,#9736,#9738,.T.);
#9736 = VERTEX_POINT('',#9737);
#9737 = CARTESIAN_POINT('',(-0.5,4.E-02,0.15));
#9738 = LINE('',#9739,#9740);
#9739 = CARTESIAN_POINT('',(-0.5,4.E-02,0.11));
#9740 = VECTOR('',#9741,1.);
#9741 = DIRECTION('',(0.,0.,1.));
#9742 = ORIENTED_EDGE('',*,*,#9743,.T.);
#9743 = EDGE_CURVE('',#9736,#9744,#9746,.T.);
#9744 = VERTEX_POINT('',#9745);
#9745 = CARTESIAN_POINT('',(-0.35,4.E-02,0.3));
#9746 = CIRCLE('',#9747,0.15);
#9747 = AXIS2_PLACEMENT_3D('',#9748,#9749,#9750);
#9748 = CARTESIAN_POINT('',(-0.5,4.E-02,0.3));
#9749 = DIRECTION('',(0.,-1.,0.));
#9750 = DIRECTION('',(0.,0.,1.));
#9751 = ORIENTED_EDGE('',*,*,#9752,.T.);
#9752 = EDGE_CURVE('',#9744,#9753,#9755,.T.);
#9753 = VERTEX_POINT('',#9754);
#9754 = CARTESIAN_POINT('',(-0.31,4.E-02,0.3));
#9755 = LINE('',#9756,#9757);
#9756 = CARTESIAN_POINT('',(-0.35,4.E-02,0.3));
#9757 = VECTOR('',#9758,1.);
#9758 = DIRECTION('',(1.,0.,0.));
#9759 = ORIENTED_EDGE('',*,*,#9760,.T.);
#9760 = EDGE_CURVE('',#9753,#9761,#9763,.T.);
#9761 = VERTEX_POINT('',#9762);
#9762 = CARTESIAN_POINT('',(-0.340012776199,4.E-02,0.197510545808));
#9763 = CIRCLE('',#9764,0.19);
#9764 = AXIS2_PLACEMENT_3D('',#9765,#9766,#9767);
#9765 = CARTESIAN_POINT('',(-0.5,4.E-02,0.3));
#9766 = DIRECTION('',(0.,1.,0.));
#9767 = DIRECTION('',(0.,-0.,1.));
#9768 = ORIENTED_EDGE('',*,*,#9769,.F.);
#9769 = EDGE_CURVE('',#9652,#9761,#9770,.T.);
#9770 = LINE('',#9771,#9772);
#9771 = CARTESIAN_POINT('',(-0.340012776199,4.E-02,0.197510545808));
#9772 = VECTOR('',#9773,1.);
#9773 = DIRECTION('',(-0.,-0.,1.));
#9774 = PLANE('',#9775);
#9775 = AXIS2_PLACEMENT_3D('',#9776,#9777,#9778);
#9776 = CARTESIAN_POINT('',(-0.5,4.E-02,-0.3));
#9777 = DIRECTION('',(0.,1.,0.));
#9778 = DIRECTION('',(0.,-0.,1.));
#9779 = ADVANCED_FACE('',(#9780),#9812,.F.);
#9780 = FACE_BOUND('',#9781,.T.);
#9781 = EDGE_LOOP('',(#9782,#9790,#9791,#9799,#9805,#9806));
#9782 = ORIENTED_EDGE('',*,*,#9783,.F.);
#9783 = EDGE_CURVE('',#9650,#9784,#9786,.T.);
#9784 = VERTEX_POINT('',#9785);
#9785 = CARTESIAN_POINT('',(-0.3,3.E-02,-0.186457606376));
#9786 = LINE('',#9787,#9788);
#9787 = CARTESIAN_POINT('',(-0.301172182878,1.660188839972E-02,
    -0.186457606376));
#9788 = VECTOR('',#9789,1.);
#9789 = DIRECTION('',(-8.715574274766E-02,-0.996194698092,-0.));
#9790 = ORIENTED_EDGE('',*,*,#9649,.T.);
#9791 = ORIENTED_EDGE('',*,*,#9792,.F.);
#9792 = EDGE_CURVE('',#9793,#9652,#9795,.T.);
#9793 = VERTEX_POINT('',#9794);
#9794 = CARTESIAN_POINT('',(-0.340012776199,2.E-02,-0.186457606376));
#9795 = LINE('',#9796,#9797);
#9796 = CARTESIAN_POINT('',(-0.340012776199,2.E-02,-0.186457606376));
#9797 = VECTOR('',#9798,1.);
#9798 = DIRECTION('',(-0.,1.,-0.));
#9799 = ORIENTED_EDGE('',*,*,#9800,.F.);
#9800 = EDGE_CURVE('',#9588,#9793,#9801,.T.);
#9801 = LINE('',#9802,#9803);
#9802 = CARTESIAN_POINT('',(-0.340012776199,2.E-02,-0.186457606376));
#9803 = VECTOR('',#9804,1.);
#9804 = DIRECTION('',(-1.,-0.,-0.));
#9805 = ORIENTED_EDGE('',*,*,#9587,.T.);
#9806 = ORIENTED_EDGE('',*,*,#9807,.F.);
#9807 = EDGE_CURVE('',#9784,#9578,#9808,.T.);
#9808 = LINE('',#9809,#9810);
#9809 = CARTESIAN_POINT('',(-0.340012776199,3.E-02,-0.186457606376));
#9810 = VECTOR('',#9811,1.);
#9811 = DIRECTION('',(1.,-0.,0.));
#9812 = PLANE('',#9813);
#9813 = AXIS2_PLACEMENT_3D('',#9814,#9815,#9816);
#9814 = CARTESIAN_POINT('',(-0.340012776199,2.E-02,-0.186457606376));
#9815 = DIRECTION('',(0.,0.,-1.));
#9816 = DIRECTION('',(-1.,0.,-0.));
#9817 = ADVANCED_FACE('',(#9818),#9850,.F.);
#9818 = FACE_BOUND('',#9819,.T.);
#9819 = EDGE_LOOP('',(#9820,#9828,#9834,#9835,#9843,#9849));
#9820 = ORIENTED_EDGE('',*,*,#9821,.F.);
#9821 = EDGE_CURVE('',#9822,#9660,#9824,.T.);
#9822 = VERTEX_POINT('',#9823);
#9823 = CARTESIAN_POINT('',(-0.3,3.E-02,-0.235015152374));
#9824 = LINE('',#9825,#9826);
#9825 = CARTESIAN_POINT('',(-0.301031244381,1.82128227829E-02,
    -0.235015152374));
#9826 = VECTOR('',#9827,1.);
#9827 = DIRECTION('',(8.715574274766E-02,0.996194698092,-0.));
#9828 = ORIENTED_EDGE('',*,*,#9829,.F.);
#9829 = EDGE_CURVE('',#9580,#9822,#9830,.T.);
#9830 = LINE('',#9831,#9832);
#9831 = CARTESIAN_POINT('',(-0.321458773447,3.E-02,-0.235015152374));
#9832 = VECTOR('',#9833,1.);
#9833 = DIRECTION('',(-1.,0.,-0.));
#9834 = ORIENTED_EDGE('',*,*,#9635,.F.);
#9835 = ORIENTED_EDGE('',*,*,#9836,.F.);
#9836 = EDGE_CURVE('',#9837,#9628,#9839,.T.);
#9837 = VERTEX_POINT('',#9838);
#9838 = CARTESIAN_POINT('',(-0.321458773447,2.E-02,-0.235015152374));
#9839 = LINE('',#9840,#9841);
#9840 = CARTESIAN_POINT('',(-0.321458773447,2.E-02,-0.235015152374));
#9841 = VECTOR('',#9842,1.);
#9842 = DIRECTION('',(1.,0.,0.));
#9843 = ORIENTED_EDGE('',*,*,#9844,.T.);
#9844 = EDGE_CURVE('',#9837,#9668,#9845,.T.);
#9845 = LINE('',#9846,#9847);
#9846 = CARTESIAN_POINT('',(-0.321458773447,2.E-02,-0.235015152374));
#9847 = VECTOR('',#9848,1.);
#9848 = DIRECTION('',(-0.,1.,-0.));
#9849 = ORIENTED_EDGE('',*,*,#9667,.T.);
#9850 = PLANE('',#9851);
#9851 = AXIS2_PLACEMENT_3D('',#9852,#9853,#9854);
#9852 = CARTESIAN_POINT('',(-0.321458773447,2.E-02,-0.235015152374));
#9853 = DIRECTION('',(-0.,0.,1.));
#9854 = DIRECTION('',(1.,0.,0.));
#9855 = ADVANCED_FACE('',(#9856),#9881,.F.);
#9856 = FACE_BOUND('',#9857,.T.);
#9857 = EDGE_LOOP('',(#9858,#9866,#9874,#9880));
#9858 = ORIENTED_EDGE('',*,*,#9859,.F.);
#9859 = EDGE_CURVE('',#9860,#9596,#9862,.T.);
#9860 = VERTEX_POINT('',#9861);
#9861 = CARTESIAN_POINT('',(-0.31425824379,2.E-02,0.26));
#9862 = LINE('',#9863,#9864);
#9863 = CARTESIAN_POINT('',(-0.2,2.E-02,0.26));
#9864 = VECTOR('',#9865,1.);
#9865 = DIRECTION('',(1.,-0.,-0.));
#9866 = ORIENTED_EDGE('',*,*,#9867,.T.);
#9867 = EDGE_CURVE('',#9860,#9868,#9870,.T.);
#9868 = VERTEX_POINT('',#9869);
#9869 = CARTESIAN_POINT('',(-0.31425824379,-4.E-02,0.26));
#9870 = LINE('',#9871,#9872);
#9871 = CARTESIAN_POINT('',(-0.31425824379,4.E-02,0.26));
#9872 = VECTOR('',#9873,1.);
#9873 = DIRECTION('',(-0.,-1.,-0.));
#9874 = ORIENTED_EDGE('',*,*,#9875,.T.);
#9875 = EDGE_CURVE('',#9868,#9604,#9876,.T.);
#9876 = LINE('',#9877,#9878);
#9877 = CARTESIAN_POINT('',(-0.31425824379,-4.E-02,0.26));
#9878 = VECTOR('',#9879,1.);
#9879 = DIRECTION('',(1.,0.,0.));
#9880 = ORIENTED_EDGE('',*,*,#9603,.F.);
#9881 = PLANE('',#9882);
#9882 = AXIS2_PLACEMENT_3D('',#9883,#9884,#9885);
#9883 = CARTESIAN_POINT('',(-0.31425824379,4.E-02,0.26));
#9884 = DIRECTION('',(0.,0.,-1.));
#9885 = DIRECTION('',(-1.,0.,-0.));
#9886 = ADVANCED_FACE('',(#9887),#9912,.F.);
#9887 = FACE_BOUND('',#9888,.T.);
#9888 = EDGE_LOOP('',(#9889,#9899,#9905,#9906));
#9889 = ORIENTED_EDGE('',*,*,#9890,.F.);
#9890 = EDGE_CURVE('',#9891,#9893,#9895,.T.);
#9891 = VERTEX_POINT('',#9892);
#9892 = CARTESIAN_POINT('',(-0.31425824379,2.E-02,-0.26));
#9893 = VERTEX_POINT('',#9894);
#9894 = CARTESIAN_POINT('',(-0.31425824379,-4.E-02,-0.26));
#9895 = LINE('',#9896,#9897);
#9896 = CARTESIAN_POINT('',(-0.31425824379,4.E-02,-0.26));
#9897 = VECTOR('',#9898,1.);
#9898 = DIRECTION('',(-0.,-1.,-0.));
#9899 = ORIENTED_EDGE('',*,*,#9900,.F.);
#9900 = EDGE_CURVE('',#9620,#9891,#9901,.T.);
#9901 = LINE('',#9902,#9903);
#9902 = CARTESIAN_POINT('',(-0.2,2.E-02,-0.26));
#9903 = VECTOR('',#9904,1.);
#9904 = DIRECTION('',(-1.,0.,0.));
#9905 = ORIENTED_EDGE('',*,*,#9619,.T.);
#9906 = ORIENTED_EDGE('',*,*,#9907,.T.);
#9907 = EDGE_CURVE('',#9612,#9893,#9908,.T.);
#9908 = LINE('',#9909,#9910);
#9909 = CARTESIAN_POINT('',(-0.2,-4.E-02,-0.26));
#9910 = VECTOR('',#9911,1.);
#9911 = DIRECTION('',(-1.,0.,0.));
#9912 = PLANE('',#9913);
#9913 = AXIS2_PLACEMENT_3D('',#9914,#9915,#9916);
#9914 = CARTESIAN_POINT('',(-0.2,4.E-02,-0.26));
#9915 = DIRECTION('',(0.,-0.,1.));
#9916 = DIRECTION('',(1.,0.,0.));
#9917 = ADVANCED_FACE('',(#9918),#9945,.T.);
#9918 = FACE_BOUND('',#9919,.T.);
#9919 = EDGE_LOOP('',(#9920,#9929,#9935,#9936,#9937,#9944));
#9920 = ORIENTED_EDGE('',*,*,#9921,.T.);
#9921 = EDGE_CURVE('',#9893,#9922,#9924,.T.);
#9922 = VERTEX_POINT('',#9923);
#9923 = CARTESIAN_POINT('',(-0.31,-4.E-02,-0.3));
#9924 = CIRCLE('',#9925,0.19);
#9925 = AXIS2_PLACEMENT_3D('',#9926,#9927,#9928);
#9926 = CARTESIAN_POINT('',(-0.5,-4.E-02,-0.3));
#9927 = DIRECTION('',(0.,1.,0.));
#9928 = DIRECTION('',(0.,-0.,1.));
#9929 = ORIENTED_EDGE('',*,*,#9930,.F.);
#9930 = EDGE_CURVE('',#9676,#9922,#9931,.T.);
#9931 = LINE('',#9932,#9933);
#9932 = CARTESIAN_POINT('',(-0.31,4.E-02,-0.3));
#9933 = VECTOR('',#9934,1.);
#9934 = DIRECTION('',(-0.,-1.,-0.));
#9935 = ORIENTED_EDGE('',*,*,#9675,.F.);
#9936 = ORIENTED_EDGE('',*,*,#9844,.F.);
#9937 = ORIENTED_EDGE('',*,*,#9938,.F.);
#9938 = EDGE_CURVE('',#9891,#9837,#9939,.T.);
#9939 = CIRCLE('',#9940,0.19);
#9940 = AXIS2_PLACEMENT_3D('',#9941,#9942,#9943);
#9941 = CARTESIAN_POINT('',(-0.5,2.E-02,-0.3));
#9942 = DIRECTION('',(-0.,-1.,0.));
#9943 = DIRECTION('',(-0.,0.,-1.));
#9944 = ORIENTED_EDGE('',*,*,#9890,.T.);
#9945 = CYLINDRICAL_SURFACE('',#9946,0.19);
#9946 = AXIS2_PLACEMENT_3D('',#9947,#9948,#9949);
#9947 = CARTESIAN_POINT('',(-0.5,4.E-02,-0.3));
#9948 = DIRECTION('',(-0.,-1.,-0.));
#9949 = DIRECTION('',(0.,0.,-1.));
#9950 = ADVANCED_FACE('',(#9951),#9969,.F.);
#9951 = FACE_BOUND('',#9952,.T.);
#9952 = EDGE_LOOP('',(#9953,#9961,#9967,#9968));
#9953 = ORIENTED_EDGE('',*,*,#9954,.T.);
#9954 = EDGE_CURVE('',#9922,#9955,#9957,.T.);
#9955 = VERTEX_POINT('',#9956);
#9956 = CARTESIAN_POINT('',(-0.35,-4.E-02,-0.3));
#9957 = LINE('',#9958,#9959);
#9958 = CARTESIAN_POINT('',(-0.31,-4.E-02,-0.3));
#9959 = VECTOR('',#9960,1.);
#9960 = DIRECTION('',(-1.,0.,0.));
#9961 = ORIENTED_EDGE('',*,*,#9962,.F.);
#9962 = EDGE_CURVE('',#9685,#9955,#9963,.T.);
#9963 = LINE('',#9964,#9965);
#9964 = CARTESIAN_POINT('',(-0.35,4.E-02,-0.3));
#9965 = VECTOR('',#9966,1.);
#9966 = DIRECTION('',(-0.,-1.,-0.));
#9967 = ORIENTED_EDGE('',*,*,#9684,.F.);
#9968 = ORIENTED_EDGE('',*,*,#9930,.T.);
#9969 = PLANE('',#9970);
#9970 = AXIS2_PLACEMENT_3D('',#9971,#9972,#9973);
#9971 = CARTESIAN_POINT('',(-0.31,4.E-02,-0.3));
#9972 = DIRECTION('',(0.,-0.,1.));
#9973 = DIRECTION('',(1.,0.,0.));
#9974 = ADVANCED_FACE('',(#9975),#9994,.F.);
#9975 = FACE_BOUND('',#9976,.F.);
#9976 = EDGE_LOOP('',(#9977,#9978,#9979,#9987));
#9977 = ORIENTED_EDGE('',*,*,#9962,.F.);
#9978 = ORIENTED_EDGE('',*,*,#9692,.T.);
#9979 = ORIENTED_EDGE('',*,*,#9980,.T.);
#9980 = EDGE_CURVE('',#9693,#9981,#9983,.T.);
#9981 = VERTEX_POINT('',#9982);
#9982 = CARTESIAN_POINT('',(-0.5,-4.E-02,-0.15));
#9983 = LINE('',#9984,#9985);
#9984 = CARTESIAN_POINT('',(-0.5,4.E-02,-0.15));
#9985 = VECTOR('',#9986,1.);
#9986 = DIRECTION('',(-0.,-1.,-0.));
#9987 = ORIENTED_EDGE('',*,*,#9988,.F.);
#9988 = EDGE_CURVE('',#9955,#9981,#9989,.T.);
#9989 = CIRCLE('',#9990,0.15);
#9990 = AXIS2_PLACEMENT_3D('',#9991,#9992,#9993);
#9991 = CARTESIAN_POINT('',(-0.5,-4.E-02,-0.3));
#9992 = DIRECTION('',(0.,-1.,0.));
#9993 = DIRECTION('',(0.,0.,1.));
#9994 = CYLINDRICAL_SURFACE('',#9995,0.15);
#9995 = AXIS2_PLACEMENT_3D('',#9996,#9997,#9998);
#9996 = CARTESIAN_POINT('',(-0.5,4.E-02,-0.3));
#9997 = DIRECTION('',(-0.,-1.,-0.));
#9998 = DIRECTION('',(0.,0.,-1.));
#9999 = ADVANCED_FACE('',(#10000),#10018,.F.);
#10000 = FACE_BOUND('',#10001,.T.);
#10001 = EDGE_LOOP('',(#10002,#10010,#10016,#10017));
#10002 = ORIENTED_EDGE('',*,*,#10003,.T.);
#10003 = EDGE_CURVE('',#9981,#10004,#10006,.T.);
#10004 = VERTEX_POINT('',#10005);
#10005 = CARTESIAN_POINT('',(-0.5,-4.E-02,-0.11));
#10006 = LINE('',#10007,#10008);
#10007 = CARTESIAN_POINT('',(-0.5,-4.E-02,-0.15));
#10008 = VECTOR('',#10009,1.);
#10009 = DIRECTION('',(0.,0.,1.));
#10010 = ORIENTED_EDGE('',*,*,#10011,.F.);
#10011 = EDGE_CURVE('',#9702,#10004,#10012,.T.);
#10012 = LINE('',#10013,#10014);
#10013 = CARTESIAN_POINT('',(-0.5,4.E-02,-0.11));
#10014 = VECTOR('',#10015,1.);
#10015 = DIRECTION('',(-0.,-1.,-0.));
#10016 = ORIENTED_EDGE('',*,*,#9701,.F.);
#10017 = ORIENTED_EDGE('',*,*,#9980,.T.);
#10018 = PLANE('',#10019);
#10019 = AXIS2_PLACEMENT_3D('',#10020,#10021,#10022);
#10020 = CARTESIAN_POINT('',(-0.5,4.E-02,-0.15));
#10021 = DIRECTION('',(1.,0.,0.));
#10022 = DIRECTION('',(0.,0.,-1.));
#10023 = ADVANCED_FACE('',(#10024),#10043,.T.);
#10024 = FACE_BOUND('',#10025,.T.);
#10025 = EDGE_LOOP('',(#10026,#10035,#10041,#10042));
#10026 = ORIENTED_EDGE('',*,*,#10027,.T.);
#10027 = EDGE_CURVE('',#10004,#10028,#10030,.T.);
#10028 = VERTEX_POINT('',#10029);
#10029 = CARTESIAN_POINT('',(-0.46,-4.E-02,-0.11425824379));
#10030 = CIRCLE('',#10031,0.19);
#10031 = AXIS2_PLACEMENT_3D('',#10032,#10033,#10034);
#10032 = CARTESIAN_POINT('',(-0.5,-4.E-02,-0.3));
#10033 = DIRECTION('',(0.,1.,0.));
#10034 = DIRECTION('',(0.,-0.,1.));
#10035 = ORIENTED_EDGE('',*,*,#10036,.F.);
#10036 = EDGE_CURVE('',#9710,#10028,#10037,.T.);
#10037 = LINE('',#10038,#10039);
#10038 = CARTESIAN_POINT('',(-0.46,4.E-02,-0.11425824379));
#10039 = VECTOR('',#10040,1.);
#10040 = DIRECTION('',(-0.,-1.,-0.));
#10041 = ORIENTED_EDGE('',*,*,#9709,.F.);
#10042 = ORIENTED_EDGE('',*,*,#10011,.T.);
#10043 = CYLINDRICAL_SURFACE('',#10044,0.19);
#10044 = AXIS2_PLACEMENT_3D('',#10045,#10046,#10047);
#10045 = CARTESIAN_POINT('',(-0.5,4.E-02,-0.3));
#10046 = DIRECTION('',(-0.,-1.,-0.));
#10047 = DIRECTION('',(0.,0.,-1.));
#10048 = ADVANCED_FACE('',(#10049),#10067,.F.);
#10049 = FACE_BOUND('',#10050,.T.);
#10050 = EDGE_LOOP('',(#10051,#10059,#10065,#10066));
#10051 = ORIENTED_EDGE('',*,*,#10052,.T.);
#10052 = EDGE_CURVE('',#10028,#10053,#10055,.T.);
#10053 = VERTEX_POINT('',#10054);
#10054 = CARTESIAN_POINT('',(-0.46,-4.E-02,0.11425824379));
#10055 = LINE('',#10056,#10057);
#10056 = CARTESIAN_POINT('',(-0.46,-4.E-02,-0.11425824379));
#10057 = VECTOR('',#10058,1.);
#10058 = DIRECTION('',(4.74452493108E-16,0.,1.));
#10059 = ORIENTED_EDGE('',*,*,#10060,.F.);
#10060 = EDGE_CURVE('',#9719,#10053,#10061,.T.);
#10061 = LINE('',#10062,#10063);
#10062 = CARTESIAN_POINT('',(-0.46,4.E-02,0.11425824379));
#10063 = VECTOR('',#10064,1.);
#10064 = DIRECTION('',(-0.,-1.,-0.));
#10065 = ORIENTED_EDGE('',*,*,#9718,.F.);
#10066 = ORIENTED_EDGE('',*,*,#10036,.T.);
#10067 = PLANE('',#10068);
#10068 = AXIS2_PLACEMENT_3D('',#10069,#10070,#10071);
#10069 = CARTESIAN_POINT('',(-0.46,4.E-02,-0.11425824379));
#10070 = DIRECTION('',(1.,0.,-4.74452493108E-16));
#10071 = DIRECTION('',(-4.74452493108E-16,0.,-1.));
#10072 = ADVANCED_FACE('',(#10073),#10092,.T.);
#10073 = FACE_BOUND('',#10074,.T.);
#10074 = EDGE_LOOP('',(#10075,#10084,#10090,#10091));
#10075 = ORIENTED_EDGE('',*,*,#10076,.T.);
#10076 = EDGE_CURVE('',#10053,#10077,#10079,.T.);
#10077 = VERTEX_POINT('',#10078);
#10078 = CARTESIAN_POINT('',(-0.5,-4.E-02,0.11));
#10079 = CIRCLE('',#10080,0.19);
#10080 = AXIS2_PLACEMENT_3D('',#10081,#10082,#10083);
#10081 = CARTESIAN_POINT('',(-0.5,-4.E-02,0.3));
#10082 = DIRECTION('',(0.,1.,0.));
#10083 = DIRECTION('',(0.,-0.,1.));
#10084 = ORIENTED_EDGE('',*,*,#10085,.F.);
#10085 = EDGE_CURVE('',#9727,#10077,#10086,.T.);
#10086 = LINE('',#10087,#10088);
#10087 = CARTESIAN_POINT('',(-0.5,4.E-02,0.11));
#10088 = VECTOR('',#10089,1.);
#10089 = DIRECTION('',(-0.,-1.,-0.));
#10090 = ORIENTED_EDGE('',*,*,#9726,.F.);
#10091 = ORIENTED_EDGE('',*,*,#10060,.T.);
#10092 = CYLINDRICAL_SURFACE('',#10093,0.19);
#10093 = AXIS2_PLACEMENT_3D('',#10094,#10095,#10096);
#10094 = CARTESIAN_POINT('',(-0.5,4.E-02,0.3));
#10095 = DIRECTION('',(-0.,-1.,-0.));
#10096 = DIRECTION('',(0.,0.,-1.));
#10097 = ADVANCED_FACE('',(#10098),#10116,.F.);
#10098 = FACE_BOUND('',#10099,.T.);
#10099 = EDGE_LOOP('',(#10100,#10108,#10114,#10115));
#10100 = ORIENTED_EDGE('',*,*,#10101,.T.);
#10101 = EDGE_CURVE('',#10077,#10102,#10104,.T.);
#10102 = VERTEX_POINT('',#10103);
#10103 = CARTESIAN_POINT('',(-0.5,-4.E-02,0.15));
#10104 = LINE('',#10105,#10106);
#10105 = CARTESIAN_POINT('',(-0.5,-4.E-02,0.11));
#10106 = VECTOR('',#10107,1.);
#10107 = DIRECTION('',(0.,0.,1.));
#10108 = ORIENTED_EDGE('',*,*,#10109,.F.);
#10109 = EDGE_CURVE('',#9736,#10102,#10110,.T.);
#10110 = LINE('',#10111,#10112);
#10111 = CARTESIAN_POINT('',(-0.5,4.E-02,0.15));
#10112 = VECTOR('',#10113,1.);
#10113 = DIRECTION('',(-0.,-1.,-0.));
#10114 = ORIENTED_EDGE('',*,*,#9735,.F.);
#10115 = ORIENTED_EDGE('',*,*,#10085,.T.);
#10116 = PLANE('',#10117);
#10117 = AXIS2_PLACEMENT_3D('',#10118,#10119,#10120);
#10118 = CARTESIAN_POINT('',(-0.5,4.E-02,0.11));
#10119 = DIRECTION('',(1.,0.,0.));
#10120 = DIRECTION('',(0.,0.,-1.));
#10121 = ADVANCED_FACE('',(#10122),#10141,.F.);
#10122 = FACE_BOUND('',#10123,.F.);
#10123 = EDGE_LOOP('',(#10124,#10125,#10126,#10134));
#10124 = ORIENTED_EDGE('',*,*,#10109,.F.);
#10125 = ORIENTED_EDGE('',*,*,#9743,.T.);
#10126 = ORIENTED_EDGE('',*,*,#10127,.T.);
#10127 = EDGE_CURVE('',#9744,#10128,#10130,.T.);
#10128 = VERTEX_POINT('',#10129);
#10129 = CARTESIAN_POINT('',(-0.35,-4.E-02,0.3));
#10130 = LINE('',#10131,#10132);
#10131 = CARTESIAN_POINT('',(-0.35,4.E-02,0.3));
#10132 = VECTOR('',#10133,1.);
#10133 = DIRECTION('',(-0.,-1.,-0.));
#10134 = ORIENTED_EDGE('',*,*,#10135,.F.);
#10135 = EDGE_CURVE('',#10102,#10128,#10136,.T.);
#10136 = CIRCLE('',#10137,0.15);
#10137 = AXIS2_PLACEMENT_3D('',#10138,#10139,#10140);
#10138 = CARTESIAN_POINT('',(-0.5,-4.E-02,0.3));
#10139 = DIRECTION('',(0.,-1.,0.));
#10140 = DIRECTION('',(0.,0.,1.));
#10141 = CYLINDRICAL_SURFACE('',#10142,0.15);
#10142 = AXIS2_PLACEMENT_3D('',#10143,#10144,#10145);
#10143 = CARTESIAN_POINT('',(-0.5,4.E-02,0.3));
#10144 = DIRECTION('',(-0.,-1.,-0.));
#10145 = DIRECTION('',(0.,0.,-1.));
#10146 = ADVANCED_FACE('',(#10147),#10165,.F.);
#10147 = FACE_BOUND('',#10148,.T.);
#10148 = EDGE_LOOP('',(#10149,#10157,#10163,#10164));
#10149 = ORIENTED_EDGE('',*,*,#10150,.T.);
#10150 = EDGE_CURVE('',#10128,#10151,#10153,.T.);
#10151 = VERTEX_POINT('',#10152);
#10152 = CARTESIAN_POINT('',(-0.31,-4.E-02,0.3));
#10153 = LINE('',#10154,#10155);
#10154 = CARTESIAN_POINT('',(-0.35,-4.E-02,0.3));
#10155 = VECTOR('',#10156,1.);
#10156 = DIRECTION('',(1.,0.,0.));
#10157 = ORIENTED_EDGE('',*,*,#10158,.F.);
#10158 = EDGE_CURVE('',#9753,#10151,#10159,.T.);
#10159 = LINE('',#10160,#10161);
#10160 = CARTESIAN_POINT('',(-0.31,4.E-02,0.3));
#10161 = VECTOR('',#10162,1.);
#10162 = DIRECTION('',(-0.,-1.,-0.));
#10163 = ORIENTED_EDGE('',*,*,#9752,.F.);
#10164 = ORIENTED_EDGE('',*,*,#10127,.T.);
#10165 = PLANE('',#10166);
#10166 = AXIS2_PLACEMENT_3D('',#10167,#10168,#10169);
#10167 = CARTESIAN_POINT('',(-0.35,4.E-02,0.3));
#10168 = DIRECTION('',(0.,0.,-1.));
#10169 = DIRECTION('',(-1.,0.,-0.));
#10170 = ADVANCED_FACE('',(#10171),#10198,.T.);
#10171 = FACE_BOUND('',#10172,.T.);
#10172 = EDGE_LOOP('',(#10173,#10180,#10181,#10190,#10196,#10197));
#10173 = ORIENTED_EDGE('',*,*,#10174,.T.);
#10174 = EDGE_CURVE('',#10151,#9868,#10175,.T.);
#10175 = CIRCLE('',#10176,0.19);
#10176 = AXIS2_PLACEMENT_3D('',#10177,#10178,#10179);
#10177 = CARTESIAN_POINT('',(-0.5,-4.E-02,0.3));
#10178 = DIRECTION('',(0.,1.,0.));
#10179 = DIRECTION('',(0.,-0.,1.));
#10180 = ORIENTED_EDGE('',*,*,#9867,.F.);
#10181 = ORIENTED_EDGE('',*,*,#10182,.F.);
#10182 = EDGE_CURVE('',#10183,#9860,#10185,.T.);
#10183 = VERTEX_POINT('',#10184);
#10184 = CARTESIAN_POINT('',(-0.340012776199,2.E-02,0.197510545808));
#10185 = CIRCLE('',#10186,0.19);
#10186 = AXIS2_PLACEMENT_3D('',#10187,#10188,#10189);
#10187 = CARTESIAN_POINT('',(-0.5,2.E-02,0.3));
#10188 = DIRECTION('',(0.,-1.,0.));
#10189 = DIRECTION('',(0.,0.,1.));
#10190 = ORIENTED_EDGE('',*,*,#10191,.T.);
#10191 = EDGE_CURVE('',#10183,#9761,#10192,.T.);
#10192 = LINE('',#10193,#10194);
#10193 = CARTESIAN_POINT('',(-0.340012776199,2.E-02,0.197510545808));
#10194 = VECTOR('',#10195,1.);
#10195 = DIRECTION('',(-0.,1.,-0.));
#10196 = ORIENTED_EDGE('',*,*,#9760,.F.);
#10197 = ORIENTED_EDGE('',*,*,#10158,.T.);
#10198 = CYLINDRICAL_SURFACE('',#10199,0.19);
#10199 = AXIS2_PLACEMENT_3D('',#10200,#10201,#10202);
#10200 = CARTESIAN_POINT('',(-0.5,4.E-02,0.3));
#10201 = DIRECTION('',(-0.,-1.,-0.));
#10202 = DIRECTION('',(0.,0.,-1.));
#10203 = ADVANCED_FACE('',(#10204),#10220,.F.);
#10204 = FACE_BOUND('',#10205,.T.);
#10205 = EDGE_LOOP('',(#10206,#10207,#10208,#10209,#10210,#10211,#10212,
    #10213,#10214,#10215,#10216,#10217,#10218,#10219));
#10206 = ORIENTED_EDGE('',*,*,#9875,.F.);
#10207 = ORIENTED_EDGE('',*,*,#10174,.F.);
#10208 = ORIENTED_EDGE('',*,*,#10150,.F.);
#10209 = ORIENTED_EDGE('',*,*,#10135,.F.);
#10210 = ORIENTED_EDGE('',*,*,#10101,.F.);
#10211 = ORIENTED_EDGE('',*,*,#10076,.F.);
#10212 = ORIENTED_EDGE('',*,*,#10052,.F.);
#10213 = ORIENTED_EDGE('',*,*,#10027,.F.);
#10214 = ORIENTED_EDGE('',*,*,#10003,.F.);
#10215 = ORIENTED_EDGE('',*,*,#9988,.F.);
#10216 = ORIENTED_EDGE('',*,*,#9954,.F.);
#10217 = ORIENTED_EDGE('',*,*,#9921,.F.);
#10218 = ORIENTED_EDGE('',*,*,#9907,.F.);
#10219 = ORIENTED_EDGE('',*,*,#9611,.F.);
#10220 = PLANE('',#10221);
#10221 = AXIS2_PLACEMENT_3D('',#10222,#10223,#10224);
#10222 = CARTESIAN_POINT('',(-0.5,-4.E-02,-0.3));
#10223 = DIRECTION('',(0.,1.,0.));
#10224 = DIRECTION('',(0.,-0.,1.));
#10225 = ADVANCED_FACE('',(#10226),#10237,.F.);
#10226 = FACE_BOUND('',#10227,.T.);
#10227 = EDGE_LOOP('',(#10228,#10229,#10230,#10236));
#10228 = ORIENTED_EDGE('',*,*,#9769,.T.);
#10229 = ORIENTED_EDGE('',*,*,#10191,.F.);
#10230 = ORIENTED_EDGE('',*,*,#10231,.F.);
#10231 = EDGE_CURVE('',#9793,#10183,#10232,.T.);
#10232 = LINE('',#10233,#10234);
#10233 = CARTESIAN_POINT('',(-0.340012776199,2.E-02,0.197510545808));
#10234 = VECTOR('',#10235,1.);
#10235 = DIRECTION('',(-0.,-0.,1.));
#10236 = ORIENTED_EDGE('',*,*,#9792,.T.);
#10237 = PLANE('',#10238);
#10238 = AXIS2_PLACEMENT_3D('',#10239,#10240,#10241);
#10239 = CARTESIAN_POINT('',(-0.340012776199,2.E-02,0.197510545808));
#10240 = DIRECTION('',(-1.,0.,-0.));
#10241 = DIRECTION('',(0.,0.,1.));
#10242 = ADVANCED_FACE('',(#10243),#10250,.T.);
#10243 = FACE_BOUND('',#10244,.T.);
#10244 = EDGE_LOOP('',(#10245,#10246,#10247,#10248,#10249));
#10245 = ORIENTED_EDGE('',*,*,#10182,.T.);
#10246 = ORIENTED_EDGE('',*,*,#9859,.T.);
#10247 = ORIENTED_EDGE('',*,*,#9595,.T.);
#10248 = ORIENTED_EDGE('',*,*,#9800,.T.);
#10249 = ORIENTED_EDGE('',*,*,#10231,.T.);
#10250 = PLANE('',#10251);
#10251 = AXIS2_PLACEMENT_3D('',#10252,#10253,#10254);
#10252 = CARTESIAN_POINT('',(-0.5,2.E-02,0.3));
#10253 = DIRECTION('',(0.,1.,0.));
#10254 = DIRECTION('',(0.,-0.,1.));
#10255 = ADVANCED_FACE('',(#10256),#10262,.F.);
#10256 = FACE_BOUND('',#10257,.T.);
#10257 = EDGE_LOOP('',(#10258,#10259,#10260,#10261));
#10258 = ORIENTED_EDGE('',*,*,#9938,.T.);
#10259 = ORIENTED_EDGE('',*,*,#9836,.T.);
#10260 = ORIENTED_EDGE('',*,*,#9627,.T.);
#10261 = ORIENTED_EDGE('',*,*,#9900,.T.);
#10262 = PLANE('',#10263);
#10263 = AXIS2_PLACEMENT_3D('',#10264,#10265,#10266);
#10264 = CARTESIAN_POINT('',(-0.5,2.E-02,-0.3));
#10265 = DIRECTION('',(0.,-1.,0.));
#10266 = DIRECTION('',(0.,-0.,-1.));
#10267 = ADVANCED_FACE('',(#10268),#10279,.F.);
#10268 = FACE_BOUND('',#10269,.T.);
#10269 = EDGE_LOOP('',(#10270,#10271,#10277,#10278));
#10270 = ORIENTED_EDGE('',*,*,#9783,.T.);
#10271 = ORIENTED_EDGE('',*,*,#10272,.F.);
#10272 = EDGE_CURVE('',#9822,#9784,#10273,.T.);
#10273 = LINE('',#10274,#10275);
#10274 = CARTESIAN_POINT('',(-0.3,3.E-02,0.3));
#10275 = VECTOR('',#10276,1.);
#10276 = DIRECTION('',(-0.,-0.,1.));
#10277 = ORIENTED_EDGE('',*,*,#9821,.T.);
#10278 = ORIENTED_EDGE('',*,*,#9659,.F.);
#10279 = PLANE('',#10280);
#10280 = AXIS2_PLACEMENT_3D('',#10281,#10282,#10283);
#10281 = CARTESIAN_POINT('',(-0.3,3.E-02,0.3));
#10282 = DIRECTION('',(-0.996194698092,8.715574274766E-02,0.));
#10283 = DIRECTION('',(-8.715574274766E-02,-0.996194698092,0.));
#10284 = ADVANCED_FACE('',(#10285),#10291,.T.);
#10285 = FACE_BOUND('',#10286,.T.);
#10286 = EDGE_LOOP('',(#10287,#10288,#10289,#10290));
#10287 = ORIENTED_EDGE('',*,*,#9807,.T.);
#10288 = ORIENTED_EDGE('',*,*,#9577,.T.);
#10289 = ORIENTED_EDGE('',*,*,#9829,.T.);
#10290 = ORIENTED_EDGE('',*,*,#10272,.T.);
#10291 = PLANE('',#10292);
#10292 = AXIS2_PLACEMENT_3D('',#10293,#10294,#10295);
#10293 = CARTESIAN_POINT('',(0.,3.E-02,0.));
#10294 = DIRECTION('',(0.,1.,0.));
#10295 = DIRECTION('',(0.,-0.,1.));
#10296 = MANIFOLD_SOLID_BREP('',#10297);
#10297 = CLOSED_SHELL('',(#10298,#10338,#10369,#10400,#10422,#10434));
#10298 = ADVANCED_FACE('',(#10299),#10333,.T.);
#10299 = FACE_BOUND('',#10300,.T.);
#10300 = EDGE_LOOP('',(#10301,#10311,#10319,#10327));
#10301 = ORIENTED_EDGE('',*,*,#10302,.F.);
#10302 = EDGE_CURVE('',#10303,#10305,#10307,.T.);
#10303 = VERTEX_POINT('',#10304);
#10304 = CARTESIAN_POINT('',(0.284252040565,0.21,0.284252040565));
#10305 = VERTEX_POINT('',#10306);
#10306 = CARTESIAN_POINT('',(0.284252040565,0.21,-0.284252040565));
#10307 = LINE('',#10308,#10309);
#10308 = CARTESIAN_POINT('',(0.284252040565,0.21,0.3));
#10309 = VECTOR('',#10310,1.);
#10310 = DIRECTION('',(-0.,-0.,-1.));
#10311 = ORIENTED_EDGE('',*,*,#10312,.T.);
#10312 = EDGE_CURVE('',#10303,#10313,#10315,.T.);
#10313 = VERTEX_POINT('',#10314);
#10314 = CARTESIAN_POINT('',(0.3,3.E-02,0.3));
#10315 = LINE('',#10316,#10317);
#10316 = CARTESIAN_POINT('',(0.3,3.E-02,0.3));
#10317 = VECTOR('',#10318,1.);
#10318 = DIRECTION('',(8.682659386425E-02,-0.992432509139,
    8.682659386425E-02));
#10319 = ORIENTED_EDGE('',*,*,#10320,.T.);
#10320 = EDGE_CURVE('',#10313,#10321,#10323,.T.);
#10321 = VERTEX_POINT('',#10322);
#10322 = CARTESIAN_POINT('',(0.3,3.E-02,-0.3));
#10323 = LINE('',#10324,#10325);
#10324 = CARTESIAN_POINT('',(0.3,3.E-02,0.3));
#10325 = VECTOR('',#10326,1.);
#10326 = DIRECTION('',(0.,0.,-1.));
#10327 = ORIENTED_EDGE('',*,*,#10328,.F.);
#10328 = EDGE_CURVE('',#10305,#10321,#10329,.T.);
#10329 = LINE('',#10330,#10331);
#10330 = CARTESIAN_POINT('',(0.3,3.E-02,-0.3));
#10331 = VECTOR('',#10332,1.);
#10332 = DIRECTION('',(8.682659386425E-02,-0.992432509139,
    -8.682659386425E-02));
#10333 = PLANE('',#10334);
#10334 = AXIS2_PLACEMENT_3D('',#10335,#10336,#10337);
#10335 = CARTESIAN_POINT('',(0.3,3.E-02,0.3));
#10336 = DIRECTION('',(0.996194698092,8.715574274766E-02,0.));
#10337 = DIRECTION('',(-8.715574274766E-02,0.996194698092,0.));
#10338 = ADVANCED_FACE('',(#10339),#10364,.T.);
#10339 = FACE_BOUND('',#10340,.T.);
#10340 = EDGE_LOOP('',(#10341,#10349,#10350,#10358));
#10341 = ORIENTED_EDGE('',*,*,#10342,.F.);
#10342 = EDGE_CURVE('',#10305,#10343,#10345,.T.);
#10343 = VERTEX_POINT('',#10344);
#10344 = CARTESIAN_POINT('',(-0.284252040565,0.21,-0.284252040565));
#10345 = LINE('',#10346,#10347);
#10346 = CARTESIAN_POINT('',(0.3,0.21,-0.284252040565));
#10347 = VECTOR('',#10348,1.);
#10348 = DIRECTION('',(-1.,0.,-0.));
#10349 = ORIENTED_EDGE('',*,*,#10328,.T.);
#10350 = ORIENTED_EDGE('',*,*,#10351,.T.);
#10351 = EDGE_CURVE('',#10321,#10352,#10354,.T.);
#10352 = VERTEX_POINT('',#10353);
#10353 = CARTESIAN_POINT('',(-0.3,3.E-02,-0.3));
#10354 = LINE('',#10355,#10356);
#10355 = CARTESIAN_POINT('',(0.3,3.E-02,-0.3));
#10356 = VECTOR('',#10357,1.);
#10357 = DIRECTION('',(-1.,0.,0.));
#10358 = ORIENTED_EDGE('',*,*,#10359,.F.);
#10359 = EDGE_CURVE('',#10343,#10352,#10360,.T.);
#10360 = LINE('',#10361,#10362);
#10361 = CARTESIAN_POINT('',(-0.3,3.E-02,-0.3));
#10362 = VECTOR('',#10363,1.);
#10363 = DIRECTION('',(-8.682659386425E-02,-0.992432509139,
    -8.682659386425E-02));
#10364 = PLANE('',#10365);
#10365 = AXIS2_PLACEMENT_3D('',#10366,#10367,#10368);
#10366 = CARTESIAN_POINT('',(0.3,3.E-02,-0.3));
#10367 = DIRECTION('',(0.,8.715574274766E-02,-0.996194698092));
#10368 = DIRECTION('',(0.,0.996194698092,8.715574274766E-02));
#10369 = ADVANCED_FACE('',(#10370),#10395,.T.);
#10370 = FACE_BOUND('',#10371,.T.);
#10371 = EDGE_LOOP('',(#10372,#10380,#10381,#10389));
#10372 = ORIENTED_EDGE('',*,*,#10373,.F.);
#10373 = EDGE_CURVE('',#10343,#10374,#10376,.T.);
#10374 = VERTEX_POINT('',#10375);
#10375 = CARTESIAN_POINT('',(-0.284252040565,0.21,0.284252040565));
#10376 = LINE('',#10377,#10378);
#10377 = CARTESIAN_POINT('',(-0.284252040565,0.21,-0.3));
#10378 = VECTOR('',#10379,1.);
#10379 = DIRECTION('',(-0.,-0.,1.));
#10380 = ORIENTED_EDGE('',*,*,#10359,.T.);
#10381 = ORIENTED_EDGE('',*,*,#10382,.T.);
#10382 = EDGE_CURVE('',#10352,#10383,#10385,.T.);
#10383 = VERTEX_POINT('',#10384);
#10384 = CARTESIAN_POINT('',(-0.3,3.E-02,0.3));
#10385 = LINE('',#10386,#10387);
#10386 = CARTESIAN_POINT('',(-0.3,3.E-02,-0.3));
#10387 = VECTOR('',#10388,1.);
#10388 = DIRECTION('',(0.,0.,1.));
#10389 = ORIENTED_EDGE('',*,*,#10390,.F.);
#10390 = EDGE_CURVE('',#10374,#10383,#10391,.T.);
#10391 = LINE('',#10392,#10393);
#10392 = CARTESIAN_POINT('',(-0.3,3.E-02,0.3));
#10393 = VECTOR('',#10394,1.);
#10394 = DIRECTION('',(-8.682659386425E-02,-0.992432509139,
    8.682659386425E-02));
#10395 = PLANE('',#10396);
#10396 = AXIS2_PLACEMENT_3D('',#10397,#10398,#10399);
#10397 = CARTESIAN_POINT('',(-0.3,3.E-02,-0.3));
#10398 = DIRECTION('',(-0.996194698092,8.715574274766E-02,0.));
#10399 = DIRECTION('',(-8.715574274766E-02,-0.996194698092,0.));
#10400 = ADVANCED_FACE('',(#10401),#10417,.T.);
#10401 = FACE_BOUND('',#10402,.T.);
#10402 = EDGE_LOOP('',(#10403,#10409,#10410,#10416));
#10403 = ORIENTED_EDGE('',*,*,#10404,.F.);
#10404 = EDGE_CURVE('',#10374,#10303,#10405,.T.);
#10405 = LINE('',#10406,#10407);
#10406 = CARTESIAN_POINT('',(-0.3,0.21,0.284252040565));
#10407 = VECTOR('',#10408,1.);
#10408 = DIRECTION('',(1.,-0.,-0.));
#10409 = ORIENTED_EDGE('',*,*,#10390,.T.);
#10410 = ORIENTED_EDGE('',*,*,#10411,.T.);
#10411 = EDGE_CURVE('',#10383,#10313,#10412,.T.);
#10412 = LINE('',#10413,#10414);
#10413 = CARTESIAN_POINT('',(-0.3,3.E-02,0.3));
#10414 = VECTOR('',#10415,1.);
#10415 = DIRECTION('',(1.,0.,0.));
#10416 = ORIENTED_EDGE('',*,*,#10312,.F.);
#10417 = PLANE('',#10418);
#10418 = AXIS2_PLACEMENT_3D('',#10419,#10420,#10421);
#10419 = CARTESIAN_POINT('',(-0.3,3.E-02,0.3));
#10420 = DIRECTION('',(0.,8.715574274766E-02,0.996194698092));
#10421 = DIRECTION('',(0.,-0.996194698092,8.715574274766E-02));
#10422 = ADVANCED_FACE('',(#10423),#10429,.F.);
#10423 = FACE_BOUND('',#10424,.T.);
#10424 = EDGE_LOOP('',(#10425,#10426,#10427,#10428));
#10425 = ORIENTED_EDGE('',*,*,#10320,.F.);
#10426 = ORIENTED_EDGE('',*,*,#10411,.F.);
#10427 = ORIENTED_EDGE('',*,*,#10382,.F.);
#10428 = ORIENTED_EDGE('',*,*,#10351,.F.);
#10429 = PLANE('',#10430);
#10430 = AXIS2_PLACEMENT_3D('',#10431,#10432,#10433);
#10431 = CARTESIAN_POINT('',(0.,3.E-02,0.));
#10432 = DIRECTION('',(0.,1.,0.));
#10433 = DIRECTION('',(0.,-0.,1.));
#10434 = ADVANCED_FACE('',(#10435),#10441,.T.);
#10435 = FACE_BOUND('',#10436,.T.);
#10436 = EDGE_LOOP('',(#10437,#10438,#10439,#10440));
#10437 = ORIENTED_EDGE('',*,*,#10404,.T.);
#10438 = ORIENTED_EDGE('',*,*,#10302,.T.);
#10439 = ORIENTED_EDGE('',*,*,#10342,.T.);
#10440 = ORIENTED_EDGE('',*,*,#10373,.T.);
#10441 = PLANE('',#10442);
#10442 = AXIS2_PLACEMENT_3D('',#10443,#10444,#10445);
#10443 = CARTESIAN_POINT('',(-0.5,0.21,-0.3));
#10444 = DIRECTION('',(0.,1.,0.));
#10445 = DIRECTION('',(0.,-0.,1.));
#10446 = ( GEOMETRIC_REPRESENTATION_CONTEXT(3) 
GLOBAL_UNCERTAINTY_ASSIGNED_CONTEXT((#10450)) 
GLOBAL_UNIT_ASSIGNED_CONTEXT((#10447,#10448,#10449)) 
REPRESENTATION_CONTEXT('Context #1',
  '3D Context with UNIT and UNCERTAINTY') );
#10447 = ( LENGTH_UNIT() NAMED_UNIT(*) SI_UNIT(.MILLI.,.METRE.) );
#10448 = ( NAMED_UNIT(*) PLANE_ANGLE_UNIT() SI_UNIT($,.RADIAN.) );
#10449 = ( NAMED_UNIT(*) SI_UNIT($,.STERADIAN.) SOLID_ANGLE_UNIT() );
#10450 = UNCERTAINTY_MEASURE_WITH_UNIT(LENGTH_MEASURE(1.E-07),#10447,
  'distance_accuracy_value','confusion accuracy');
#10451 = CONTEXT_DEPENDENT_SHAPE_REPRESENTATION(#10452,#10454);
#10452 = ( REPRESENTATION_RELATIONSHIP('','',#7499,#7476) 
REPRESENTATION_RELATIONSHIP_WITH_TRANSFORMATION(#10453) 
SHAPE_REPRESENTATION_RELATIONSHIP() );
#10453 = ITEM_DEFINED_TRANSFORMATION('','',#11,#7477);
#10454 = PRODUCT_DEFINITION_SHAPE('Placement','Placement of an item',
  #10455);
#10455 = NEXT_ASSEMBLY_USAGE_OCCURRENCE('9','=>[0:1:1:11]','',#7471,
  #7494,$);
#10456 = PRODUCT_RELATED_PRODUCT_CATEGORY('part',$,(#7496));
#10457 = SHAPE_DEFINITION_REPRESENTATION(#10458,#10464);
#10458 = PRODUCT_DEFINITION_SHAPE('','',#10459);
#10459 = PRODUCT_DEFINITION('design','',#10460,#10463);
#10460 = PRODUCT_DEFINITION_FORMATION('','',#10461);
#10461 = PRODUCT('easyC connector','easyC connector','',(#10462));
#10462 = PRODUCT_CONTEXT('',#2,'mechanical');
#10463 = PRODUCT_DEFINITION_CONTEXT('part definition',#2,'design');
#10464 = SHAPE_REPRESENTATION('',(#11,#10465),#10469);
#10465 = AXIS2_PLACEMENT_3D('',#10466,#10467,#10468);
#10466 = CARTESIAN_POINT('',(0.,0.,0.));
#10467 = DIRECTION('',(0.,0.,1.));
#10468 = DIRECTION('',(1.,0.,-0.));
#10469 = ( GEOMETRIC_REPRESENTATION_CONTEXT(3) 
GLOBAL_UNCERTAINTY_ASSIGNED_CONTEXT((#10473)) 
GLOBAL_UNIT_ASSIGNED_CONTEXT((#10470,#10471,#10472)) 
REPRESENTATION_CONTEXT('Context #1',
  '3D Context with UNIT and UNCERTAINTY') );
#10470 = ( LENGTH_UNIT() NAMED_UNIT(*) SI_UNIT(.MILLI.,.METRE.) );
#10471 = ( NAMED_UNIT(*) PLANE_ANGLE_UNIT() SI_UNIT($,.RADIAN.) );
#10472 = ( NAMED_UNIT(*) SI_UNIT($,.STERADIAN.) SOLID_ANGLE_UNIT() );
#10473 = UNCERTAINTY_MEASURE_WITH_UNIT(LENGTH_MEASURE(1.E-07),#10470,
  'distance_accuracy_value','confusion accuracy');
#10474 = CONTEXT_DEPENDENT_SHAPE_REPRESENTATION(#10475,#10477);
#10475 = ( REPRESENTATION_RELATIONSHIP('','',#10464,#10) 
REPRESENTATION_RELATIONSHIP_WITH_TRANSFORMATION(#10476) 
SHAPE_REPRESENTATION_RELATIONSHIP() );
#10476 = ITEM_DEFINED_TRANSFORMATION('','',#11,#35);
#10477 = PRODUCT_DEFINITION_SHAPE('Placement','Placement of an item',
  #10478);
#10478 = NEXT_ASSEMBLY_USAGE_OCCURRENCE('12','K2','',#5,#10459,$);
#10479 = PRODUCT_RELATED_PRODUCT_CATEGORY('part',$,(#10461));
#10480 = SHAPE_DEFINITION_REPRESENTATION(#10481,#10487);
#10481 = PRODUCT_DEFINITION_SHAPE('','',#10482);
#10482 = PRODUCT_DEFINITION('design','',#10483,#10486);
#10483 = PRODUCT_DEFINITION_FORMATION('','',#10484);
#10484 = PRODUCT('easyC connector v1','easyC connector v1','',(#10485));
#10485 = PRODUCT_CONTEXT('',#2,'mechanical');
#10486 = PRODUCT_DEFINITION_CONTEXT('part definition',#2,'design');
#10487 = ADVANCED_BREP_SHAPE_REPRESENTATION('',(#11,#10488),#14398);
#10488 = MANIFOLD_SOLID_BREP('',#10489);
#10489 = CLOSED_SHELL('',(#10490,#10530,#10570,#10633,#10657,#10704,
    #10728,#10770,#10858,#10882,#10924,#11012,#11036,#11078,#11166,
    #11190,#11232,#11263,#11344,#11425,#11506,#11587,#11618,#11649,
    #11671,#11693,#11710,#11727,#11751,#11768,#11785,#11802,#11867,
    #11884,#11901,#11964,#11988,#12021,#12045,#12076,#12102,#12169,
    #12186,#12203,#12236,#12253,#12270,#12301,#12343,#12374,#12581,
    #12606,#12893,#12910,#12932,#12949,#12966,#12988,#13005,#13022,
    #13044,#13061,#13083,#13095,#13121,#13138,#13150,#13200,#13212,
    #13224,#13236,#13253,#13265,#13277,#13294,#13306,#13318,#13330,
    #13352,#13369,#13381,#13403,#13420,#13432,#13454,#13471,#13483,
    #13505,#13522,#13534,#13546,#13558,#13570,#13582,#13613,#13637,
    #13661,#13678,#13718,#13749,#13773,#13797,#13814,#13854,#13885,
    #13909,#13933,#13950,#13990,#14021,#14045,#14069,#14086,#14126,
    #14148,#14165,#14182,#14194,#14216,#14233,#14250,#14262,#14284,
    #14301,#14318,#14330,#14352,#14369,#14386));
#10490 = ADVANCED_FACE('',(#10491),#10525,.F.);
#10491 = FACE_BOUND('',#10492,.T.);
#10492 = EDGE_LOOP('',(#10493,#10503,#10511,#10519));
#10493 = ORIENTED_EDGE('',*,*,#10494,.F.);
#10494 = EDGE_CURVE('',#10495,#10497,#10499,.T.);
#10495 = VERTEX_POINT('',#10496);
#10496 = CARTESIAN_POINT('',(3.22,1.825,2.16));
#10497 = VERTEX_POINT('',#10498);
#10498 = CARTESIAN_POINT('',(3.12,1.825,2.16));
#10499 = LINE('',#10500,#10501);
#10500 = CARTESIAN_POINT('',(1.75,1.825,2.16));
#10501 = VECTOR('',#10502,1.);
#10502 = DIRECTION('',(-1.,0.,0.));
#10503 = ORIENTED_EDGE('',*,*,#10504,.F.);
#10504 = EDGE_CURVE('',#10505,#10495,#10507,.T.);
#10505 = VERTEX_POINT('',#10506);
#10506 = CARTESIAN_POINT('',(3.22,2.22,2.16));
#10507 = LINE('',#10508,#10509);
#10508 = CARTESIAN_POINT('',(3.22,-1.02375,2.16));
#10509 = VECTOR('',#10510,1.);
#10510 = DIRECTION('',(0.,-1.,0.));
#10511 = ORIENTED_EDGE('',*,*,#10512,.F.);
#10512 = EDGE_CURVE('',#10513,#10505,#10515,.T.);
#10513 = VERTEX_POINT('',#10514);
#10514 = CARTESIAN_POINT('',(3.12,2.22,2.16));
#10515 = LINE('',#10516,#10517);
#10516 = CARTESIAN_POINT('',(1.56,2.22,2.16));
#10517 = VECTOR('',#10518,1.);
#10518 = DIRECTION('',(1.,0.,0.));
#10519 = ORIENTED_EDGE('',*,*,#10520,.F.);
#10520 = EDGE_CURVE('',#10497,#10513,#10521,.T.);
#10521 = LINE('',#10522,#10523);
#10522 = CARTESIAN_POINT('',(3.12,-1.02375,2.16));
#10523 = VECTOR('',#10524,1.);
#10524 = DIRECTION('',(0.,1.,0.));
#10525 = PLANE('',#10526);
#10526 = AXIS2_PLACEMENT_3D('',#10527,#10528,#10529);
#10527 = CARTESIAN_POINT('',(0.,5.75E-02,2.16));
#10528 = DIRECTION('',(0.,0.,-1.));
#10529 = DIRECTION('',(-1.,0.,0.));
#10530 = ADVANCED_FACE('',(#10531),#10565,.F.);
#10531 = FACE_BOUND('',#10532,.T.);
#10532 = EDGE_LOOP('',(#10533,#10543,#10551,#10559));
#10533 = ORIENTED_EDGE('',*,*,#10534,.F.);
#10534 = EDGE_CURVE('',#10535,#10537,#10539,.T.);
#10535 = VERTEX_POINT('',#10536);
#10536 = CARTESIAN_POINT('',(-3.12,1.825,2.16));
#10537 = VERTEX_POINT('',#10538);
#10538 = CARTESIAN_POINT('',(-3.22,1.825,2.16));
#10539 = LINE('',#10540,#10541);
#10540 = CARTESIAN_POINT('',(1.75,1.825,2.16));
#10541 = VECTOR('',#10542,1.);
#10542 = DIRECTION('',(-1.,0.,0.));
#10543 = ORIENTED_EDGE('',*,*,#10544,.F.);
#10544 = EDGE_CURVE('',#10545,#10535,#10547,.T.);
#10545 = VERTEX_POINT('',#10546);
#10546 = CARTESIAN_POINT('',(-3.12,2.22,2.16));
#10547 = LINE('',#10548,#10549);
#10548 = CARTESIAN_POINT('',(-3.12,-1.02375,2.16));
#10549 = VECTOR('',#10550,1.);
#10550 = DIRECTION('',(0.,-1.,0.));
#10551 = ORIENTED_EDGE('',*,*,#10552,.F.);
#10552 = EDGE_CURVE('',#10553,#10545,#10555,.T.);
#10553 = VERTEX_POINT('',#10554);
#10554 = CARTESIAN_POINT('',(-3.22,2.22,2.16));
#10555 = LINE('',#10556,#10557);
#10556 = CARTESIAN_POINT('',(-1.56,2.22,2.16));
#10557 = VECTOR('',#10558,1.);
#10558 = DIRECTION('',(1.,0.,0.));
#10559 = ORIENTED_EDGE('',*,*,#10560,.F.);
#10560 = EDGE_CURVE('',#10537,#10553,#10561,.T.);
#10561 = LINE('',#10562,#10563);
#10562 = CARTESIAN_POINT('',(-3.22,-1.02375,2.16));
#10563 = VECTOR('',#10564,1.);
#10564 = DIRECTION('',(0.,1.,0.));
#10565 = PLANE('',#10566);
#10566 = AXIS2_PLACEMENT_3D('',#10567,#10568,#10569);
#10567 = CARTESIAN_POINT('',(0.,5.75E-02,2.16));
#10568 = DIRECTION('',(0.,0.,-1.));
#10569 = DIRECTION('',(-1.,0.,0.));
#10570 = ADVANCED_FACE('',(#10571),#10628,.F.);
#10571 = FACE_BOUND('',#10572,.T.);
#10572 = EDGE_LOOP('',(#10573,#10574,#10582,#10590,#10598,#10606,#10614,
    #10622));
#10573 = ORIENTED_EDGE('',*,*,#10520,.T.);
#10574 = ORIENTED_EDGE('',*,*,#10575,.F.);
#10575 = EDGE_CURVE('',#10576,#10513,#10578,.T.);
#10576 = VERTEX_POINT('',#10577);
#10577 = CARTESIAN_POINT('',(3.12,2.22,0.));
#10578 = LINE('',#10579,#10580);
#10579 = CARTESIAN_POINT('',(3.12,2.22,0.));
#10580 = VECTOR('',#10581,1.);
#10581 = DIRECTION('',(0.,0.,1.));
#10582 = ORIENTED_EDGE('',*,*,#10583,.F.);
#10583 = EDGE_CURVE('',#10584,#10576,#10586,.T.);
#10584 = VERTEX_POINT('',#10585);
#10585 = CARTESIAN_POINT('',(3.12,-2.105,0.));
#10586 = LINE('',#10587,#10588);
#10587 = CARTESIAN_POINT('',(3.12,-2.105,0.));
#10588 = VECTOR('',#10589,1.);
#10589 = DIRECTION('',(0.,1.,0.));
#10590 = ORIENTED_EDGE('',*,*,#10591,.T.);
#10591 = EDGE_CURVE('',#10584,#10592,#10594,.T.);
#10592 = VERTEX_POINT('',#10593);
#10593 = CARTESIAN_POINT('',(3.12,-2.105,0.4));
#10594 = LINE('',#10595,#10596);
#10595 = CARTESIAN_POINT('',(3.12,-2.105,0.));
#10596 = VECTOR('',#10597,1.);
#10597 = DIRECTION('',(0.,0.,1.));
#10598 = ORIENTED_EDGE('',*,*,#10599,.T.);
#10599 = EDGE_CURVE('',#10592,#10600,#10602,.T.);
#10600 = VERTEX_POINT('',#10601);
#10601 = CARTESIAN_POINT('',(3.12,2.125,0.4));
#10602 = LINE('',#10603,#10604);
#10603 = CARTESIAN_POINT('',(3.12,-2.105,0.4));
#10604 = VECTOR('',#10605,1.);
#10605 = DIRECTION('',(0.,1.,0.));
#10606 = ORIENTED_EDGE('',*,*,#10607,.F.);
#10607 = EDGE_CURVE('',#10608,#10600,#10610,.T.);
#10608 = VERTEX_POINT('',#10609);
#10609 = CARTESIAN_POINT('',(3.12,2.125,2.09));
#10610 = LINE('',#10611,#10612);
#10611 = CARTESIAN_POINT('',(3.12,2.125,1.545));
#10612 = VECTOR('',#10613,1.);
#10613 = DIRECTION('',(0.,0.,-1.));
#10614 = ORIENTED_EDGE('',*,*,#10615,.F.);
#10615 = EDGE_CURVE('',#10616,#10608,#10618,.T.);
#10616 = VERTEX_POINT('',#10617);
#10617 = CARTESIAN_POINT('',(3.12,1.825,2.09));
#10618 = LINE('',#10619,#10620);
#10619 = CARTESIAN_POINT('',(3.12,1.11,2.09));
#10620 = VECTOR('',#10621,1.);
#10621 = DIRECTION('',(0.,1.,0.));
#10622 = ORIENTED_EDGE('',*,*,#10623,.F.);
#10623 = EDGE_CURVE('',#10497,#10616,#10624,.T.);
#10624 = LINE('',#10625,#10626);
#10625 = CARTESIAN_POINT('',(3.12,1.825,1.545));
#10626 = VECTOR('',#10627,1.);
#10627 = DIRECTION('',(0.,0.,-1.));
#10628 = PLANE('',#10629);
#10629 = AXIS2_PLACEMENT_3D('',#10630,#10631,#10632);
#10630 = CARTESIAN_POINT('',(3.12,-2.105,0.));
#10631 = DIRECTION('',(1.,0.,0.));
#10632 = DIRECTION('',(0.,0.,-1.));
#10633 = ADVANCED_FACE('',(#10634),#10652,.F.);
#10634 = FACE_BOUND('',#10635,.T.);
#10635 = EDGE_LOOP('',(#10636,#10637,#10645,#10651));
#10636 = ORIENTED_EDGE('',*,*,#10512,.T.);
#10637 = ORIENTED_EDGE('',*,*,#10638,.F.);
#10638 = EDGE_CURVE('',#10639,#10505,#10641,.T.);
#10639 = VERTEX_POINT('',#10640);
#10640 = CARTESIAN_POINT('',(3.22,2.22,0.));
#10641 = LINE('',#10642,#10643);
#10642 = CARTESIAN_POINT('',(3.22,2.22,0.));
#10643 = VECTOR('',#10644,1.);
#10644 = DIRECTION('',(0.,0.,1.));
#10645 = ORIENTED_EDGE('',*,*,#10646,.F.);
#10646 = EDGE_CURVE('',#10576,#10639,#10647,.T.);
#10647 = LINE('',#10648,#10649);
#10648 = CARTESIAN_POINT('',(3.12,2.22,0.));
#10649 = VECTOR('',#10650,1.);
#10650 = DIRECTION('',(1.,0.,0.));
#10651 = ORIENTED_EDGE('',*,*,#10575,.T.);
#10652 = PLANE('',#10653);
#10653 = AXIS2_PLACEMENT_3D('',#10654,#10655,#10656);
#10654 = CARTESIAN_POINT('',(3.12,2.22,0.));
#10655 = DIRECTION('',(0.,-1.,0.));
#10656 = DIRECTION('',(0.,0.,-1.));
#10657 = ADVANCED_FACE('',(#10658),#10699,.F.);
#10658 = FACE_BOUND('',#10659,.T.);
#10659 = EDGE_LOOP('',(#10660,#10661,#10669,#10677,#10685,#10693));
#10660 = ORIENTED_EDGE('',*,*,#10560,.T.);
#10661 = ORIENTED_EDGE('',*,*,#10662,.F.);
#10662 = EDGE_CURVE('',#10663,#10553,#10665,.T.);
#10663 = VERTEX_POINT('',#10664);
#10664 = CARTESIAN_POINT('',(-3.22,2.22,0.));
#10665 = LINE('',#10666,#10667);
#10666 = CARTESIAN_POINT('',(-3.22,2.22,0.));
#10667 = VECTOR('',#10668,1.);
#10668 = DIRECTION('',(0.,0.,1.));
#10669 = ORIENTED_EDGE('',*,*,#10670,.F.);
#10670 = EDGE_CURVE('',#10671,#10663,#10673,.T.);
#10671 = VERTEX_POINT('',#10672);
#10672 = CARTESIAN_POINT('',(-3.22,-2.105,0.));
#10673 = LINE('',#10674,#10675);
#10674 = CARTESIAN_POINT('',(-3.22,-2.105,0.));
#10675 = VECTOR('',#10676,1.);
#10676 = DIRECTION('',(0.,1.,0.));
#10677 = ORIENTED_EDGE('',*,*,#10678,.T.);
#10678 = EDGE_CURVE('',#10671,#10679,#10681,.T.);
#10679 = VERTEX_POINT('',#10680);
#10680 = CARTESIAN_POINT('',(-3.22,-2.105,0.4));
#10681 = LINE('',#10682,#10683);
#10682 = CARTESIAN_POINT('',(-3.22,-2.105,0.));
#10683 = VECTOR('',#10684,1.);
#10684 = DIRECTION('',(0.,0.,1.));
#10685 = ORIENTED_EDGE('',*,*,#10686,.T.);
#10686 = EDGE_CURVE('',#10679,#10687,#10689,.T.);
#10687 = VERTEX_POINT('',#10688);
#10688 = CARTESIAN_POINT('',(-3.22,1.825,0.399999936819));
#10689 = LINE('',#10690,#10691);
#10690 = CARTESIAN_POINT('',(-3.22,-2.105,0.4));
#10691 = VECTOR('',#10692,1.);
#10692 = DIRECTION('',(0.,1.,0.));
#10693 = ORIENTED_EDGE('',*,*,#10694,.F.);
#10694 = EDGE_CURVE('',#10537,#10687,#10695,.T.);
#10695 = LINE('',#10696,#10697);
#10696 = CARTESIAN_POINT('',(-3.22,1.825,2.09));
#10697 = VECTOR('',#10698,1.);
#10698 = DIRECTION('',(0.,0.,-1.));
#10699 = PLANE('',#10700);
#10700 = AXIS2_PLACEMENT_3D('',#10701,#10702,#10703);
#10701 = CARTESIAN_POINT('',(-3.22,-2.105,0.));
#10702 = DIRECTION('',(1.,0.,0.));
#10703 = DIRECTION('',(0.,0.,-1.));
#10704 = ADVANCED_FACE('',(#10705),#10723,.T.);
#10705 = FACE_BOUND('',#10706,.T.);
#10706 = EDGE_LOOP('',(#10707,#10708,#10716,#10722));
#10707 = ORIENTED_EDGE('',*,*,#10552,.T.);
#10708 = ORIENTED_EDGE('',*,*,#10709,.F.);
#10709 = EDGE_CURVE('',#10710,#10545,#10712,.T.);
#10710 = VERTEX_POINT('',#10711);
#10711 = CARTESIAN_POINT('',(-3.12,2.22,0.));
#10712 = LINE('',#10713,#10714);
#10713 = CARTESIAN_POINT('',(-3.12,2.22,0.));
#10714 = VECTOR('',#10715,1.);
#10715 = DIRECTION('',(0.,0.,1.));
#10716 = ORIENTED_EDGE('',*,*,#10717,.T.);
#10717 = EDGE_CURVE('',#10710,#10663,#10718,.T.);
#10718 = LINE('',#10719,#10720);
#10719 = CARTESIAN_POINT('',(-3.12,2.22,0.));
#10720 = VECTOR('',#10721,1.);
#10721 = DIRECTION('',(-1.,0.,0.));
#10722 = ORIENTED_EDGE('',*,*,#10662,.T.);
#10723 = PLANE('',#10724);
#10724 = AXIS2_PLACEMENT_3D('',#10725,#10726,#10727);
#10725 = CARTESIAN_POINT('',(-3.12,2.22,0.));
#10726 = DIRECTION('',(0.,1.,0.));
#10727 = DIRECTION('',(-1.,0.,0.));
#10728 = ADVANCED_FACE('',(#10729),#10765,.T.);
#10729 = FACE_BOUND('',#10730,.T.);
#10730 = EDGE_LOOP('',(#10731,#10742,#10750,#10759));
#10731 = ORIENTED_EDGE('',*,*,#10732,.T.);
#10732 = EDGE_CURVE('',#10733,#10735,#10737,.T.);
#10733 = VERTEX_POINT('',#10734);
#10734 = CARTESIAN_POINT('',(-1.6,2.325,2.08));
#10735 = VERTEX_POINT('',#10736);
#10736 = CARTESIAN_POINT('',(-1.6,2.025,2.38));
#10737 = CIRCLE('',#10738,0.3);
#10738 = AXIS2_PLACEMENT_3D('',#10739,#10740,#10741);
#10739 = CARTESIAN_POINT('',(-1.6,2.025,2.08));
#10740 = DIRECTION('',(1.,0.,-8.673617379884E-17));
#10741 = DIRECTION('',(6.133173666733E-17,0.707106781187,0.707106781187)
  );
#10742 = ORIENTED_EDGE('',*,*,#10743,.T.);
#10743 = EDGE_CURVE('',#10735,#10744,#10746,.T.);
#10744 = VERTEX_POINT('',#10745);
#10745 = CARTESIAN_POINT('',(-1.4,2.025,2.38));
#10746 = LINE('',#10747,#10748);
#10747 = CARTESIAN_POINT('',(-0.7,2.025,2.38));
#10748 = VECTOR('',#10749,1.);
#10749 = DIRECTION('',(1.,0.,0.));
#10750 = ORIENTED_EDGE('',*,*,#10751,.T.);
#10751 = EDGE_CURVE('',#10744,#10752,#10754,.T.);
#10752 = VERTEX_POINT('',#10753);
#10753 = CARTESIAN_POINT('',(-1.4,2.325,2.08));
#10754 = CIRCLE('',#10755,0.3);
#10755 = AXIS2_PLACEMENT_3D('',#10756,#10757,#10758);
#10756 = CARTESIAN_POINT('',(-1.4,2.025,2.08));
#10757 = DIRECTION('',(-1.,0.,-8.673617379884E-17));
#10758 = DIRECTION('',(-6.133173666733E-17,0.707106781187,0.707106781187
    ));
#10759 = ORIENTED_EDGE('',*,*,#10760,.T.);
#10760 = EDGE_CURVE('',#10752,#10733,#10761,.T.);
#10761 = LINE('',#10762,#10763);
#10762 = CARTESIAN_POINT('',(-0.7,2.325,2.08));
#10763 = VECTOR('',#10764,1.);
#10764 = DIRECTION('',(-1.,0.,0.));
#10765 = CYLINDRICAL_SURFACE('',#10766,0.3);
#10766 = AXIS2_PLACEMENT_3D('',#10767,#10768,#10769);
#10767 = CARTESIAN_POINT('',(-0.7,2.025,2.08));
#10768 = DIRECTION('',(-1.,0.,0.));
#10769 = DIRECTION('',(0.,0.707106781187,0.707106781187));
#10770 = ADVANCED_FACE('',(#10771),#10853,.F.);
#10771 = FACE_BOUND('',#10772,.T.);
#10772 = EDGE_LOOP('',(#10773,#10774,#10782,#10790,#10799,#10807,#10815,
    #10823,#10831,#10839,#10847));
#10773 = ORIENTED_EDGE('',*,*,#10732,.F.);
#10774 = ORIENTED_EDGE('',*,*,#10775,.F.);
#10775 = EDGE_CURVE('',#10776,#10733,#10778,.T.);
#10776 = VERTEX_POINT('',#10777);
#10777 = CARTESIAN_POINT('',(-1.6,2.325,0.28));
#10778 = LINE('',#10779,#10780);
#10779 = CARTESIAN_POINT('',(-1.6,2.325,-2.E-02));
#10780 = VECTOR('',#10781,1.);
#10781 = DIRECTION('',(0.,0.,1.));
#10782 = ORIENTED_EDGE('',*,*,#10783,.T.);
#10783 = EDGE_CURVE('',#10776,#10784,#10786,.T.);
#10784 = VERTEX_POINT('',#10785);
#10785 = CARTESIAN_POINT('',(-1.6,2.655,0.28));
#10786 = LINE('',#10787,#10788);
#10787 = CARTESIAN_POINT('',(-1.6,2.305,0.28));
#10788 = VECTOR('',#10789,1.);
#10789 = DIRECTION('',(0.,1.,0.));
#10790 = ORIENTED_EDGE('',*,*,#10791,.T.);
#10791 = EDGE_CURVE('',#10784,#10792,#10794,.T.);
#10792 = VERTEX_POINT('',#10793);
#10793 = CARTESIAN_POINT('',(-1.6,2.855,8.E-02));
#10794 = CIRCLE('',#10795,0.2);
#10795 = AXIS2_PLACEMENT_3D('',#10796,#10797,#10798);
#10796 = CARTESIAN_POINT('',(-1.6,2.655,8.E-02));
#10797 = DIRECTION('',(-1.,0.,8.673617379884E-17));
#10798 = DIRECTION('',(-8.673617379884E-17,0.,-1.));
#10799 = ORIENTED_EDGE('',*,*,#10800,.F.);
#10800 = EDGE_CURVE('',#10801,#10792,#10803,.T.);
#10801 = VERTEX_POINT('',#10802);
#10802 = CARTESIAN_POINT('',(-1.6,2.855,-2.E-02));
#10803 = LINE('',#10804,#10805);
#10804 = CARTESIAN_POINT('',(-1.6,2.855,-2.E-02));
#10805 = VECTOR('',#10806,1.);
#10806 = DIRECTION('',(8.673617379884E-17,0.,1.));
#10807 = ORIENTED_EDGE('',*,*,#10808,.T.);
#10808 = EDGE_CURVE('',#10801,#10809,#10811,.T.);
#10809 = VERTEX_POINT('',#10810);
#10810 = CARTESIAN_POINT('',(-1.6,2.125,-2.E-02));
#10811 = LINE('',#10812,#10813);
#10812 = CARTESIAN_POINT('',(-1.6,2.855,-2.E-02));
#10813 = VECTOR('',#10814,1.);
#10814 = DIRECTION('',(0.,-1.,0.));
#10815 = ORIENTED_EDGE('',*,*,#10816,.T.);
#10816 = EDGE_CURVE('',#10809,#10817,#10819,.T.);
#10817 = VERTEX_POINT('',#10818);
#10818 = CARTESIAN_POINT('',(-1.6,2.125,0.));
#10819 = LINE('',#10820,#10821);
#10820 = CARTESIAN_POINT('',(-1.6,2.125,-2.E-02));
#10821 = VECTOR('',#10822,1.);
#10822 = DIRECTION('',(8.673617379884E-17,0.,1.));
#10823 = ORIENTED_EDGE('',*,*,#10824,.T.);
#10824 = EDGE_CURVE('',#10817,#10825,#10827,.T.);
#10825 = VERTEX_POINT('',#10826);
#10826 = CARTESIAN_POINT('',(-1.6,2.125,2.09));
#10827 = LINE('',#10828,#10829);
#10828 = CARTESIAN_POINT('',(-1.6,2.125,-2.E-02));
#10829 = VECTOR('',#10830,1.);
#10830 = DIRECTION('',(8.673617379884E-17,0.,1.));
#10831 = ORIENTED_EDGE('',*,*,#10832,.F.);
#10832 = EDGE_CURVE('',#10833,#10825,#10835,.T.);
#10833 = VERTEX_POINT('',#10834);
#10834 = CARTESIAN_POINT('',(-1.600000031292,1.825,2.09));
#10835 = LINE('',#10836,#10837);
#10836 = CARTESIAN_POINT('',(-1.600000031292,1.1625,2.09));
#10837 = VECTOR('',#10838,1.);
#10838 = DIRECTION('',(0.,1.,0.));
#10839 = ORIENTED_EDGE('',*,*,#10840,.F.);
#10840 = EDGE_CURVE('',#10841,#10833,#10843,.T.);
#10841 = VERTEX_POINT('',#10842);
#10842 = CARTESIAN_POINT('',(-1.6,1.825,2.38));
#10843 = LINE('',#10844,#10845);
#10844 = CARTESIAN_POINT('',(-1.600000031292,1.825,2.735));
#10845 = VECTOR('',#10846,1.);
#10846 = DIRECTION('',(0.,0.,-1.));
#10847 = ORIENTED_EDGE('',*,*,#10848,.F.);
#10848 = EDGE_CURVE('',#10735,#10841,#10849,.T.);
#10849 = LINE('',#10850,#10851);
#10850 = CARTESIAN_POINT('',(-1.6,2.125,2.38));
#10851 = VECTOR('',#10852,1.);
#10852 = DIRECTION('',(0.,-1.,0.));
#10853 = PLANE('',#10854);
#10854 = AXIS2_PLACEMENT_3D('',#10855,#10856,#10857);
#10855 = CARTESIAN_POINT('',(-1.6,2.855,-2.E-02));
#10856 = DIRECTION('',(1.,0.,-8.673617379884E-17));
#10857 = DIRECTION('',(-8.673617379884E-17,0.,-1.));
#10858 = ADVANCED_FACE('',(#10859),#10877,.T.);
#10859 = FACE_BOUND('',#10860,.T.);
#10860 = EDGE_LOOP('',(#10861,#10862,#10870,#10876));
#10861 = ORIENTED_EDGE('',*,*,#10760,.F.);
#10862 = ORIENTED_EDGE('',*,*,#10863,.F.);
#10863 = EDGE_CURVE('',#10864,#10752,#10866,.T.);
#10864 = VERTEX_POINT('',#10865);
#10865 = CARTESIAN_POINT('',(-1.4,2.325,0.28));
#10866 = LINE('',#10867,#10868);
#10867 = CARTESIAN_POINT('',(-1.4,2.325,-2.E-02));
#10868 = VECTOR('',#10869,1.);
#10869 = DIRECTION('',(0.,0.,1.));
#10870 = ORIENTED_EDGE('',*,*,#10871,.F.);
#10871 = EDGE_CURVE('',#10776,#10864,#10872,.T.);
#10872 = LINE('',#10873,#10874);
#10873 = CARTESIAN_POINT('',(-1.4,2.325,0.28));
#10874 = VECTOR('',#10875,1.);
#10875 = DIRECTION('',(1.,0.,0.));
#10876 = ORIENTED_EDGE('',*,*,#10775,.T.);
#10877 = PLANE('',#10878);
#10878 = AXIS2_PLACEMENT_3D('',#10879,#10880,#10881);
#10879 = CARTESIAN_POINT('',(-1.4,2.325,-2.E-02));
#10880 = DIRECTION('',(0.,1.,0.));
#10881 = DIRECTION('',(-1.,0.,0.));
#10882 = ADVANCED_FACE('',(#10883),#10919,.T.);
#10883 = FACE_BOUND('',#10884,.T.);
#10884 = EDGE_LOOP('',(#10885,#10896,#10904,#10913));
#10885 = ORIENTED_EDGE('',*,*,#10886,.T.);
#10886 = EDGE_CURVE('',#10887,#10889,#10891,.T.);
#10887 = VERTEX_POINT('',#10888);
#10888 = CARTESIAN_POINT('',(-0.6,2.325,2.08));
#10889 = VERTEX_POINT('',#10890);
#10890 = CARTESIAN_POINT('',(-0.6,2.025,2.38));
#10891 = CIRCLE('',#10892,0.3);
#10892 = AXIS2_PLACEMENT_3D('',#10893,#10894,#10895);
#10893 = CARTESIAN_POINT('',(-0.6,2.025,2.08));
#10894 = DIRECTION('',(1.,0.,-1.301042606983E-16));
#10895 = DIRECTION('',(9.1997605001E-17,0.707106781187,0.707106781187));
#10896 = ORIENTED_EDGE('',*,*,#10897,.T.);
#10897 = EDGE_CURVE('',#10889,#10898,#10900,.T.);
#10898 = VERTEX_POINT('',#10899);
#10899 = CARTESIAN_POINT('',(-0.4,2.025,2.38));
#10900 = LINE('',#10901,#10902);
#10901 = CARTESIAN_POINT('',(-0.2,2.025,2.38));
#10902 = VECTOR('',#10903,1.);
#10903 = DIRECTION('',(1.,0.,0.));
#10904 = ORIENTED_EDGE('',*,*,#10905,.T.);
#10905 = EDGE_CURVE('',#10898,#10906,#10908,.T.);
#10906 = VERTEX_POINT('',#10907);
#10907 = CARTESIAN_POINT('',(-0.4,2.325,2.08));
#10908 = CIRCLE('',#10909,0.3);
#10909 = AXIS2_PLACEMENT_3D('',#10910,#10911,#10912);
#10910 = CARTESIAN_POINT('',(-0.4,2.025,2.08));
#10911 = DIRECTION('',(-1.,0.,-1.301042606983E-16));
#10912 = DIRECTION('',(-9.1997605001E-17,0.707106781187,0.707106781187)
  );
#10913 = ORIENTED_EDGE('',*,*,#10914,.T.);
#10914 = EDGE_CURVE('',#10906,#10887,#10915,.T.);
#10915 = LINE('',#10916,#10917);
#10916 = CARTESIAN_POINT('',(-0.2,2.325,2.08));
#10917 = VECTOR('',#10918,1.);
#10918 = DIRECTION('',(-1.,0.,0.));
#10919 = CYLINDRICAL_SURFACE('',#10920,0.3);
#10920 = AXIS2_PLACEMENT_3D('',#10921,#10922,#10923);
#10921 = CARTESIAN_POINT('',(-0.2,2.025,2.08));
#10922 = DIRECTION('',(-1.,0.,0.));
#10923 = DIRECTION('',(0.,0.707106781187,0.707106781187));
#10924 = ADVANCED_FACE('',(#10925),#11007,.F.);
#10925 = FACE_BOUND('',#10926,.T.);
#10926 = EDGE_LOOP('',(#10927,#10928,#10936,#10944,#10953,#10961,#10969,
    #10977,#10985,#10993,#11001));
#10927 = ORIENTED_EDGE('',*,*,#10886,.F.);
#10928 = ORIENTED_EDGE('',*,*,#10929,.F.);
#10929 = EDGE_CURVE('',#10930,#10887,#10932,.T.);
#10930 = VERTEX_POINT('',#10931);
#10931 = CARTESIAN_POINT('',(-0.6,2.325,0.28));
#10932 = LINE('',#10933,#10934);
#10933 = CARTESIAN_POINT('',(-0.6,2.325,-2.E-02));
#10934 = VECTOR('',#10935,1.);
#10935 = DIRECTION('',(0.,0.,1.));
#10936 = ORIENTED_EDGE('',*,*,#10937,.T.);
#10937 = EDGE_CURVE('',#10930,#10938,#10940,.T.);
#10938 = VERTEX_POINT('',#10939);
#10939 = CARTESIAN_POINT('',(-0.6,2.655,0.28));
#10940 = LINE('',#10941,#10942);
#10941 = CARTESIAN_POINT('',(-0.6,2.305,0.28));
#10942 = VECTOR('',#10943,1.);
#10943 = DIRECTION('',(0.,1.,0.));
#10944 = ORIENTED_EDGE('',*,*,#10945,.T.);
#10945 = EDGE_CURVE('',#10938,#10946,#10948,.T.);
#10946 = VERTEX_POINT('',#10947);
#10947 = CARTESIAN_POINT('',(-0.6,2.855,8.E-02));
#10948 = CIRCLE('',#10949,0.2);
#10949 = AXIS2_PLACEMENT_3D('',#10950,#10951,#10952);
#10950 = CARTESIAN_POINT('',(-0.6,2.655,8.E-02));
#10951 = DIRECTION('',(-1.,0.,1.301042606983E-16));
#10952 = DIRECTION('',(-1.301042606983E-16,0.,-1.));
#10953 = ORIENTED_EDGE('',*,*,#10954,.F.);
#10954 = EDGE_CURVE('',#10955,#10946,#10957,.T.);
#10955 = VERTEX_POINT('',#10956);
#10956 = CARTESIAN_POINT('',(-0.6,2.855,-2.E-02));
#10957 = LINE('',#10958,#10959);
#10958 = CARTESIAN_POINT('',(-0.6,2.855,-2.E-02));
#10959 = VECTOR('',#10960,1.);
#10960 = DIRECTION('',(1.301042606983E-16,0.,1.));
#10961 = ORIENTED_EDGE('',*,*,#10962,.T.);
#10962 = EDGE_CURVE('',#10955,#10963,#10965,.T.);
#10963 = VERTEX_POINT('',#10964);
#10964 = CARTESIAN_POINT('',(-0.6,2.125,-2.E-02));
#10965 = LINE('',#10966,#10967);
#10966 = CARTESIAN_POINT('',(-0.6,2.855,-2.E-02));
#10967 = VECTOR('',#10968,1.);
#10968 = DIRECTION('',(0.,-1.,0.));
#10969 = ORIENTED_EDGE('',*,*,#10970,.T.);
#10970 = EDGE_CURVE('',#10963,#10971,#10973,.T.);
#10971 = VERTEX_POINT('',#10972);
#10972 = CARTESIAN_POINT('',(-0.6,2.125,0.));
#10973 = LINE('',#10974,#10975);
#10974 = CARTESIAN_POINT('',(-0.6,2.125,-2.E-02));
#10975 = VECTOR('',#10976,1.);
#10976 = DIRECTION('',(1.301042606983E-16,0.,1.));
#10977 = ORIENTED_EDGE('',*,*,#10978,.T.);
#10978 = EDGE_CURVE('',#10971,#10979,#10981,.T.);
#10979 = VERTEX_POINT('',#10980);
#10980 = CARTESIAN_POINT('',(-0.6,2.125,2.09));
#10981 = LINE('',#10982,#10983);
#10982 = CARTESIAN_POINT('',(-0.6,2.125,-2.E-02));
#10983 = VECTOR('',#10984,1.);
#10984 = DIRECTION('',(1.301042606983E-16,0.,1.));
#10985 = ORIENTED_EDGE('',*,*,#10986,.F.);
#10986 = EDGE_CURVE('',#10987,#10979,#10989,.T.);
#10987 = VERTEX_POINT('',#10988);
#10988 = CARTESIAN_POINT('',(-0.600000031292,1.825,2.09));
#10989 = LINE('',#10990,#10991);
#10990 = CARTESIAN_POINT('',(-0.600000031292,1.1625,2.09));
#10991 = VECTOR('',#10992,1.);
#10992 = DIRECTION('',(0.,1.,0.));
#10993 = ORIENTED_EDGE('',*,*,#10994,.F.);
#10994 = EDGE_CURVE('',#10995,#10987,#10997,.T.);
#10995 = VERTEX_POINT('',#10996);
#10996 = CARTESIAN_POINT('',(-0.6,1.825,2.38));
#10997 = LINE('',#10998,#10999);
#10998 = CARTESIAN_POINT('',(-0.600000031292,1.825,2.735));
#10999 = VECTOR('',#11000,1.);
#11000 = DIRECTION('',(0.,0.,-1.));
#11001 = ORIENTED_EDGE('',*,*,#11002,.F.);
#11002 = EDGE_CURVE('',#10889,#10995,#11003,.T.);
#11003 = LINE('',#11004,#11005);
#11004 = CARTESIAN_POINT('',(-0.6,2.125,2.38));
#11005 = VECTOR('',#11006,1.);
#11006 = DIRECTION('',(0.,-1.,0.));
#11007 = PLANE('',#11008);
#11008 = AXIS2_PLACEMENT_3D('',#11009,#11010,#11011);
#11009 = CARTESIAN_POINT('',(-0.6,2.855,-2.E-02));
#11010 = DIRECTION('',(1.,0.,-1.301042606983E-16));
#11011 = DIRECTION('',(-1.301042606983E-16,0.,-1.));
#11012 = ADVANCED_FACE('',(#11013),#11031,.T.);
#11013 = FACE_BOUND('',#11014,.T.);
#11014 = EDGE_LOOP('',(#11015,#11016,#11024,#11030));
#11015 = ORIENTED_EDGE('',*,*,#10914,.F.);
#11016 = ORIENTED_EDGE('',*,*,#11017,.F.);
#11017 = EDGE_CURVE('',#11018,#10906,#11020,.T.);
#11018 = VERTEX_POINT('',#11019);
#11019 = CARTESIAN_POINT('',(-0.4,2.325,0.28));
#11020 = LINE('',#11021,#11022);
#11021 = CARTESIAN_POINT('',(-0.4,2.325,-2.E-02));
#11022 = VECTOR('',#11023,1.);
#11023 = DIRECTION('',(0.,0.,1.));
#11024 = ORIENTED_EDGE('',*,*,#11025,.F.);
#11025 = EDGE_CURVE('',#10930,#11018,#11026,.T.);
#11026 = LINE('',#11027,#11028);
#11027 = CARTESIAN_POINT('',(-0.4,2.325,0.28));
#11028 = VECTOR('',#11029,1.);
#11029 = DIRECTION('',(1.,0.,0.));
#11030 = ORIENTED_EDGE('',*,*,#10929,.T.);
#11031 = PLANE('',#11032);
#11032 = AXIS2_PLACEMENT_3D('',#11033,#11034,#11035);
#11033 = CARTESIAN_POINT('',(-0.4,2.325,-2.E-02));
#11034 = DIRECTION('',(0.,1.,0.));
#11035 = DIRECTION('',(-1.,0.,0.));
#11036 = ADVANCED_FACE('',(#11037),#11073,.T.);
#11037 = FACE_BOUND('',#11038,.T.);
#11038 = EDGE_LOOP('',(#11039,#11050,#11058,#11067));
#11039 = ORIENTED_EDGE('',*,*,#11040,.T.);
#11040 = EDGE_CURVE('',#11041,#11043,#11045,.T.);
#11041 = VERTEX_POINT('',#11042);
#11042 = CARTESIAN_POINT('',(0.4,2.325,2.08));
#11043 = VERTEX_POINT('',#11044);
#11044 = CARTESIAN_POINT('',(0.4,2.025,2.38));
#11045 = CIRCLE('',#11046,0.3);
#11046 = AXIS2_PLACEMENT_3D('',#11047,#11048,#11049);
#11047 = CARTESIAN_POINT('',(0.4,2.025,2.08));
#11048 = DIRECTION('',(1.,0.,-1.301042606983E-16));
#11049 = DIRECTION('',(9.1997605001E-17,0.707106781187,0.707106781187));
#11050 = ORIENTED_EDGE('',*,*,#11051,.T.);
#11051 = EDGE_CURVE('',#11043,#11052,#11054,.T.);
#11052 = VERTEX_POINT('',#11053);
#11053 = CARTESIAN_POINT('',(0.6,2.025,2.38));
#11054 = LINE('',#11055,#11056);
#11055 = CARTESIAN_POINT('',(0.3,2.025,2.38));
#11056 = VECTOR('',#11057,1.);
#11057 = DIRECTION('',(1.,0.,0.));
#11058 = ORIENTED_EDGE('',*,*,#11059,.T.);
#11059 = EDGE_CURVE('',#11052,#11060,#11062,.T.);
#11060 = VERTEX_POINT('',#11061);
#11061 = CARTESIAN_POINT('',(0.6,2.325,2.08));
#11062 = CIRCLE('',#11063,0.3);
#11063 = AXIS2_PLACEMENT_3D('',#11064,#11065,#11066);
#11064 = CARTESIAN_POINT('',(0.6,2.025,2.08));
#11065 = DIRECTION('',(-1.,0.,-1.301042606983E-16));
#11066 = DIRECTION('',(-9.1997605001E-17,0.707106781187,0.707106781187)
  );
#11067 = ORIENTED_EDGE('',*,*,#11068,.T.);
#11068 = EDGE_CURVE('',#11060,#11041,#11069,.T.);
#11069 = LINE('',#11070,#11071);
#11070 = CARTESIAN_POINT('',(0.3,2.325,2.08));
#11071 = VECTOR('',#11072,1.);
#11072 = DIRECTION('',(-1.,0.,0.));
#11073 = CYLINDRICAL_SURFACE('',#11074,0.3);
#11074 = AXIS2_PLACEMENT_3D('',#11075,#11076,#11077);
#11075 = CARTESIAN_POINT('',(0.3,2.025,2.08));
#11076 = DIRECTION('',(-1.,0.,0.));
#11077 = DIRECTION('',(0.,0.707106781187,0.707106781187));
#11078 = ADVANCED_FACE('',(#11079),#11161,.F.);
#11079 = FACE_BOUND('',#11080,.T.);
#11080 = EDGE_LOOP('',(#11081,#11082,#11090,#11098,#11107,#11115,#11123,
    #11131,#11139,#11147,#11155));
#11081 = ORIENTED_EDGE('',*,*,#11040,.F.);
#11082 = ORIENTED_EDGE('',*,*,#11083,.F.);
#11083 = EDGE_CURVE('',#11084,#11041,#11086,.T.);
#11084 = VERTEX_POINT('',#11085);
#11085 = CARTESIAN_POINT('',(0.4,2.325,0.28));
#11086 = LINE('',#11087,#11088);
#11087 = CARTESIAN_POINT('',(0.4,2.325,-2.E-02));
#11088 = VECTOR('',#11089,1.);
#11089 = DIRECTION('',(0.,0.,1.));
#11090 = ORIENTED_EDGE('',*,*,#11091,.T.);
#11091 = EDGE_CURVE('',#11084,#11092,#11094,.T.);
#11092 = VERTEX_POINT('',#11093);
#11093 = CARTESIAN_POINT('',(0.4,2.655,0.28));
#11094 = LINE('',#11095,#11096);
#11095 = CARTESIAN_POINT('',(0.4,2.305,0.28));
#11096 = VECTOR('',#11097,1.);
#11097 = DIRECTION('',(0.,1.,0.));
#11098 = ORIENTED_EDGE('',*,*,#11099,.T.);
#11099 = EDGE_CURVE('',#11092,#11100,#11102,.T.);
#11100 = VERTEX_POINT('',#11101);
#11101 = CARTESIAN_POINT('',(0.4,2.855,8.E-02));
#11102 = CIRCLE('',#11103,0.2);
#11103 = AXIS2_PLACEMENT_3D('',#11104,#11105,#11106);
#11104 = CARTESIAN_POINT('',(0.4,2.655,8.E-02));
#11105 = DIRECTION('',(-1.,0.,1.301042606983E-16));
#11106 = DIRECTION('',(-1.301042606983E-16,0.,-1.));
#11107 = ORIENTED_EDGE('',*,*,#11108,.F.);
#11108 = EDGE_CURVE('',#11109,#11100,#11111,.T.);
#11109 = VERTEX_POINT('',#11110);
#11110 = CARTESIAN_POINT('',(0.4,2.855,-2.E-02));
#11111 = LINE('',#11112,#11113);
#11112 = CARTESIAN_POINT('',(0.4,2.855,-2.E-02));
#11113 = VECTOR('',#11114,1.);
#11114 = DIRECTION('',(1.301042606983E-16,0.,1.));
#11115 = ORIENTED_EDGE('',*,*,#11116,.T.);
#11116 = EDGE_CURVE('',#11109,#11117,#11119,.T.);
#11117 = VERTEX_POINT('',#11118);
#11118 = CARTESIAN_POINT('',(0.4,2.125,-2.E-02));
#11119 = LINE('',#11120,#11121);
#11120 = CARTESIAN_POINT('',(0.4,2.855,-2.E-02));
#11121 = VECTOR('',#11122,1.);
#11122 = DIRECTION('',(0.,-1.,0.));
#11123 = ORIENTED_EDGE('',*,*,#11124,.T.);
#11124 = EDGE_CURVE('',#11117,#11125,#11127,.T.);
#11125 = VERTEX_POINT('',#11126);
#11126 = CARTESIAN_POINT('',(0.4,2.125,0.));
#11127 = LINE('',#11128,#11129);
#11128 = CARTESIAN_POINT('',(0.4,2.125,-2.E-02));
#11129 = VECTOR('',#11130,1.);
#11130 = DIRECTION('',(1.301042606983E-16,0.,1.));
#11131 = ORIENTED_EDGE('',*,*,#11132,.T.);
#11132 = EDGE_CURVE('',#11125,#11133,#11135,.T.);
#11133 = VERTEX_POINT('',#11134);
#11134 = CARTESIAN_POINT('',(0.4,2.125,2.09));
#11135 = LINE('',#11136,#11137);
#11136 = CARTESIAN_POINT('',(0.4,2.125,-2.E-02));
#11137 = VECTOR('',#11138,1.);
#11138 = DIRECTION('',(1.301042606983E-16,0.,1.));
#11139 = ORIENTED_EDGE('',*,*,#11140,.F.);
#11140 = EDGE_CURVE('',#11141,#11133,#11143,.T.);
#11141 = VERTEX_POINT('',#11142);
#11142 = CARTESIAN_POINT('',(0.399999968708,1.825,2.09));
#11143 = LINE('',#11144,#11145);
#11144 = CARTESIAN_POINT('',(0.399999968708,1.1625,2.09));
#11145 = VECTOR('',#11146,1.);
#11146 = DIRECTION('',(0.,1.,0.));
#11147 = ORIENTED_EDGE('',*,*,#11148,.F.);
#11148 = EDGE_CURVE('',#11149,#11141,#11151,.T.);
#11149 = VERTEX_POINT('',#11150);
#11150 = CARTESIAN_POINT('',(0.4,1.825,2.38));
#11151 = LINE('',#11152,#11153);
#11152 = CARTESIAN_POINT('',(0.399999968708,1.825,2.735));
#11153 = VECTOR('',#11154,1.);
#11154 = DIRECTION('',(0.,0.,-1.));
#11155 = ORIENTED_EDGE('',*,*,#11156,.F.);
#11156 = EDGE_CURVE('',#11043,#11149,#11157,.T.);
#11157 = LINE('',#11158,#11159);
#11158 = CARTESIAN_POINT('',(0.4,2.125,2.38));
#11159 = VECTOR('',#11160,1.);
#11160 = DIRECTION('',(0.,-1.,0.));
#11161 = PLANE('',#11162);
#11162 = AXIS2_PLACEMENT_3D('',#11163,#11164,#11165);
#11163 = CARTESIAN_POINT('',(0.4,2.855,-2.E-02));
#11164 = DIRECTION('',(1.,0.,-1.301042606983E-16));
#11165 = DIRECTION('',(-1.301042606983E-16,0.,-1.));
#11166 = ADVANCED_FACE('',(#11167),#11185,.T.);
#11167 = FACE_BOUND('',#11168,.T.);
#11168 = EDGE_LOOP('',(#11169,#11170,#11178,#11184));
#11169 = ORIENTED_EDGE('',*,*,#11068,.F.);
#11170 = ORIENTED_EDGE('',*,*,#11171,.F.);
#11171 = EDGE_CURVE('',#11172,#11060,#11174,.T.);
#11172 = VERTEX_POINT('',#11173);
#11173 = CARTESIAN_POINT('',(0.6,2.325,0.28));
#11174 = LINE('',#11175,#11176);
#11175 = CARTESIAN_POINT('',(0.6,2.325,-2.E-02));
#11176 = VECTOR('',#11177,1.);
#11177 = DIRECTION('',(0.,0.,1.));
#11178 = ORIENTED_EDGE('',*,*,#11179,.F.);
#11179 = EDGE_CURVE('',#11084,#11172,#11180,.T.);
#11180 = LINE('',#11181,#11182);
#11181 = CARTESIAN_POINT('',(0.6,2.325,0.28));
#11182 = VECTOR('',#11183,1.);
#11183 = DIRECTION('',(1.,0.,0.));
#11184 = ORIENTED_EDGE('',*,*,#11083,.T.);
#11185 = PLANE('',#11186);
#11186 = AXIS2_PLACEMENT_3D('',#11187,#11188,#11189);
#11187 = CARTESIAN_POINT('',(0.6,2.325,-2.E-02));
#11188 = DIRECTION('',(0.,1.,0.));
#11189 = DIRECTION('',(-1.,0.,0.));
#11190 = ADVANCED_FACE('',(#11191),#11227,.T.);
#11191 = FACE_BOUND('',#11192,.T.);
#11192 = EDGE_LOOP('',(#11193,#11204,#11212,#11221));
#11193 = ORIENTED_EDGE('',*,*,#11194,.T.);
#11194 = EDGE_CURVE('',#11195,#11197,#11199,.T.);
#11195 = VERTEX_POINT('',#11196);
#11196 = CARTESIAN_POINT('',(1.4,2.325,2.08));
#11197 = VERTEX_POINT('',#11198);
#11198 = CARTESIAN_POINT('',(1.4,2.025,2.38));
#11199 = CIRCLE('',#11200,0.3);
#11200 = AXIS2_PLACEMENT_3D('',#11201,#11202,#11203);
#11201 = CARTESIAN_POINT('',(1.4,2.025,2.08));
#11202 = DIRECTION('',(1.,0.,-1.734723475977E-16));
#11203 = DIRECTION('',(1.226634733347E-16,0.707106781187,0.707106781187)
  );
#11204 = ORIENTED_EDGE('',*,*,#11205,.T.);
#11205 = EDGE_CURVE('',#11197,#11206,#11208,.T.);
#11206 = VERTEX_POINT('',#11207);
#11207 = CARTESIAN_POINT('',(1.6,2.025,2.38));
#11208 = LINE('',#11209,#11210);
#11209 = CARTESIAN_POINT('',(0.8,2.025,2.38));
#11210 = VECTOR('',#11211,1.);
#11211 = DIRECTION('',(1.,0.,0.));
#11212 = ORIENTED_EDGE('',*,*,#11213,.T.);
#11213 = EDGE_CURVE('',#11206,#11214,#11216,.T.);
#11214 = VERTEX_POINT('',#11215);
#11215 = CARTESIAN_POINT('',(1.6,2.325,2.08));
#11216 = CIRCLE('',#11217,0.3);
#11217 = AXIS2_PLACEMENT_3D('',#11218,#11219,#11220);
#11218 = CARTESIAN_POINT('',(1.6,2.025,2.08));
#11219 = DIRECTION('',(-1.,0.,-1.734723475977E-16));
#11220 = DIRECTION('',(-1.226634733347E-16,0.707106781187,0.707106781187
    ));
#11221 = ORIENTED_EDGE('',*,*,#11222,.T.);
#11222 = EDGE_CURVE('',#11214,#11195,#11223,.T.);
#11223 = LINE('',#11224,#11225);
#11224 = CARTESIAN_POINT('',(0.8,2.325,2.08));
#11225 = VECTOR('',#11226,1.);
#11226 = DIRECTION('',(-1.,0.,0.));
#11227 = CYLINDRICAL_SURFACE('',#11228,0.3);
#11228 = AXIS2_PLACEMENT_3D('',#11229,#11230,#11231);
#11229 = CARTESIAN_POINT('',(0.8,2.025,2.08));
#11230 = DIRECTION('',(-1.,0.,0.));
#11231 = DIRECTION('',(0.,0.707106781187,0.707106781187));
#11232 = ADVANCED_FACE('',(#11233),#11258,.T.);
#11233 = FACE_BOUND('',#11234,.T.);
#11234 = EDGE_LOOP('',(#11235,#11236,#11244,#11252));
#11235 = ORIENTED_EDGE('',*,*,#11222,.F.);
#11236 = ORIENTED_EDGE('',*,*,#11237,.F.);
#11237 = EDGE_CURVE('',#11238,#11214,#11240,.T.);
#11238 = VERTEX_POINT('',#11239);
#11239 = CARTESIAN_POINT('',(1.6,2.325,0.28));
#11240 = LINE('',#11241,#11242);
#11241 = CARTESIAN_POINT('',(1.6,2.325,-2.E-02));
#11242 = VECTOR('',#11243,1.);
#11243 = DIRECTION('',(0.,0.,1.));
#11244 = ORIENTED_EDGE('',*,*,#11245,.F.);
#11245 = EDGE_CURVE('',#11246,#11238,#11248,.T.);
#11246 = VERTEX_POINT('',#11247);
#11247 = CARTESIAN_POINT('',(1.4,2.325,0.28));
#11248 = LINE('',#11249,#11250);
#11249 = CARTESIAN_POINT('',(1.6,2.325,0.28));
#11250 = VECTOR('',#11251,1.);
#11251 = DIRECTION('',(1.,0.,0.));
#11252 = ORIENTED_EDGE('',*,*,#11253,.T.);
#11253 = EDGE_CURVE('',#11246,#11195,#11254,.T.);
#11254 = LINE('',#11255,#11256);
#11255 = CARTESIAN_POINT('',(1.4,2.325,-2.E-02));
#11256 = VECTOR('',#11257,1.);
#11257 = DIRECTION('',(0.,0.,1.));
#11258 = PLANE('',#11259);
#11259 = AXIS2_PLACEMENT_3D('',#11260,#11261,#11262);
#11260 = CARTESIAN_POINT('',(1.6,2.325,-2.E-02));
#11261 = DIRECTION('',(0.,1.,0.));
#11262 = DIRECTION('',(-1.,0.,0.));
#11263 = ADVANCED_FACE('',(#11264),#11339,.F.);
#11264 = FACE_BOUND('',#11265,.T.);
#11265 = EDGE_LOOP('',(#11266,#11267,#11275,#11283,#11291,#11299,#11307,
    #11315,#11323,#11332,#11338));
#11266 = ORIENTED_EDGE('',*,*,#11213,.F.);
#11267 = ORIENTED_EDGE('',*,*,#11268,.T.);
#11268 = EDGE_CURVE('',#11206,#11269,#11271,.T.);
#11269 = VERTEX_POINT('',#11270);
#11270 = CARTESIAN_POINT('',(1.6,1.825,2.38));
#11271 = LINE('',#11272,#11273);
#11272 = CARTESIAN_POINT('',(1.6,2.325,2.38));
#11273 = VECTOR('',#11274,1.);
#11274 = DIRECTION('',(0.,-1.,0.));
#11275 = ORIENTED_EDGE('',*,*,#11276,.F.);
#11276 = EDGE_CURVE('',#11277,#11269,#11279,.T.);
#11277 = VERTEX_POINT('',#11278);
#11278 = CARTESIAN_POINT('',(1.6,1.825,2.09));
#11279 = LINE('',#11280,#11281);
#11280 = CARTESIAN_POINT('',(1.6,1.825,2.585));
#11281 = VECTOR('',#11282,1.);
#11282 = DIRECTION('',(0.,0.,1.));
#11283 = ORIENTED_EDGE('',*,*,#11284,.F.);
#11284 = EDGE_CURVE('',#11285,#11277,#11287,.T.);
#11285 = VERTEX_POINT('',#11286);
#11286 = CARTESIAN_POINT('',(1.6,2.125,2.09));
#11287 = LINE('',#11288,#11289);
#11288 = CARTESIAN_POINT('',(1.6,1.1625,2.09));
#11289 = VECTOR('',#11290,1.);
#11290 = DIRECTION('',(0.,-1.,0.));
#11291 = ORIENTED_EDGE('',*,*,#11292,.T.);
#11292 = EDGE_CURVE('',#11285,#11293,#11295,.T.);
#11293 = VERTEX_POINT('',#11294);
#11294 = CARTESIAN_POINT('',(1.6,2.125,0.));
#11295 = LINE('',#11296,#11297);
#11296 = CARTESIAN_POINT('',(1.6,2.125,-2.E-02));
#11297 = VECTOR('',#11298,1.);
#11298 = DIRECTION('',(1.734723475977E-16,0.,-1.));
#11299 = ORIENTED_EDGE('',*,*,#11300,.T.);
#11300 = EDGE_CURVE('',#11293,#11301,#11303,.T.);
#11301 = VERTEX_POINT('',#11302);
#11302 = CARTESIAN_POINT('',(1.6,2.125,-2.E-02));
#11303 = LINE('',#11304,#11305);
#11304 = CARTESIAN_POINT('',(1.6,2.125,-2.E-02));
#11305 = VECTOR('',#11306,1.);
#11306 = DIRECTION('',(1.734723475977E-16,0.,-1.));
#11307 = ORIENTED_EDGE('',*,*,#11308,.F.);
#11308 = EDGE_CURVE('',#11309,#11301,#11311,.T.);
#11309 = VERTEX_POINT('',#11310);
#11310 = CARTESIAN_POINT('',(1.6,2.855,-2.E-02));
#11311 = LINE('',#11312,#11313);
#11312 = CARTESIAN_POINT('',(1.6,2.855,-2.E-02));
#11313 = VECTOR('',#11314,1.);
#11314 = DIRECTION('',(0.,-1.,0.));
#11315 = ORIENTED_EDGE('',*,*,#11316,.F.);
#11316 = EDGE_CURVE('',#11317,#11309,#11319,.T.);
#11317 = VERTEX_POINT('',#11318);
#11318 = CARTESIAN_POINT('',(1.6,2.855,8.E-02));
#11319 = LINE('',#11320,#11321);
#11320 = CARTESIAN_POINT('',(1.6,2.855,-2.E-02));
#11321 = VECTOR('',#11322,1.);
#11322 = DIRECTION('',(1.734723475977E-16,0.,-1.));
#11323 = ORIENTED_EDGE('',*,*,#11324,.T.);
#11324 = EDGE_CURVE('',#11317,#11325,#11327,.T.);
#11325 = VERTEX_POINT('',#11326);
#11326 = CARTESIAN_POINT('',(1.6,2.655,0.28));
#11327 = CIRCLE('',#11328,0.2);
#11328 = AXIS2_PLACEMENT_3D('',#11329,#11330,#11331);
#11329 = CARTESIAN_POINT('',(1.6,2.655,8.E-02));
#11330 = DIRECTION('',(1.,0.,1.734723475977E-16));
#11331 = DIRECTION('',(-1.734723475977E-16,0.,1.));
#11332 = ORIENTED_EDGE('',*,*,#11333,.F.);
#11333 = EDGE_CURVE('',#11238,#11325,#11334,.T.);
#11334 = LINE('',#11335,#11336);
#11335 = CARTESIAN_POINT('',(1.6,2.305,0.28));
#11336 = VECTOR('',#11337,1.);
#11337 = DIRECTION('',(0.,1.,0.));
#11338 = ORIENTED_EDGE('',*,*,#11237,.T.);
#11339 = PLANE('',#11340);
#11340 = AXIS2_PLACEMENT_3D('',#11341,#11342,#11343);
#11341 = CARTESIAN_POINT('',(1.6,2.855,-2.E-02));
#11342 = DIRECTION('',(-1.,0.,-1.734723475977E-16));
#11343 = DIRECTION('',(-1.734723475977E-16,0.,1.));
#11344 = ADVANCED_FACE('',(#11345),#11420,.F.);
#11345 = FACE_BOUND('',#11346,.T.);
#11346 = EDGE_LOOP('',(#11347,#11348,#11356,#11364,#11372,#11380,#11388,
    #11396,#11404,#11413,#11419));
#11347 = ORIENTED_EDGE('',*,*,#11059,.F.);
#11348 = ORIENTED_EDGE('',*,*,#11349,.T.);
#11349 = EDGE_CURVE('',#11052,#11350,#11352,.T.);
#11350 = VERTEX_POINT('',#11351);
#11351 = CARTESIAN_POINT('',(0.6,1.825,2.38));
#11352 = LINE('',#11353,#11354);
#11353 = CARTESIAN_POINT('',(0.6,2.325,2.38));
#11354 = VECTOR('',#11355,1.);
#11355 = DIRECTION('',(0.,-1.,0.));
#11356 = ORIENTED_EDGE('',*,*,#11357,.F.);
#11357 = EDGE_CURVE('',#11358,#11350,#11360,.T.);
#11358 = VERTEX_POINT('',#11359);
#11359 = CARTESIAN_POINT('',(0.6,1.825,2.09));
#11360 = LINE('',#11361,#11362);
#11361 = CARTESIAN_POINT('',(0.6,1.825,2.585));
#11362 = VECTOR('',#11363,1.);
#11363 = DIRECTION('',(0.,0.,1.));
#11364 = ORIENTED_EDGE('',*,*,#11365,.F.);
#11365 = EDGE_CURVE('',#11366,#11358,#11368,.T.);
#11366 = VERTEX_POINT('',#11367);
#11367 = CARTESIAN_POINT('',(0.6,2.125,2.09));
#11368 = LINE('',#11369,#11370);
#11369 = CARTESIAN_POINT('',(0.6,1.1625,2.09));
#11370 = VECTOR('',#11371,1.);
#11371 = DIRECTION('',(0.,-1.,0.));
#11372 = ORIENTED_EDGE('',*,*,#11373,.T.);
#11373 = EDGE_CURVE('',#11366,#11374,#11376,.T.);
#11374 = VERTEX_POINT('',#11375);
#11375 = CARTESIAN_POINT('',(0.6,2.125,0.));
#11376 = LINE('',#11377,#11378);
#11377 = CARTESIAN_POINT('',(0.6,2.125,-2.E-02));
#11378 = VECTOR('',#11379,1.);
#11379 = DIRECTION('',(1.301042606983E-16,0.,-1.));
#11380 = ORIENTED_EDGE('',*,*,#11381,.T.);
#11381 = EDGE_CURVE('',#11374,#11382,#11384,.T.);
#11382 = VERTEX_POINT('',#11383);
#11383 = CARTESIAN_POINT('',(0.6,2.125,-2.E-02));
#11384 = LINE('',#11385,#11386);
#11385 = CARTESIAN_POINT('',(0.6,2.125,-2.E-02));
#11386 = VECTOR('',#11387,1.);
#11387 = DIRECTION('',(1.301042606983E-16,0.,-1.));
#11388 = ORIENTED_EDGE('',*,*,#11389,.F.);
#11389 = EDGE_CURVE('',#11390,#11382,#11392,.T.);
#11390 = VERTEX_POINT('',#11391);
#11391 = CARTESIAN_POINT('',(0.6,2.855,-2.E-02));
#11392 = LINE('',#11393,#11394);
#11393 = CARTESIAN_POINT('',(0.6,2.855,-2.E-02));
#11394 = VECTOR('',#11395,1.);
#11395 = DIRECTION('',(0.,-1.,0.));
#11396 = ORIENTED_EDGE('',*,*,#11397,.F.);
#11397 = EDGE_CURVE('',#11398,#11390,#11400,.T.);
#11398 = VERTEX_POINT('',#11399);
#11399 = CARTESIAN_POINT('',(0.6,2.855,8.E-02));
#11400 = LINE('',#11401,#11402);
#11401 = CARTESIAN_POINT('',(0.6,2.855,-2.E-02));
#11402 = VECTOR('',#11403,1.);
#11403 = DIRECTION('',(1.301042606983E-16,0.,-1.));
#11404 = ORIENTED_EDGE('',*,*,#11405,.T.);
#11405 = EDGE_CURVE('',#11398,#11406,#11408,.T.);
#11406 = VERTEX_POINT('',#11407);
#11407 = CARTESIAN_POINT('',(0.6,2.655,0.28));
#11408 = CIRCLE('',#11409,0.2);
#11409 = AXIS2_PLACEMENT_3D('',#11410,#11411,#11412);
#11410 = CARTESIAN_POINT('',(0.6,2.655,8.E-02));
#11411 = DIRECTION('',(1.,0.,1.301042606983E-16));
#11412 = DIRECTION('',(-1.301042606983E-16,0.,1.));
#11413 = ORIENTED_EDGE('',*,*,#11414,.F.);
#11414 = EDGE_CURVE('',#11172,#11406,#11415,.T.);
#11415 = LINE('',#11416,#11417);
#11416 = CARTESIAN_POINT('',(0.6,2.305,0.28));
#11417 = VECTOR('',#11418,1.);
#11418 = DIRECTION('',(0.,1.,0.));
#11419 = ORIENTED_EDGE('',*,*,#11171,.T.);
#11420 = PLANE('',#11421);
#11421 = AXIS2_PLACEMENT_3D('',#11422,#11423,#11424);
#11422 = CARTESIAN_POINT('',(0.6,2.855,-2.E-02));
#11423 = DIRECTION('',(-1.,0.,-1.301042606983E-16));
#11424 = DIRECTION('',(-1.301042606983E-16,0.,1.));
#11425 = ADVANCED_FACE('',(#11426),#11501,.F.);
#11426 = FACE_BOUND('',#11427,.T.);
#11427 = EDGE_LOOP('',(#11428,#11429,#11437,#11445,#11453,#11461,#11469,
    #11477,#11485,#11494,#11500));
#11428 = ORIENTED_EDGE('',*,*,#10905,.F.);
#11429 = ORIENTED_EDGE('',*,*,#11430,.T.);
#11430 = EDGE_CURVE('',#10898,#11431,#11433,.T.);
#11431 = VERTEX_POINT('',#11432);
#11432 = CARTESIAN_POINT('',(-0.4,1.825,2.38));
#11433 = LINE('',#11434,#11435);
#11434 = CARTESIAN_POINT('',(-0.4,2.325,2.38));
#11435 = VECTOR('',#11436,1.);
#11436 = DIRECTION('',(0.,-1.,0.));
#11437 = ORIENTED_EDGE('',*,*,#11438,.F.);
#11438 = EDGE_CURVE('',#11439,#11431,#11441,.T.);
#11439 = VERTEX_POINT('',#11440);
#11440 = CARTESIAN_POINT('',(-0.4,1.825,2.09));
#11441 = LINE('',#11442,#11443);
#11442 = CARTESIAN_POINT('',(-0.4,1.825,2.585));
#11443 = VECTOR('',#11444,1.);
#11444 = DIRECTION('',(0.,0.,1.));
#11445 = ORIENTED_EDGE('',*,*,#11446,.F.);
#11446 = EDGE_CURVE('',#11447,#11439,#11449,.T.);
#11447 = VERTEX_POINT('',#11448);
#11448 = CARTESIAN_POINT('',(-0.4,2.125,2.09));
#11449 = LINE('',#11450,#11451);
#11450 = CARTESIAN_POINT('',(-0.4,1.1625,2.09));
#11451 = VECTOR('',#11452,1.);
#11452 = DIRECTION('',(0.,-1.,0.));
#11453 = ORIENTED_EDGE('',*,*,#11454,.T.);
#11454 = EDGE_CURVE('',#11447,#11455,#11457,.T.);
#11455 = VERTEX_POINT('',#11456);
#11456 = CARTESIAN_POINT('',(-0.4,2.125,0.));
#11457 = LINE('',#11458,#11459);
#11458 = CARTESIAN_POINT('',(-0.4,2.125,-2.E-02));
#11459 = VECTOR('',#11460,1.);
#11460 = DIRECTION('',(1.301042606983E-16,0.,-1.));
#11461 = ORIENTED_EDGE('',*,*,#11462,.T.);
#11462 = EDGE_CURVE('',#11455,#11463,#11465,.T.);
#11463 = VERTEX_POINT('',#11464);
#11464 = CARTESIAN_POINT('',(-0.4,2.125,-2.E-02));
#11465 = LINE('',#11466,#11467);
#11466 = CARTESIAN_POINT('',(-0.4,2.125,-2.E-02));
#11467 = VECTOR('',#11468,1.);
#11468 = DIRECTION('',(1.301042606983E-16,0.,-1.));
#11469 = ORIENTED_EDGE('',*,*,#11470,.F.);
#11470 = EDGE_CURVE('',#11471,#11463,#11473,.T.);
#11471 = VERTEX_POINT('',#11472);
#11472 = CARTESIAN_POINT('',(-0.4,2.855,-2.E-02));
#11473 = LINE('',#11474,#11475);
#11474 = CARTESIAN_POINT('',(-0.4,2.855,-2.E-02));
#11475 = VECTOR('',#11476,1.);
#11476 = DIRECTION('',(0.,-1.,0.));
#11477 = ORIENTED_EDGE('',*,*,#11478,.F.);
#11478 = EDGE_CURVE('',#11479,#11471,#11481,.T.);
#11479 = VERTEX_POINT('',#11480);
#11480 = CARTESIAN_POINT('',(-0.4,2.855,8.E-02));
#11481 = LINE('',#11482,#11483);
#11482 = CARTESIAN_POINT('',(-0.4,2.855,-2.E-02));
#11483 = VECTOR('',#11484,1.);
#11484 = DIRECTION('',(1.301042606983E-16,0.,-1.));
#11485 = ORIENTED_EDGE('',*,*,#11486,.T.);
#11486 = EDGE_CURVE('',#11479,#11487,#11489,.T.);
#11487 = VERTEX_POINT('',#11488);
#11488 = CARTESIAN_POINT('',(-0.4,2.655,0.28));
#11489 = CIRCLE('',#11490,0.2);
#11490 = AXIS2_PLACEMENT_3D('',#11491,#11492,#11493);
#11491 = CARTESIAN_POINT('',(-0.4,2.655,8.E-02));
#11492 = DIRECTION('',(1.,0.,1.301042606983E-16));
#11493 = DIRECTION('',(-1.301042606983E-16,0.,1.));
#11494 = ORIENTED_EDGE('',*,*,#11495,.F.);
#11495 = EDGE_CURVE('',#11018,#11487,#11496,.T.);
#11496 = LINE('',#11497,#11498);
#11497 = CARTESIAN_POINT('',(-0.4,2.305,0.28));
#11498 = VECTOR('',#11499,1.);
#11499 = DIRECTION('',(0.,1.,0.));
#11500 = ORIENTED_EDGE('',*,*,#11017,.T.);
#11501 = PLANE('',#11502);
#11502 = AXIS2_PLACEMENT_3D('',#11503,#11504,#11505);
#11503 = CARTESIAN_POINT('',(-0.4,2.855,-2.E-02));
#11504 = DIRECTION('',(-1.,0.,-1.301042606983E-16));
#11505 = DIRECTION('',(-1.301042606983E-16,0.,1.));
#11506 = ADVANCED_FACE('',(#11507),#11582,.F.);
#11507 = FACE_BOUND('',#11508,.T.);
#11508 = EDGE_LOOP('',(#11509,#11510,#11518,#11526,#11534,#11542,#11550,
    #11558,#11566,#11575,#11581));
#11509 = ORIENTED_EDGE('',*,*,#10751,.F.);
#11510 = ORIENTED_EDGE('',*,*,#11511,.T.);
#11511 = EDGE_CURVE('',#10744,#11512,#11514,.T.);
#11512 = VERTEX_POINT('',#11513);
#11513 = CARTESIAN_POINT('',(-1.4,1.825,2.38));
#11514 = LINE('',#11515,#11516);
#11515 = CARTESIAN_POINT('',(-1.4,2.325,2.38));
#11516 = VECTOR('',#11517,1.);
#11517 = DIRECTION('',(0.,-1.,0.));
#11518 = ORIENTED_EDGE('',*,*,#11519,.F.);
#11519 = EDGE_CURVE('',#11520,#11512,#11522,.T.);
#11520 = VERTEX_POINT('',#11521);
#11521 = CARTESIAN_POINT('',(-1.4,1.825,2.09));
#11522 = LINE('',#11523,#11524);
#11523 = CARTESIAN_POINT('',(-1.4,1.825,2.585));
#11524 = VECTOR('',#11525,1.);
#11525 = DIRECTION('',(0.,0.,1.));
#11526 = ORIENTED_EDGE('',*,*,#11527,.F.);
#11527 = EDGE_CURVE('',#11528,#11520,#11530,.T.);
#11528 = VERTEX_POINT('',#11529);
#11529 = CARTESIAN_POINT('',(-1.4,2.125,2.09));
#11530 = LINE('',#11531,#11532);
#11531 = CARTESIAN_POINT('',(-1.4,1.1625,2.09));
#11532 = VECTOR('',#11533,1.);
#11533 = DIRECTION('',(0.,-1.,0.));
#11534 = ORIENTED_EDGE('',*,*,#11535,.T.);
#11535 = EDGE_CURVE('',#11528,#11536,#11538,.T.);
#11536 = VERTEX_POINT('',#11537);
#11537 = CARTESIAN_POINT('',(-1.4,2.125,0.));
#11538 = LINE('',#11539,#11540);
#11539 = CARTESIAN_POINT('',(-1.4,2.125,-2.E-02));
#11540 = VECTOR('',#11541,1.);
#11541 = DIRECTION('',(8.673617379884E-17,0.,-1.));
#11542 = ORIENTED_EDGE('',*,*,#11543,.T.);
#11543 = EDGE_CURVE('',#11536,#11544,#11546,.T.);
#11544 = VERTEX_POINT('',#11545);
#11545 = CARTESIAN_POINT('',(-1.4,2.125,-2.E-02));
#11546 = LINE('',#11547,#11548);
#11547 = CARTESIAN_POINT('',(-1.4,2.125,-2.E-02));
#11548 = VECTOR('',#11549,1.);
#11549 = DIRECTION('',(8.673617379884E-17,0.,-1.));
#11550 = ORIENTED_EDGE('',*,*,#11551,.F.);
#11551 = EDGE_CURVE('',#11552,#11544,#11554,.T.);
#11552 = VERTEX_POINT('',#11553);
#11553 = CARTESIAN_POINT('',(-1.4,2.855,-2.E-02));
#11554 = LINE('',#11555,#11556);
#11555 = CARTESIAN_POINT('',(-1.4,2.855,-2.E-02));
#11556 = VECTOR('',#11557,1.);
#11557 = DIRECTION('',(0.,-1.,0.));
#11558 = ORIENTED_EDGE('',*,*,#11559,.F.);
#11559 = EDGE_CURVE('',#11560,#11552,#11562,.T.);
#11560 = VERTEX_POINT('',#11561);
#11561 = CARTESIAN_POINT('',(-1.4,2.855,8.E-02));
#11562 = LINE('',#11563,#11564);
#11563 = CARTESIAN_POINT('',(-1.4,2.855,-2.E-02));
#11564 = VECTOR('',#11565,1.);
#11565 = DIRECTION('',(8.673617379884E-17,0.,-1.));
#11566 = ORIENTED_EDGE('',*,*,#11567,.T.);
#11567 = EDGE_CURVE('',#11560,#11568,#11570,.T.);
#11568 = VERTEX_POINT('',#11569);
#11569 = CARTESIAN_POINT('',(-1.4,2.655,0.28));
#11570 = CIRCLE('',#11571,0.2);
#11571 = AXIS2_PLACEMENT_3D('',#11572,#11573,#11574);
#11572 = CARTESIAN_POINT('',(-1.4,2.655,8.E-02));
#11573 = DIRECTION('',(1.,0.,8.673617379884E-17));
#11574 = DIRECTION('',(-8.673617379884E-17,0.,1.));
#11575 = ORIENTED_EDGE('',*,*,#11576,.F.);
#11576 = EDGE_CURVE('',#10864,#11568,#11577,.T.);
#11577 = LINE('',#11578,#11579);
#11578 = CARTESIAN_POINT('',(-1.4,2.305,0.28));
#11579 = VECTOR('',#11580,1.);
#11580 = DIRECTION('',(0.,1.,0.));
#11581 = ORIENTED_EDGE('',*,*,#10863,.T.);
#11582 = PLANE('',#11583);
#11583 = AXIS2_PLACEMENT_3D('',#11584,#11585,#11586);
#11584 = CARTESIAN_POINT('',(-1.4,2.855,-2.E-02));
#11585 = DIRECTION('',(-1.,0.,-8.673617379884E-17));
#11586 = DIRECTION('',(-8.673617379884E-17,0.,1.));
#11587 = ADVANCED_FACE('',(#11588),#11613,.F.);
#11588 = FACE_BOUND('',#11589,.T.);
#11589 = EDGE_LOOP('',(#11590,#11591,#11599,#11607));
#11590 = ORIENTED_EDGE('',*,*,#10832,.T.);
#11591 = ORIENTED_EDGE('',*,*,#11592,.F.);
#11592 = EDGE_CURVE('',#11593,#10825,#11595,.T.);
#11593 = VERTEX_POINT('',#11594);
#11594 = CARTESIAN_POINT('',(-3.12,2.125,2.09));
#11595 = LINE('',#11596,#11597);
#11596 = CARTESIAN_POINT('',(-1.75,2.125,2.09));
#11597 = VECTOR('',#11598,1.);
#11598 = DIRECTION('',(1.,0.,0.));
#11599 = ORIENTED_EDGE('',*,*,#11600,.T.);
#11600 = EDGE_CURVE('',#11593,#11601,#11603,.T.);
#11601 = VERTEX_POINT('',#11602);
#11602 = CARTESIAN_POINT('',(-3.12,1.825,2.09));
#11603 = LINE('',#11604,#11605);
#11604 = CARTESIAN_POINT('',(-3.12,0.91,2.09));
#11605 = VECTOR('',#11606,1.);
#11606 = DIRECTION('',(0.,-1.,0.));
#11607 = ORIENTED_EDGE('',*,*,#11608,.F.);
#11608 = EDGE_CURVE('',#10833,#11601,#11609,.T.);
#11609 = LINE('',#11610,#11611);
#11610 = CARTESIAN_POINT('',(-3.5,1.825,2.09));
#11611 = VECTOR('',#11612,1.);
#11612 = DIRECTION('',(-1.,0.,0.));
#11613 = PLANE('',#11614);
#11614 = AXIS2_PLACEMENT_3D('',#11615,#11616,#11617);
#11615 = CARTESIAN_POINT('',(0.,0.,2.09));
#11616 = DIRECTION('',(0.,0.,-1.));
#11617 = DIRECTION('',(-1.,0.,0.));
#11618 = ADVANCED_FACE('',(#11619),#11644,.F.);
#11619 = FACE_BOUND('',#11620,.T.);
#11620 = EDGE_LOOP('',(#11621,#11622,#11630,#11638));
#11621 = ORIENTED_EDGE('',*,*,#11365,.T.);
#11622 = ORIENTED_EDGE('',*,*,#11623,.F.);
#11623 = EDGE_CURVE('',#11624,#11358,#11626,.T.);
#11624 = VERTEX_POINT('',#11625);
#11625 = CARTESIAN_POINT('',(1.399999968708,1.825,2.09));
#11626 = LINE('',#11627,#11628);
#11627 = CARTESIAN_POINT('',(-3.5,1.825,2.09));
#11628 = VECTOR('',#11629,1.);
#11629 = DIRECTION('',(-1.,0.,0.));
#11630 = ORIENTED_EDGE('',*,*,#11631,.T.);
#11631 = EDGE_CURVE('',#11624,#11632,#11634,.T.);
#11632 = VERTEX_POINT('',#11633);
#11633 = CARTESIAN_POINT('',(1.4,2.125,2.09));
#11634 = LINE('',#11635,#11636);
#11635 = CARTESIAN_POINT('',(1.399999968708,1.1625,2.09));
#11636 = VECTOR('',#11637,1.);
#11637 = DIRECTION('',(0.,1.,0.));
#11638 = ORIENTED_EDGE('',*,*,#11639,.F.);
#11639 = EDGE_CURVE('',#11366,#11632,#11640,.T.);
#11640 = LINE('',#11641,#11642);
#11641 = CARTESIAN_POINT('',(-1.75,2.125,2.09));
#11642 = VECTOR('',#11643,1.);
#11643 = DIRECTION('',(1.,0.,0.));
#11644 = PLANE('',#11645);
#11645 = AXIS2_PLACEMENT_3D('',#11646,#11647,#11648);
#11646 = CARTESIAN_POINT('',(0.,0.,2.09));
#11647 = DIRECTION('',(0.,0.,-1.));
#11648 = DIRECTION('',(-1.,0.,0.));
#11649 = ADVANCED_FACE('',(#11650),#11666,.F.);
#11650 = FACE_BOUND('',#11651,.T.);
#11651 = EDGE_LOOP('',(#11652,#11653,#11659,#11660));
#11652 = ORIENTED_EDGE('',*,*,#11284,.T.);
#11653 = ORIENTED_EDGE('',*,*,#11654,.F.);
#11654 = EDGE_CURVE('',#10616,#11277,#11655,.T.);
#11655 = LINE('',#11656,#11657);
#11656 = CARTESIAN_POINT('',(-3.5,1.825,2.09));
#11657 = VECTOR('',#11658,1.);
#11658 = DIRECTION('',(-1.,0.,0.));
#11659 = ORIENTED_EDGE('',*,*,#10615,.T.);
#11660 = ORIENTED_EDGE('',*,*,#11661,.F.);
#11661 = EDGE_CURVE('',#11285,#10608,#11662,.T.);
#11662 = LINE('',#11663,#11664);
#11663 = CARTESIAN_POINT('',(-1.75,2.125,2.09));
#11664 = VECTOR('',#11665,1.);
#11665 = DIRECTION('',(1.,0.,0.));
#11666 = PLANE('',#11667);
#11667 = AXIS2_PLACEMENT_3D('',#11668,#11669,#11670);
#11668 = CARTESIAN_POINT('',(0.,0.,2.09));
#11669 = DIRECTION('',(0.,0.,-1.));
#11670 = DIRECTION('',(-1.,0.,0.));
#11671 = ADVANCED_FACE('',(#11672),#11688,.F.);
#11672 = FACE_BOUND('',#11673,.T.);
#11673 = EDGE_LOOP('',(#11674,#11675,#11681,#11682));
#11674 = ORIENTED_EDGE('',*,*,#10986,.T.);
#11675 = ORIENTED_EDGE('',*,*,#11676,.F.);
#11676 = EDGE_CURVE('',#11528,#10979,#11677,.T.);
#11677 = LINE('',#11678,#11679);
#11678 = CARTESIAN_POINT('',(-1.75,2.125,2.09));
#11679 = VECTOR('',#11680,1.);
#11680 = DIRECTION('',(1.,0.,0.));
#11681 = ORIENTED_EDGE('',*,*,#11527,.T.);
#11682 = ORIENTED_EDGE('',*,*,#11683,.F.);
#11683 = EDGE_CURVE('',#10987,#11520,#11684,.T.);
#11684 = LINE('',#11685,#11686);
#11685 = CARTESIAN_POINT('',(-3.5,1.825,2.09));
#11686 = VECTOR('',#11687,1.);
#11687 = DIRECTION('',(-1.,0.,0.));
#11688 = PLANE('',#11689);
#11689 = AXIS2_PLACEMENT_3D('',#11690,#11691,#11692);
#11690 = CARTESIAN_POINT('',(0.,0.,2.09));
#11691 = DIRECTION('',(0.,0.,-1.));
#11692 = DIRECTION('',(-1.,0.,0.));
#11693 = ADVANCED_FACE('',(#11694),#11705,.T.);
#11694 = FACE_BOUND('',#11695,.T.);
#11695 = EDGE_LOOP('',(#11696,#11697,#11698,#11704));
#11696 = ORIENTED_EDGE('',*,*,#11051,.F.);
#11697 = ORIENTED_EDGE('',*,*,#11156,.T.);
#11698 = ORIENTED_EDGE('',*,*,#11699,.F.);
#11699 = EDGE_CURVE('',#11350,#11149,#11700,.T.);
#11700 = LINE('',#11701,#11702);
#11701 = CARTESIAN_POINT('',(2.05,1.825,2.38));
#11702 = VECTOR('',#11703,1.);
#11703 = DIRECTION('',(-1.,0.,0.));
#11704 = ORIENTED_EDGE('',*,*,#11349,.F.);
#11705 = PLANE('',#11706);
#11706 = AXIS2_PLACEMENT_3D('',#11707,#11708,#11709);
#11707 = CARTESIAN_POINT('',(-2.775557561563E-16,2.49,2.38));
#11708 = DIRECTION('',(0.,0.,1.));
#11709 = DIRECTION('',(1.,0.,-0.));
#11710 = ADVANCED_FACE('',(#11711),#11722,.T.);
#11711 = FACE_BOUND('',#11712,.T.);
#11712 = EDGE_LOOP('',(#11713,#11714,#11715,#11721));
#11713 = ORIENTED_EDGE('',*,*,#10897,.F.);
#11714 = ORIENTED_EDGE('',*,*,#11002,.T.);
#11715 = ORIENTED_EDGE('',*,*,#11716,.F.);
#11716 = EDGE_CURVE('',#11431,#10995,#11717,.T.);
#11717 = LINE('',#11718,#11719);
#11718 = CARTESIAN_POINT('',(1.55,1.825,2.38));
#11719 = VECTOR('',#11720,1.);
#11720 = DIRECTION('',(-1.,0.,0.));
#11721 = ORIENTED_EDGE('',*,*,#11430,.F.);
#11722 = PLANE('',#11723);
#11723 = AXIS2_PLACEMENT_3D('',#11724,#11725,#11726);
#11724 = CARTESIAN_POINT('',(-2.775557561563E-16,2.49,2.38));
#11725 = DIRECTION('',(0.,0.,1.));
#11726 = DIRECTION('',(1.,0.,-0.));
#11727 = ADVANCED_FACE('',(#11728),#11746,.T.);
#11728 = FACE_BOUND('',#11729,.T.);
#11729 = EDGE_LOOP('',(#11730,#11731,#11739,#11745));
#11730 = ORIENTED_EDGE('',*,*,#11205,.F.);
#11731 = ORIENTED_EDGE('',*,*,#11732,.T.);
#11732 = EDGE_CURVE('',#11197,#11733,#11735,.T.);
#11733 = VERTEX_POINT('',#11734);
#11734 = CARTESIAN_POINT('',(1.399999968708,1.825,2.38));
#11735 = LINE('',#11736,#11737);
#11736 = CARTESIAN_POINT('',(1.4,2.125,2.38));
#11737 = VECTOR('',#11738,1.);
#11738 = DIRECTION('',(0.,-1.,0.));
#11739 = ORIENTED_EDGE('',*,*,#11740,.F.);
#11740 = EDGE_CURVE('',#11269,#11733,#11741,.T.);
#11741 = LINE('',#11742,#11743);
#11742 = CARTESIAN_POINT('',(2.55,1.825,2.38));
#11743 = VECTOR('',#11744,1.);
#11744 = DIRECTION('',(-1.,0.,0.));
#11745 = ORIENTED_EDGE('',*,*,#11268,.F.);
#11746 = PLANE('',#11747);
#11747 = AXIS2_PLACEMENT_3D('',#11748,#11749,#11750);
#11748 = CARTESIAN_POINT('',(-2.775557561563E-16,2.49,2.38));
#11749 = DIRECTION('',(0.,0.,1.));
#11750 = DIRECTION('',(1.,0.,-0.));
#11751 = ADVANCED_FACE('',(#11752),#11763,.T.);
#11752 = FACE_BOUND('',#11753,.T.);
#11753 = EDGE_LOOP('',(#11754,#11755,#11756,#11762));
#11754 = ORIENTED_EDGE('',*,*,#10743,.F.);
#11755 = ORIENTED_EDGE('',*,*,#10848,.T.);
#11756 = ORIENTED_EDGE('',*,*,#11757,.F.);
#11757 = EDGE_CURVE('',#11512,#10841,#11758,.T.);
#11758 = LINE('',#11759,#11760);
#11759 = CARTESIAN_POINT('',(1.05,1.825,2.38));
#11760 = VECTOR('',#11761,1.);
#11761 = DIRECTION('',(-1.,0.,0.));
#11762 = ORIENTED_EDGE('',*,*,#11511,.F.);
#11763 = PLANE('',#11764);
#11764 = AXIS2_PLACEMENT_3D('',#11765,#11766,#11767);
#11765 = CARTESIAN_POINT('',(-2.775557561563E-16,2.49,2.38));
#11766 = DIRECTION('',(0.,0.,1.));
#11767 = DIRECTION('',(1.,0.,-0.));
#11768 = ADVANCED_FACE('',(#11769),#11780,.F.);
#11769 = FACE_BOUND('',#11770,.T.);
#11770 = EDGE_LOOP('',(#11771,#11772,#11773,#11779));
#11771 = ORIENTED_EDGE('',*,*,#11179,.T.);
#11772 = ORIENTED_EDGE('',*,*,#11414,.T.);
#11773 = ORIENTED_EDGE('',*,*,#11774,.T.);
#11774 = EDGE_CURVE('',#11406,#11092,#11775,.T.);
#11775 = LINE('',#11776,#11777);
#11776 = CARTESIAN_POINT('',(0.6,2.655,0.28));
#11777 = VECTOR('',#11778,1.);
#11778 = DIRECTION('',(-1.,0.,0.));
#11779 = ORIENTED_EDGE('',*,*,#11091,.F.);
#11780 = PLANE('',#11781);
#11781 = AXIS2_PLACEMENT_3D('',#11782,#11783,#11784);
#11782 = CARTESIAN_POINT('',(0.6,2.305,0.28));
#11783 = DIRECTION('',(0.,0.,-1.));
#11784 = DIRECTION('',(-1.,0.,0.));
#11785 = ADVANCED_FACE('',(#11786),#11797,.F.);
#11786 = FACE_BOUND('',#11787,.T.);
#11787 = EDGE_LOOP('',(#11788,#11789,#11790,#11796));
#11788 = ORIENTED_EDGE('',*,*,#11025,.T.);
#11789 = ORIENTED_EDGE('',*,*,#11495,.T.);
#11790 = ORIENTED_EDGE('',*,*,#11791,.T.);
#11791 = EDGE_CURVE('',#11487,#10938,#11792,.T.);
#11792 = LINE('',#11793,#11794);
#11793 = CARTESIAN_POINT('',(-0.4,2.655,0.28));
#11794 = VECTOR('',#11795,1.);
#11795 = DIRECTION('',(-1.,0.,0.));
#11796 = ORIENTED_EDGE('',*,*,#10937,.F.);
#11797 = PLANE('',#11798);
#11798 = AXIS2_PLACEMENT_3D('',#11799,#11800,#11801);
#11799 = CARTESIAN_POINT('',(-0.4,2.305,0.28));
#11800 = DIRECTION('',(0.,0.,-1.));
#11801 = DIRECTION('',(-1.,0.,0.));
#11802 = ADVANCED_FACE('',(#11803),#11862,.F.);
#11803 = FACE_BOUND('',#11804,.T.);
#11804 = EDGE_LOOP('',(#11805,#11806,#11807,#11815,#11824,#11832,#11840,
    #11848,#11854,#11855,#11861));
#11805 = ORIENTED_EDGE('',*,*,#11194,.F.);
#11806 = ORIENTED_EDGE('',*,*,#11253,.F.);
#11807 = ORIENTED_EDGE('',*,*,#11808,.T.);
#11808 = EDGE_CURVE('',#11246,#11809,#11811,.T.);
#11809 = VERTEX_POINT('',#11810);
#11810 = CARTESIAN_POINT('',(1.4,2.655,0.28));
#11811 = LINE('',#11812,#11813);
#11812 = CARTESIAN_POINT('',(1.4,2.305,0.28));
#11813 = VECTOR('',#11814,1.);
#11814 = DIRECTION('',(0.,1.,0.));
#11815 = ORIENTED_EDGE('',*,*,#11816,.T.);
#11816 = EDGE_CURVE('',#11809,#11817,#11819,.T.);
#11817 = VERTEX_POINT('',#11818);
#11818 = CARTESIAN_POINT('',(1.4,2.855,8.E-02));
#11819 = CIRCLE('',#11820,0.2);
#11820 = AXIS2_PLACEMENT_3D('',#11821,#11822,#11823);
#11821 = CARTESIAN_POINT('',(1.4,2.655,8.E-02));
#11822 = DIRECTION('',(-1.,0.,1.734723475977E-16));
#11823 = DIRECTION('',(-1.734723475977E-16,0.,-1.));
#11824 = ORIENTED_EDGE('',*,*,#11825,.F.);
#11825 = EDGE_CURVE('',#11826,#11817,#11828,.T.);
#11826 = VERTEX_POINT('',#11827);
#11827 = CARTESIAN_POINT('',(1.4,2.855,-2.E-02));
#11828 = LINE('',#11829,#11830);
#11829 = CARTESIAN_POINT('',(1.4,2.855,-2.E-02));
#11830 = VECTOR('',#11831,1.);
#11831 = DIRECTION('',(1.734723475977E-16,0.,1.));
#11832 = ORIENTED_EDGE('',*,*,#11833,.T.);
#11833 = EDGE_CURVE('',#11826,#11834,#11836,.T.);
#11834 = VERTEX_POINT('',#11835);
#11835 = CARTESIAN_POINT('',(1.4,2.125,-2.E-02));
#11836 = LINE('',#11837,#11838);
#11837 = CARTESIAN_POINT('',(1.4,2.855,-2.E-02));
#11838 = VECTOR('',#11839,1.);
#11839 = DIRECTION('',(0.,-1.,0.));
#11840 = ORIENTED_EDGE('',*,*,#11841,.T.);
#11841 = EDGE_CURVE('',#11834,#11842,#11844,.T.);
#11842 = VERTEX_POINT('',#11843);
#11843 = CARTESIAN_POINT('',(1.4,2.125,0.));
#11844 = LINE('',#11845,#11846);
#11845 = CARTESIAN_POINT('',(1.4,2.125,-2.E-02));
#11846 = VECTOR('',#11847,1.);
#11847 = DIRECTION('',(1.734723475977E-16,0.,1.));
#11848 = ORIENTED_EDGE('',*,*,#11849,.T.);
#11849 = EDGE_CURVE('',#11842,#11632,#11850,.T.);
#11850 = LINE('',#11851,#11852);
#11851 = CARTESIAN_POINT('',(1.4,2.125,-2.E-02));
#11852 = VECTOR('',#11853,1.);
#11853 = DIRECTION('',(1.734723475977E-16,0.,1.));
#11854 = ORIENTED_EDGE('',*,*,#11631,.F.);
#11855 = ORIENTED_EDGE('',*,*,#11856,.F.);
#11856 = EDGE_CURVE('',#11733,#11624,#11857,.T.);
#11857 = LINE('',#11858,#11859);
#11858 = CARTESIAN_POINT('',(1.399999968708,1.825,2.735));
#11859 = VECTOR('',#11860,1.);
#11860 = DIRECTION('',(0.,0.,-1.));
#11861 = ORIENTED_EDGE('',*,*,#11732,.F.);
#11862 = PLANE('',#11863);
#11863 = AXIS2_PLACEMENT_3D('',#11864,#11865,#11866);
#11864 = CARTESIAN_POINT('',(1.4,2.855,-2.E-02));
#11865 = DIRECTION('',(1.,0.,-1.734723475977E-16));
#11866 = DIRECTION('',(-1.734723475977E-16,0.,-1.));
#11867 = ADVANCED_FACE('',(#11868),#11879,.F.);
#11868 = FACE_BOUND('',#11869,.T.);
#11869 = EDGE_LOOP('',(#11870,#11871,#11872,#11878));
#11870 = ORIENTED_EDGE('',*,*,#11245,.T.);
#11871 = ORIENTED_EDGE('',*,*,#11333,.T.);
#11872 = ORIENTED_EDGE('',*,*,#11873,.T.);
#11873 = EDGE_CURVE('',#11325,#11809,#11874,.T.);
#11874 = LINE('',#11875,#11876);
#11875 = CARTESIAN_POINT('',(1.6,2.655,0.28));
#11876 = VECTOR('',#11877,1.);
#11877 = DIRECTION('',(-1.,0.,0.));
#11878 = ORIENTED_EDGE('',*,*,#11808,.F.);
#11879 = PLANE('',#11880);
#11880 = AXIS2_PLACEMENT_3D('',#11881,#11882,#11883);
#11881 = CARTESIAN_POINT('',(1.6,2.305,0.28));
#11882 = DIRECTION('',(0.,0.,-1.));
#11883 = DIRECTION('',(-1.,0.,0.));
#11884 = ADVANCED_FACE('',(#11885),#11896,.F.);
#11885 = FACE_BOUND('',#11886,.T.);
#11886 = EDGE_LOOP('',(#11887,#11888,#11889,#11895));
#11887 = ORIENTED_EDGE('',*,*,#10871,.T.);
#11888 = ORIENTED_EDGE('',*,*,#11576,.T.);
#11889 = ORIENTED_EDGE('',*,*,#11890,.T.);
#11890 = EDGE_CURVE('',#11568,#10784,#11891,.T.);
#11891 = LINE('',#11892,#11893);
#11892 = CARTESIAN_POINT('',(-1.4,2.655,0.28));
#11893 = VECTOR('',#11894,1.);
#11894 = DIRECTION('',(-1.,0.,0.));
#11895 = ORIENTED_EDGE('',*,*,#10783,.F.);
#11896 = PLANE('',#11897);
#11897 = AXIS2_PLACEMENT_3D('',#11898,#11899,#11900);
#11898 = CARTESIAN_POINT('',(-1.4,2.305,0.28));
#11899 = DIRECTION('',(0.,0.,-1.));
#11900 = DIRECTION('',(-1.,0.,0.));
#11901 = ADVANCED_FACE('',(#11902),#11959,.F.);
#11902 = FACE_BOUND('',#11903,.T.);
#11903 = EDGE_LOOP('',(#11904,#11912,#11913,#11921,#11929,#11937,#11945,
    #11953));
#11904 = ORIENTED_EDGE('',*,*,#11905,.T.);
#11905 = EDGE_CURVE('',#11906,#10687,#11908,.T.);
#11906 = VERTEX_POINT('',#11907);
#11907 = CARTESIAN_POINT('',(-3.5,1.825,0.399999936819));
#11908 = LINE('',#11909,#11910);
#11909 = CARTESIAN_POINT('',(-3.36,1.825,0.4));
#11910 = VECTOR('',#11911,1.);
#11911 = DIRECTION('',(1.,0.,0.));
#11912 = ORIENTED_EDGE('',*,*,#10686,.F.);
#11913 = ORIENTED_EDGE('',*,*,#11914,.F.);
#11914 = EDGE_CURVE('',#11915,#10679,#11917,.T.);
#11915 = VERTEX_POINT('',#11916);
#11916 = CARTESIAN_POINT('',(-3.12,-2.105,0.4));
#11917 = LINE('',#11918,#11919);
#11918 = CARTESIAN_POINT('',(-3.12,-2.105,0.4));
#11919 = VECTOR('',#11920,1.);
#11920 = DIRECTION('',(-1.,-4.336808689942E-15,0.));
#11921 = ORIENTED_EDGE('',*,*,#11922,.F.);
#11922 = EDGE_CURVE('',#11923,#11915,#11925,.T.);
#11923 = VERTEX_POINT('',#11924);
#11924 = CARTESIAN_POINT('',(-3.12,2.125,0.4));
#11925 = LINE('',#11926,#11927);
#11926 = CARTESIAN_POINT('',(-3.12,1.575,0.4));
#11927 = VECTOR('',#11928,1.);
#11928 = DIRECTION('',(0.,-1.,0.));
#11929 = ORIENTED_EDGE('',*,*,#11930,.F.);
#11930 = EDGE_CURVE('',#11931,#11923,#11933,.T.);
#11931 = VERTEX_POINT('',#11932);
#11932 = CARTESIAN_POINT('',(-3.1,2.125,0.4));
#11933 = LINE('',#11934,#11935);
#11934 = CARTESIAN_POINT('',(-3.5,2.125,0.4));
#11935 = VECTOR('',#11936,1.);
#11936 = DIRECTION('',(-1.,0.,0.));
#11937 = ORIENTED_EDGE('',*,*,#11938,.T.);
#11938 = EDGE_CURVE('',#11931,#11939,#11941,.T.);
#11939 = VERTEX_POINT('',#11940);
#11940 = CARTESIAN_POINT('',(-3.1,-2.125,0.4));
#11941 = LINE('',#11942,#11943);
#11942 = CARTESIAN_POINT('',(-3.1,1.575,0.4));
#11943 = VECTOR('',#11944,1.);
#11944 = DIRECTION('',(0.,-1.,0.));
#11945 = ORIENTED_EDGE('',*,*,#11946,.T.);
#11946 = EDGE_CURVE('',#11939,#11947,#11949,.T.);
#11947 = VERTEX_POINT('',#11948);
#11948 = CARTESIAN_POINT('',(-3.5,-2.125,0.4));
#11949 = LINE('',#11950,#11951);
#11950 = CARTESIAN_POINT('',(-3.5,-2.125,0.4));
#11951 = VECTOR('',#11952,1.);
#11952 = DIRECTION('',(-1.,0.,0.));
#11953 = ORIENTED_EDGE('',*,*,#11954,.F.);
#11954 = EDGE_CURVE('',#11906,#11947,#11955,.T.);
#11955 = LINE('',#11956,#11957);
#11956 = CARTESIAN_POINT('',(-3.5,1.575,0.4));
#11957 = VECTOR('',#11958,1.);
#11958 = DIRECTION('',(0.,-1.,0.));
#11959 = PLANE('',#11960);
#11960 = AXIS2_PLACEMENT_3D('',#11961,#11962,#11963);
#11961 = CARTESIAN_POINT('',(-3.5,1.575,0.4));
#11962 = DIRECTION('',(0.,0.,1.));
#11963 = DIRECTION('',(1.,0.,-0.));
#11964 = ADVANCED_FACE('',(#11965),#11983,.T.);
#11965 = FACE_BOUND('',#11966,.T.);
#11966 = EDGE_LOOP('',(#11967,#11975,#11981,#11982));
#11967 = ORIENTED_EDGE('',*,*,#11968,.T.);
#11968 = EDGE_CURVE('',#10639,#11969,#11971,.T.);
#11969 = VERTEX_POINT('',#11970);
#11970 = CARTESIAN_POINT('',(3.22,-2.105,0.));
#11971 = LINE('',#11972,#11973);
#11972 = CARTESIAN_POINT('',(3.22,-2.105,0.));
#11973 = VECTOR('',#11974,1.);
#11974 = DIRECTION('',(0.,-1.,0.));
#11975 = ORIENTED_EDGE('',*,*,#11976,.T.);
#11976 = EDGE_CURVE('',#11969,#10584,#11977,.T.);
#11977 = LINE('',#11978,#11979);
#11978 = CARTESIAN_POINT('',(3.12,-2.105,0.));
#11979 = VECTOR('',#11980,1.);
#11980 = DIRECTION('',(-1.,0.,0.));
#11981 = ORIENTED_EDGE('',*,*,#10583,.T.);
#11982 = ORIENTED_EDGE('',*,*,#10646,.T.);
#11983 = PLANE('',#11984);
#11984 = AXIS2_PLACEMENT_3D('',#11985,#11986,#11987);
#11985 = CARTESIAN_POINT('',(0.,0.,0.));
#11986 = DIRECTION('',(0.,0.,-1.));
#11987 = DIRECTION('',(-1.,0.,0.));
#11988 = ADVANCED_FACE('',(#11989),#12016,.F.);
#11989 = FACE_BOUND('',#11990,.T.);
#11990 = EDGE_LOOP('',(#11991,#11992,#12000,#12008,#12014,#12015));
#11991 = ORIENTED_EDGE('',*,*,#10504,.T.);
#11992 = ORIENTED_EDGE('',*,*,#11993,.F.);
#11993 = EDGE_CURVE('',#11994,#10495,#11996,.T.);
#11994 = VERTEX_POINT('',#11995);
#11995 = CARTESIAN_POINT('',(3.22,1.825,0.399999936819));
#11996 = LINE('',#11997,#11998);
#11997 = CARTESIAN_POINT('',(3.22,1.825,1.545));
#11998 = VECTOR('',#11999,1.);
#11999 = DIRECTION('',(0.,0.,1.));
#12000 = ORIENTED_EDGE('',*,*,#12001,.T.);
#12001 = EDGE_CURVE('',#11994,#12002,#12004,.T.);
#12002 = VERTEX_POINT('',#12003);
#12003 = CARTESIAN_POINT('',(3.22,-2.105,0.4));
#12004 = LINE('',#12005,#12006);
#12005 = CARTESIAN_POINT('',(3.22,1.575,0.4));
#12006 = VECTOR('',#12007,1.);
#12007 = DIRECTION('',(0.,-1.,0.));
#12008 = ORIENTED_EDGE('',*,*,#12009,.F.);
#12009 = EDGE_CURVE('',#11969,#12002,#12010,.T.);
#12010 = LINE('',#12011,#12012);
#12011 = CARTESIAN_POINT('',(3.22,-2.105,0.));
#12012 = VECTOR('',#12013,1.);
#12013 = DIRECTION('',(0.,0.,1.));
#12014 = ORIENTED_EDGE('',*,*,#11968,.F.);
#12015 = ORIENTED_EDGE('',*,*,#10638,.T.);
#12016 = PLANE('',#12017);
#12017 = AXIS2_PLACEMENT_3D('',#12018,#12019,#12020);
#12018 = CARTESIAN_POINT('',(3.22,-2.105,0.));
#12019 = DIRECTION('',(-1.,0.,0.));
#12020 = DIRECTION('',(0.,0.,1.));
#12021 = ADVANCED_FACE('',(#12022),#12040,.F.);
#12022 = FACE_BOUND('',#12023,.T.);
#12023 = EDGE_LOOP('',(#12024,#12032,#12038,#12039));
#12024 = ORIENTED_EDGE('',*,*,#12025,.T.);
#12025 = EDGE_CURVE('',#10710,#12026,#12028,.T.);
#12026 = VERTEX_POINT('',#12027);
#12027 = CARTESIAN_POINT('',(-3.12,-2.105,0.));
#12028 = LINE('',#12029,#12030);
#12029 = CARTESIAN_POINT('',(-3.12,-2.105,0.));
#12030 = VECTOR('',#12031,1.);
#12031 = DIRECTION('',(0.,-1.,0.));
#12032 = ORIENTED_EDGE('',*,*,#12033,.T.);
#12033 = EDGE_CURVE('',#12026,#10671,#12034,.T.);
#12034 = LINE('',#12035,#12036);
#12035 = CARTESIAN_POINT('',(-3.12,-2.105,0.));
#12036 = VECTOR('',#12037,1.);
#12037 = DIRECTION('',(-1.,-4.336808689942E-15,0.));
#12038 = ORIENTED_EDGE('',*,*,#10670,.T.);
#12039 = ORIENTED_EDGE('',*,*,#10717,.F.);
#12040 = PLANE('',#12041);
#12041 = AXIS2_PLACEMENT_3D('',#12042,#12043,#12044);
#12042 = CARTESIAN_POINT('',(0.,0.,0.));
#12043 = DIRECTION('',(0.,0.,1.));
#12044 = DIRECTION('',(1.,0.,-0.));
#12045 = ADVANCED_FACE('',(#12046),#12071,.F.);
#12046 = FACE_BOUND('',#12047,.T.);
#12047 = EDGE_LOOP('',(#12048,#12049,#12055,#12056,#12062,#12063,#12069,
    #12070));
#12048 = ORIENTED_EDGE('',*,*,#10544,.T.);
#12049 = ORIENTED_EDGE('',*,*,#12050,.F.);
#12050 = EDGE_CURVE('',#11601,#10535,#12051,.T.);
#12051 = LINE('',#12052,#12053);
#12052 = CARTESIAN_POINT('',(-3.12,1.825,1.545));
#12053 = VECTOR('',#12054,1.);
#12054 = DIRECTION('',(0.,0.,1.));
#12055 = ORIENTED_EDGE('',*,*,#11600,.F.);
#12056 = ORIENTED_EDGE('',*,*,#12057,.F.);
#12057 = EDGE_CURVE('',#11923,#11593,#12058,.T.);
#12058 = LINE('',#12059,#12060);
#12059 = CARTESIAN_POINT('',(-3.12,2.125,1.545));
#12060 = VECTOR('',#12061,1.);
#12061 = DIRECTION('',(0.,0.,1.));
#12062 = ORIENTED_EDGE('',*,*,#11922,.T.);
#12063 = ORIENTED_EDGE('',*,*,#12064,.F.);
#12064 = EDGE_CURVE('',#12026,#11915,#12065,.T.);
#12065 = LINE('',#12066,#12067);
#12066 = CARTESIAN_POINT('',(-3.12,-2.105,0.));
#12067 = VECTOR('',#12068,1.);
#12068 = DIRECTION('',(0.,0.,1.));
#12069 = ORIENTED_EDGE('',*,*,#12025,.F.);
#12070 = ORIENTED_EDGE('',*,*,#10709,.T.);
#12071 = PLANE('',#12072);
#12072 = AXIS2_PLACEMENT_3D('',#12073,#12074,#12075);
#12073 = CARTESIAN_POINT('',(-3.12,-2.105,0.));
#12074 = DIRECTION('',(-1.,0.,0.));
#12075 = DIRECTION('',(0.,0.,1.));
#12076 = ADVANCED_FACE('',(#12077),#12097,.F.);
#12077 = FACE_BOUND('',#12078,.T.);
#12078 = EDGE_LOOP('',(#12079,#12080,#12081,#12082,#12090,#12096));
#12079 = ORIENTED_EDGE('',*,*,#12057,.T.);
#12080 = ORIENTED_EDGE('',*,*,#11592,.T.);
#12081 = ORIENTED_EDGE('',*,*,#10824,.F.);
#12082 = ORIENTED_EDGE('',*,*,#12083,.T.);
#12083 = EDGE_CURVE('',#10817,#12084,#12086,.T.);
#12084 = VERTEX_POINT('',#12085);
#12085 = CARTESIAN_POINT('',(-3.1,2.125,0.));
#12086 = LINE('',#12087,#12088);
#12087 = CARTESIAN_POINT('',(-3.5,2.125,0.));
#12088 = VECTOR('',#12089,1.);
#12089 = DIRECTION('',(-1.,0.,0.));
#12090 = ORIENTED_EDGE('',*,*,#12091,.T.);
#12091 = EDGE_CURVE('',#12084,#11931,#12092,.T.);
#12092 = LINE('',#12093,#12094);
#12093 = CARTESIAN_POINT('',(-3.1,2.125,3.09));
#12094 = VECTOR('',#12095,1.);
#12095 = DIRECTION('',(0.,0.,1.));
#12096 = ORIENTED_EDGE('',*,*,#11930,.T.);
#12097 = PLANE('',#12098);
#12098 = AXIS2_PLACEMENT_3D('',#12099,#12100,#12101);
#12099 = CARTESIAN_POINT('',(-3.5,2.125,3.09));
#12100 = DIRECTION('',(0.,-1.,0.));
#12101 = DIRECTION('',(0.,0.,-1.));
#12102 = ADVANCED_FACE('',(#12103),#12164,.F.);
#12103 = FACE_BOUND('',#12104,.T.);
#12104 = EDGE_LOOP('',(#12105,#12106,#12112,#12113,#12114,#12115,#12116,
    #12117,#12118,#12119,#12120,#12121,#12122,#12123,#12124,#12132,
    #12140,#12148,#12154,#12155,#12156,#12157,#12158,#12159,#12160,
    #12161,#12162,#12163));
#12105 = ORIENTED_EDGE('',*,*,#11148,.T.);
#12106 = ORIENTED_EDGE('',*,*,#12107,.T.);
#12107 = EDGE_CURVE('',#11141,#11439,#12108,.T.);
#12108 = LINE('',#12109,#12110);
#12109 = CARTESIAN_POINT('',(-3.5,1.825,2.09));
#12110 = VECTOR('',#12111,1.);
#12111 = DIRECTION('',(-1.,0.,0.));
#12112 = ORIENTED_EDGE('',*,*,#11438,.T.);
#12113 = ORIENTED_EDGE('',*,*,#11716,.T.);
#12114 = ORIENTED_EDGE('',*,*,#10994,.T.);
#12115 = ORIENTED_EDGE('',*,*,#11683,.T.);
#12116 = ORIENTED_EDGE('',*,*,#11519,.T.);
#12117 = ORIENTED_EDGE('',*,*,#11757,.T.);
#12118 = ORIENTED_EDGE('',*,*,#10840,.T.);
#12119 = ORIENTED_EDGE('',*,*,#11608,.T.);
#12120 = ORIENTED_EDGE('',*,*,#12050,.T.);
#12121 = ORIENTED_EDGE('',*,*,#10534,.T.);
#12122 = ORIENTED_EDGE('',*,*,#10694,.T.);
#12123 = ORIENTED_EDGE('',*,*,#11905,.F.);
#12124 = ORIENTED_EDGE('',*,*,#12125,.F.);
#12125 = EDGE_CURVE('',#12126,#11906,#12128,.T.);
#12126 = VERTEX_POINT('',#12127);
#12127 = CARTESIAN_POINT('',(-3.5,1.825,3.09));
#12128 = LINE('',#12129,#12130);
#12129 = CARTESIAN_POINT('',(-3.5,1.825,3.09));
#12130 = VECTOR('',#12131,1.);
#12131 = DIRECTION('',(0.,0.,-1.));
#12132 = ORIENTED_EDGE('',*,*,#12133,.F.);
#12133 = EDGE_CURVE('',#12134,#12126,#12136,.T.);
#12134 = VERTEX_POINT('',#12135);
#12135 = CARTESIAN_POINT('',(3.5,1.825,3.09));
#12136 = LINE('',#12137,#12138);
#12137 = CARTESIAN_POINT('',(1.75,1.825,3.09));
#12138 = VECTOR('',#12139,1.);
#12139 = DIRECTION('',(-1.,0.,0.));
#12140 = ORIENTED_EDGE('',*,*,#12141,.F.);
#12141 = EDGE_CURVE('',#12142,#12134,#12144,.T.);
#12142 = VERTEX_POINT('',#12143);
#12143 = CARTESIAN_POINT('',(3.5,1.825,0.399999936819));
#12144 = LINE('',#12145,#12146);
#12145 = CARTESIAN_POINT('',(3.5,1.825,3.09));
#12146 = VECTOR('',#12147,1.);
#12147 = DIRECTION('',(0.,0.,1.));
#12148 = ORIENTED_EDGE('',*,*,#12149,.F.);
#12149 = EDGE_CURVE('',#11994,#12142,#12150,.T.);
#12150 = LINE('',#12151,#12152);
#12151 = CARTESIAN_POINT('',(3.5,1.825,0.4));
#12152 = VECTOR('',#12153,1.);
#12153 = DIRECTION('',(1.,0.,0.));
#12154 = ORIENTED_EDGE('',*,*,#11993,.T.);
#12155 = ORIENTED_EDGE('',*,*,#10494,.T.);
#12156 = ORIENTED_EDGE('',*,*,#10623,.T.);
#12157 = ORIENTED_EDGE('',*,*,#11654,.T.);
#12158 = ORIENTED_EDGE('',*,*,#11276,.T.);
#12159 = ORIENTED_EDGE('',*,*,#11740,.T.);
#12160 = ORIENTED_EDGE('',*,*,#11856,.T.);
#12161 = ORIENTED_EDGE('',*,*,#11623,.T.);
#12162 = ORIENTED_EDGE('',*,*,#11357,.T.);
#12163 = ORIENTED_EDGE('',*,*,#11699,.T.);
#12164 = PLANE('',#12165);
#12165 = AXIS2_PLACEMENT_3D('',#12166,#12167,#12168);
#12166 = CARTESIAN_POINT('',(3.5,1.825,3.09));
#12167 = DIRECTION('',(0.,-1.,0.));
#12168 = DIRECTION('',(-1.,0.,0.));
#12169 = ADVANCED_FACE('',(#12170),#12181,.F.);
#12170 = FACE_BOUND('',#12171,.T.);
#12171 = EDGE_LOOP('',(#12172,#12173,#12179,#12180));
#12172 = ORIENTED_EDGE('',*,*,#11140,.T.);
#12173 = ORIENTED_EDGE('',*,*,#12174,.F.);
#12174 = EDGE_CURVE('',#11447,#11133,#12175,.T.);
#12175 = LINE('',#12176,#12177);
#12176 = CARTESIAN_POINT('',(-1.75,2.125,2.09));
#12177 = VECTOR('',#12178,1.);
#12178 = DIRECTION('',(1.,0.,0.));
#12179 = ORIENTED_EDGE('',*,*,#11446,.T.);
#12180 = ORIENTED_EDGE('',*,*,#12107,.F.);
#12181 = PLANE('',#12182);
#12182 = AXIS2_PLACEMENT_3D('',#12183,#12184,#12185);
#12183 = CARTESIAN_POINT('',(0.,0.,2.09));
#12184 = DIRECTION('',(0.,0.,-1.));
#12185 = DIRECTION('',(-1.,0.,0.));
#12186 = ADVANCED_FACE('',(#12187),#12198,.F.);
#12187 = FACE_BOUND('',#12188,.T.);
#12188 = EDGE_LOOP('',(#12189,#12190,#12191,#12197));
#12189 = ORIENTED_EDGE('',*,*,#11639,.T.);
#12190 = ORIENTED_EDGE('',*,*,#11849,.F.);
#12191 = ORIENTED_EDGE('',*,*,#12192,.T.);
#12192 = EDGE_CURVE('',#11842,#11374,#12193,.T.);
#12193 = LINE('',#12194,#12195);
#12194 = CARTESIAN_POINT('',(-3.5,2.125,0.));
#12195 = VECTOR('',#12196,1.);
#12196 = DIRECTION('',(-1.,0.,0.));
#12197 = ORIENTED_EDGE('',*,*,#11373,.F.);
#12198 = PLANE('',#12199);
#12199 = AXIS2_PLACEMENT_3D('',#12200,#12201,#12202);
#12200 = CARTESIAN_POINT('',(-3.5,2.125,3.09));
#12201 = DIRECTION('',(0.,-1.,0.));
#12202 = DIRECTION('',(0.,0.,-1.));
#12203 = ADVANCED_FACE('',(#12204),#12231,.F.);
#12204 = FACE_BOUND('',#12205,.T.);
#12205 = EDGE_LOOP('',(#12206,#12207,#12215,#12223,#12229,#12230));
#12206 = ORIENTED_EDGE('',*,*,#10607,.T.);
#12207 = ORIENTED_EDGE('',*,*,#12208,.T.);
#12208 = EDGE_CURVE('',#10600,#12209,#12211,.T.);
#12209 = VERTEX_POINT('',#12210);
#12210 = CARTESIAN_POINT('',(3.1,2.125,0.4));
#12211 = LINE('',#12212,#12213);
#12212 = CARTESIAN_POINT('',(-3.5,2.125,0.4));
#12213 = VECTOR('',#12214,1.);
#12214 = DIRECTION('',(-1.,0.,0.));
#12215 = ORIENTED_EDGE('',*,*,#12216,.T.);
#12216 = EDGE_CURVE('',#12209,#12217,#12219,.T.);
#12217 = VERTEX_POINT('',#12218);
#12218 = CARTESIAN_POINT('',(3.1,2.125,0.));
#12219 = LINE('',#12220,#12221);
#12220 = CARTESIAN_POINT('',(3.1,2.125,3.09));
#12221 = VECTOR('',#12222,1.);
#12222 = DIRECTION('',(0.,0.,-1.));
#12223 = ORIENTED_EDGE('',*,*,#12224,.T.);
#12224 = EDGE_CURVE('',#12217,#11293,#12225,.T.);
#12225 = LINE('',#12226,#12227);
#12226 = CARTESIAN_POINT('',(-3.5,2.125,0.));
#12227 = VECTOR('',#12228,1.);
#12228 = DIRECTION('',(-1.,0.,0.));
#12229 = ORIENTED_EDGE('',*,*,#11292,.F.);
#12230 = ORIENTED_EDGE('',*,*,#11661,.T.);
#12231 = PLANE('',#12232);
#12232 = AXIS2_PLACEMENT_3D('',#12233,#12234,#12235);
#12233 = CARTESIAN_POINT('',(-3.5,2.125,3.09));
#12234 = DIRECTION('',(0.,-1.,0.));
#12235 = DIRECTION('',(0.,0.,-1.));
#12236 = ADVANCED_FACE('',(#12237),#12248,.F.);
#12237 = FACE_BOUND('',#12238,.T.);
#12238 = EDGE_LOOP('',(#12239,#12240,#12241,#12247));
#12239 = ORIENTED_EDGE('',*,*,#11676,.T.);
#12240 = ORIENTED_EDGE('',*,*,#10978,.F.);
#12241 = ORIENTED_EDGE('',*,*,#12242,.T.);
#12242 = EDGE_CURVE('',#10971,#11536,#12243,.T.);
#12243 = LINE('',#12244,#12245);
#12244 = CARTESIAN_POINT('',(-3.5,2.125,0.));
#12245 = VECTOR('',#12246,1.);
#12246 = DIRECTION('',(-1.,0.,0.));
#12247 = ORIENTED_EDGE('',*,*,#11535,.F.);
#12248 = PLANE('',#12249);
#12249 = AXIS2_PLACEMENT_3D('',#12250,#12251,#12252);
#12250 = CARTESIAN_POINT('',(-3.5,2.125,3.09));
#12251 = DIRECTION('',(0.,-1.,0.));
#12252 = DIRECTION('',(0.,0.,-1.));
#12253 = ADVANCED_FACE('',(#12254),#12265,.F.);
#12254 = FACE_BOUND('',#12255,.T.);
#12255 = EDGE_LOOP('',(#12256,#12257,#12258,#12264));
#12256 = ORIENTED_EDGE('',*,*,#12174,.T.);
#12257 = ORIENTED_EDGE('',*,*,#11132,.F.);
#12258 = ORIENTED_EDGE('',*,*,#12259,.T.);
#12259 = EDGE_CURVE('',#11125,#11455,#12260,.T.);
#12260 = LINE('',#12261,#12262);
#12261 = CARTESIAN_POINT('',(-3.5,2.125,0.));
#12262 = VECTOR('',#12263,1.);
#12263 = DIRECTION('',(-1.,0.,0.));
#12264 = ORIENTED_EDGE('',*,*,#11454,.F.);
#12265 = PLANE('',#12266);
#12266 = AXIS2_PLACEMENT_3D('',#12267,#12268,#12269);
#12267 = CARTESIAN_POINT('',(-3.5,2.125,3.09));
#12268 = DIRECTION('',(0.,-1.,0.));
#12269 = DIRECTION('',(0.,0.,-1.));
#12270 = ADVANCED_FACE('',(#12271),#12296,.F.);
#12271 = FACE_BOUND('',#12272,.T.);
#12272 = EDGE_LOOP('',(#12273,#12274,#12282,#12290));
#12273 = ORIENTED_EDGE('',*,*,#12141,.T.);
#12274 = ORIENTED_EDGE('',*,*,#12275,.F.);
#12275 = EDGE_CURVE('',#12276,#12134,#12278,.T.);
#12276 = VERTEX_POINT('',#12277);
#12277 = CARTESIAN_POINT('',(3.5,-2.125,3.09));
#12278 = LINE('',#12279,#12280);
#12279 = CARTESIAN_POINT('',(3.5,-2.125,3.09));
#12280 = VECTOR('',#12281,1.);
#12281 = DIRECTION('',(0.,1.,0.));
#12282 = ORIENTED_EDGE('',*,*,#12283,.T.);
#12283 = EDGE_CURVE('',#12276,#12284,#12286,.T.);
#12284 = VERTEX_POINT('',#12285);
#12285 = CARTESIAN_POINT('',(3.5,-2.125,0.4));
#12286 = LINE('',#12287,#12288);
#12287 = CARTESIAN_POINT('',(3.5,-2.125,3.09));
#12288 = VECTOR('',#12289,1.);
#12289 = DIRECTION('',(0.,0.,-1.));
#12290 = ORIENTED_EDGE('',*,*,#12291,.F.);
#12291 = EDGE_CURVE('',#12142,#12284,#12292,.T.);
#12292 = LINE('',#12293,#12294);
#12293 = CARTESIAN_POINT('',(3.5,1.575,0.4));
#12294 = VECTOR('',#12295,1.);
#12295 = DIRECTION('',(0.,-1.,0.));
#12296 = PLANE('',#12297);
#12297 = AXIS2_PLACEMENT_3D('',#12298,#12299,#12300);
#12298 = CARTESIAN_POINT('',(3.5,-2.125,3.09));
#12299 = DIRECTION('',(-1.,0.,0.));
#12300 = DIRECTION('',(0.,0.,1.));
#12301 = ADVANCED_FACE('',(#12302),#12338,.T.);
#12302 = FACE_BOUND('',#12303,.T.);
#12303 = EDGE_LOOP('',(#12304,#12315,#12323,#12332));
#12304 = ORIENTED_EDGE('',*,*,#12305,.T.);
#12305 = EDGE_CURVE('',#12306,#12308,#12310,.T.);
#12306 = VERTEX_POINT('',#12307);
#12307 = CARTESIAN_POINT('',(3.,-2.125,1.25));
#12308 = VERTEX_POINT('',#12309);
#12309 = CARTESIAN_POINT('',(3.05,-2.125,1.3));
#12310 = CIRCLE('',#12311,5.E-02);
#12311 = AXIS2_PLACEMENT_3D('',#12312,#12313,#12314);
#12312 = CARTESIAN_POINT('',(3.05,-2.125,1.25));
#12313 = DIRECTION('',(0.,1.,0.));
#12314 = DIRECTION('',(-0.707106781187,0.,0.707106781187));
#12315 = ORIENTED_EDGE('',*,*,#12316,.T.);
#12316 = EDGE_CURVE('',#12308,#12317,#12319,.T.);
#12317 = VERTEX_POINT('',#12318);
#12318 = CARTESIAN_POINT('',(3.05,1.575,1.3));
#12319 = LINE('',#12320,#12321);
#12320 = CARTESIAN_POINT('',(3.05,1.575,1.3));
#12321 = VECTOR('',#12322,1.);
#12322 = DIRECTION('',(0.,1.,0.));
#12323 = ORIENTED_EDGE('',*,*,#12324,.F.);
#12324 = EDGE_CURVE('',#12325,#12317,#12327,.T.);
#12325 = VERTEX_POINT('',#12326);
#12326 = CARTESIAN_POINT('',(3.,1.575,1.25));
#12327 = CIRCLE('',#12328,5.E-02);
#12328 = AXIS2_PLACEMENT_3D('',#12329,#12330,#12331);
#12329 = CARTESIAN_POINT('',(3.05,1.575,1.25));
#12330 = DIRECTION('',(0.,1.,0.));
#12331 = DIRECTION('',(-0.707106781187,0.,0.707106781187));
#12332 = ORIENTED_EDGE('',*,*,#12333,.T.);
#12333 = EDGE_CURVE('',#12325,#12306,#12334,.T.);
#12334 = LINE('',#12335,#12336);
#12335 = CARTESIAN_POINT('',(3.,1.575,1.25));
#12336 = VECTOR('',#12337,1.);
#12337 = DIRECTION('',(0.,-1.,0.));
#12338 = CYLINDRICAL_SURFACE('',#12339,5.E-02);
#12339 = AXIS2_PLACEMENT_3D('',#12340,#12341,#12342);
#12340 = CARTESIAN_POINT('',(3.05,1.575,1.25));
#12341 = DIRECTION('',(0.,-1.,0.));
#12342 = DIRECTION('',(-0.707106781187,0.,0.707106781187));
#12343 = ADVANCED_FACE('',(#12344),#12369,.F.);
#12344 = FACE_BOUND('',#12345,.T.);
#12345 = EDGE_LOOP('',(#12346,#12347,#12355,#12363));
#12346 = ORIENTED_EDGE('',*,*,#12316,.F.);
#12347 = ORIENTED_EDGE('',*,*,#12348,.T.);
#12348 = EDGE_CURVE('',#12308,#12349,#12351,.T.);
#12349 = VERTEX_POINT('',#12350);
#12350 = CARTESIAN_POINT('',(3.15,-2.125,1.3));
#12351 = LINE('',#12352,#12353);
#12352 = CARTESIAN_POINT('',(3.2,-2.125,1.3));
#12353 = VECTOR('',#12354,1.);
#12354 = DIRECTION('',(1.,0.,0.));
#12355 = ORIENTED_EDGE('',*,*,#12356,.F.);
#12356 = EDGE_CURVE('',#12357,#12349,#12359,.T.);
#12357 = VERTEX_POINT('',#12358);
#12358 = CARTESIAN_POINT('',(3.15,1.575,1.3));
#12359 = LINE('',#12360,#12361);
#12360 = CARTESIAN_POINT('',(3.15,1.575,1.3));
#12361 = VECTOR('',#12362,1.);
#12362 = DIRECTION('',(0.,-1.,0.));
#12363 = ORIENTED_EDGE('',*,*,#12364,.F.);
#12364 = EDGE_CURVE('',#12317,#12357,#12365,.T.);
#12365 = LINE('',#12366,#12367);
#12366 = CARTESIAN_POINT('',(3.2,1.575,1.3));
#12367 = VECTOR('',#12368,1.);
#12368 = DIRECTION('',(1.,0.,0.));
#12369 = PLANE('',#12370);
#12370 = AXIS2_PLACEMENT_3D('',#12371,#12372,#12373);
#12371 = CARTESIAN_POINT('',(3.2,1.575,1.3));
#12372 = DIRECTION('',(0.,0.,-1.));
#12373 = DIRECTION('',(-1.,0.,0.));
#12374 = ADVANCED_FACE('',(#12375,#12423),#12576,.F.);
#12375 = FACE_BOUND('',#12376,.T.);
#12376 = EDGE_LOOP('',(#12377,#12385,#12386,#12394,#12402,#12410,#12416,
    #12417));
#12377 = ORIENTED_EDGE('',*,*,#12378,.T.);
#12378 = EDGE_CURVE('',#12379,#11947,#12381,.T.);
#12379 = VERTEX_POINT('',#12380);
#12380 = CARTESIAN_POINT('',(-3.5,-2.125,3.09));
#12381 = LINE('',#12382,#12383);
#12382 = CARTESIAN_POINT('',(-3.5,-2.125,3.09));
#12383 = VECTOR('',#12384,1.);
#12384 = DIRECTION('',(0.,0.,-1.));
#12385 = ORIENTED_EDGE('',*,*,#11946,.F.);
#12386 = ORIENTED_EDGE('',*,*,#12387,.F.);
#12387 = EDGE_CURVE('',#12388,#11939,#12390,.T.);
#12388 = VERTEX_POINT('',#12389);
#12389 = CARTESIAN_POINT('',(-3.1,-2.125,0.));
#12390 = LINE('',#12391,#12392);
#12391 = CARTESIAN_POINT('',(-3.1,-2.125,0.));
#12392 = VECTOR('',#12393,1.);
#12393 = DIRECTION('',(0.,0.,1.));
#12394 = ORIENTED_EDGE('',*,*,#12395,.T.);
#12395 = EDGE_CURVE('',#12388,#12396,#12398,.T.);
#12396 = VERTEX_POINT('',#12397);
#12397 = CARTESIAN_POINT('',(3.1,-2.125,0.));
#12398 = LINE('',#12399,#12400);
#12399 = CARTESIAN_POINT('',(-3.5,-2.125,0.));
#12400 = VECTOR('',#12401,1.);
#12401 = DIRECTION('',(1.,0.,0.));
#12402 = ORIENTED_EDGE('',*,*,#12403,.F.);
#12403 = EDGE_CURVE('',#12404,#12396,#12406,.T.);
#12404 = VERTEX_POINT('',#12405);
#12405 = CARTESIAN_POINT('',(3.1,-2.125,0.4));
#12406 = LINE('',#12407,#12408);
#12407 = CARTESIAN_POINT('',(3.1,-2.125,0.));
#12408 = VECTOR('',#12409,1.);
#12409 = DIRECTION('',(0.,0.,-1.));
#12410 = ORIENTED_EDGE('',*,*,#12411,.F.);
#12411 = EDGE_CURVE('',#12284,#12404,#12412,.T.);
#12412 = LINE('',#12413,#12414);
#12413 = CARTESIAN_POINT('',(3.5,-2.125,0.4));
#12414 = VECTOR('',#12415,1.);
#12415 = DIRECTION('',(-1.,0.,0.));
#12416 = ORIENTED_EDGE('',*,*,#12283,.F.);
#12417 = ORIENTED_EDGE('',*,*,#12418,.F.);
#12418 = EDGE_CURVE('',#12379,#12276,#12419,.T.);
#12419 = LINE('',#12420,#12421);
#12420 = CARTESIAN_POINT('',(-3.5,-2.125,3.09));
#12421 = VECTOR('',#12422,1.);
#12422 = DIRECTION('',(1.,0.,0.));
#12423 = FACE_BOUND('',#12424,.T.);
#12424 = EDGE_LOOP('',(#12425,#12426,#12434,#12442,#12450,#12459,#12467,
    #12476,#12484,#12493,#12501,#12510,#12518,#12526,#12534,#12543,
    #12551,#12560,#12568,#12575));
#12425 = ORIENTED_EDGE('',*,*,#12305,.F.);
#12426 = ORIENTED_EDGE('',*,*,#12427,.F.);
#12427 = EDGE_CURVE('',#12428,#12306,#12430,.T.);
#12428 = VERTEX_POINT('',#12429);
#12429 = CARTESIAN_POINT('',(3.,-2.125,0.3));
#12430 = LINE('',#12431,#12432);
#12431 = CARTESIAN_POINT('',(3.,-2.125,0.3));
#12432 = VECTOR('',#12433,1.);
#12433 = DIRECTION('',(-8.673617379884E-16,0.,1.));
#12434 = ORIENTED_EDGE('',*,*,#12435,.F.);
#12435 = EDGE_CURVE('',#12436,#12428,#12438,.T.);
#12436 = VERTEX_POINT('',#12437);
#12437 = CARTESIAN_POINT('',(-3.,-2.125,0.3));
#12438 = LINE('',#12439,#12440);
#12439 = CARTESIAN_POINT('',(-3.,-2.125,0.3));
#12440 = VECTOR('',#12441,1.);
#12441 = DIRECTION('',(1.,0.,1.264902534566E-16));
#12442 = ORIENTED_EDGE('',*,*,#12443,.F.);
#12443 = EDGE_CURVE('',#12444,#12436,#12446,.T.);
#12444 = VERTEX_POINT('',#12445);
#12445 = CARTESIAN_POINT('',(-3.,-2.125,1.25));
#12446 = LINE('',#12447,#12448);
#12447 = CARTESIAN_POINT('',(-3.,-2.125,0.3));
#12448 = VECTOR('',#12449,1.);
#12449 = DIRECTION('',(0.,0.,-1.));
#12450 = ORIENTED_EDGE('',*,*,#12451,.F.);
#12451 = EDGE_CURVE('',#12452,#12444,#12454,.T.);
#12452 = VERTEX_POINT('',#12453);
#12453 = CARTESIAN_POINT('',(-3.05,-2.125,1.3));
#12454 = CIRCLE('',#12455,5.E-02);
#12455 = AXIS2_PLACEMENT_3D('',#12456,#12457,#12458);
#12456 = CARTESIAN_POINT('',(-3.05,-2.125,1.25));
#12457 = DIRECTION('',(0.,1.,0.));
#12458 = DIRECTION('',(0.707106781187,-0.,0.707106781187));
#12459 = ORIENTED_EDGE('',*,*,#12460,.F.);
#12460 = EDGE_CURVE('',#12461,#12452,#12463,.T.);
#12461 = VERTEX_POINT('',#12462);
#12462 = CARTESIAN_POINT('',(-3.15,-2.125,1.3));
#12463 = LINE('',#12464,#12465);
#12464 = CARTESIAN_POINT('',(-3.,-2.125,1.3));
#12465 = VECTOR('',#12466,1.);
#12466 = DIRECTION('',(1.,0.,0.));
#12467 = ORIENTED_EDGE('',*,*,#12468,.F.);
#12468 = EDGE_CURVE('',#12469,#12461,#12471,.T.);
#12469 = VERTEX_POINT('',#12470);
#12470 = CARTESIAN_POINT('',(-3.2,-2.125,1.35));
#12471 = CIRCLE('',#12472,5.E-02);
#12472 = AXIS2_PLACEMENT_3D('',#12473,#12474,#12475);
#12473 = CARTESIAN_POINT('',(-3.15,-2.125,1.35));
#12474 = DIRECTION('',(0.,-1.,0.));
#12475 = DIRECTION('',(-0.707106781187,-0.,-0.707106781187));
#12476 = ORIENTED_EDGE('',*,*,#12477,.F.);
#12477 = EDGE_CURVE('',#12478,#12469,#12480,.T.);
#12478 = VERTEX_POINT('',#12479);
#12479 = CARTESIAN_POINT('',(-3.2,-2.125,1.745));
#12480 = LINE('',#12481,#12482);
#12481 = CARTESIAN_POINT('',(-3.2,-2.125,1.545));
#12482 = VECTOR('',#12483,1.);
#12483 = DIRECTION('',(0.,0.,-1.));
#12484 = ORIENTED_EDGE('',*,*,#12485,.F.);
#12485 = EDGE_CURVE('',#12486,#12478,#12488,.T.);
#12486 = VERTEX_POINT('',#12487);
#12487 = CARTESIAN_POINT('',(-3.15,-2.125,1.795));
#12488 = CIRCLE('',#12489,5.E-02);
#12489 = AXIS2_PLACEMENT_3D('',#12490,#12491,#12492);
#12490 = CARTESIAN_POINT('',(-3.15,-2.125,1.745));
#12491 = DIRECTION('',(0.,-1.,0.));
#12492 = DIRECTION('',(-0.707106781187,0.,0.707106781187));
#12493 = ORIENTED_EDGE('',*,*,#12494,.F.);
#12494 = EDGE_CURVE('',#12495,#12486,#12497,.T.);
#12495 = VERTEX_POINT('',#12496);
#12496 = CARTESIAN_POINT('',(-3.05,-2.125,1.795));
#12497 = LINE('',#12498,#12499);
#12498 = CARTESIAN_POINT('',(-3.,-2.125,1.795));
#12499 = VECTOR('',#12500,1.);
#12500 = DIRECTION('',(-1.,0.,0.));
#12501 = ORIENTED_EDGE('',*,*,#12502,.F.);
#12502 = EDGE_CURVE('',#12503,#12495,#12505,.T.);
#12503 = VERTEX_POINT('',#12504);
#12504 = CARTESIAN_POINT('',(-3.,-2.125,1.845));
#12505 = CIRCLE('',#12506,5.E-02);
#12506 = AXIS2_PLACEMENT_3D('',#12507,#12508,#12509);
#12507 = CARTESIAN_POINT('',(-3.05,-2.125,1.845));
#12508 = DIRECTION('',(0.,1.,0.));
#12509 = DIRECTION('',(0.707106781187,0.,-0.707106781187));
#12510 = ORIENTED_EDGE('',*,*,#12511,.F.);
#12511 = EDGE_CURVE('',#12512,#12503,#12514,.T.);
#12512 = VERTEX_POINT('',#12513);
#12513 = CARTESIAN_POINT('',(-3.,-2.125,2.79));
#12514 = LINE('',#12515,#12516);
#12515 = CARTESIAN_POINT('',(-3.,-2.125,1.795));
#12516 = VECTOR('',#12517,1.);
#12517 = DIRECTION('',(8.717203396868E-16,0.,-1.));
#12518 = ORIENTED_EDGE('',*,*,#12519,.F.);
#12519 = EDGE_CURVE('',#12520,#12512,#12522,.T.);
#12520 = VERTEX_POINT('',#12521);
#12521 = CARTESIAN_POINT('',(3.,-2.125,2.79));
#12522 = LINE('',#12523,#12524);
#12523 = CARTESIAN_POINT('',(-3.,-2.125,2.79));
#12524 = VECTOR('',#12525,1.);
#12525 = DIRECTION('',(-1.,0.,-1.445602896647E-16));
#12526 = ORIENTED_EDGE('',*,*,#12527,.F.);
#12527 = EDGE_CURVE('',#12528,#12520,#12530,.T.);
#12528 = VERTEX_POINT('',#12529);
#12529 = CARTESIAN_POINT('',(3.,-2.125,1.845));
#12530 = LINE('',#12531,#12532);
#12531 = CARTESIAN_POINT('',(3.,-2.125,1.795));
#12532 = VECTOR('',#12533,1.);
#12533 = DIRECTION('',(8.717203396868E-16,0.,1.));
#12534 = ORIENTED_EDGE('',*,*,#12535,.F.);
#12535 = EDGE_CURVE('',#12536,#12528,#12538,.T.);
#12536 = VERTEX_POINT('',#12537);
#12537 = CARTESIAN_POINT('',(3.05,-2.125,1.795));
#12538 = CIRCLE('',#12539,5.E-02);
#12539 = AXIS2_PLACEMENT_3D('',#12540,#12541,#12542);
#12540 = CARTESIAN_POINT('',(3.05,-2.125,1.845));
#12541 = DIRECTION('',(0.,1.,0.));
#12542 = DIRECTION('',(-0.707106781187,0.,-0.707106781187));
#12543 = ORIENTED_EDGE('',*,*,#12544,.F.);
#12544 = EDGE_CURVE('',#12545,#12536,#12547,.T.);
#12545 = VERTEX_POINT('',#12546);
#12546 = CARTESIAN_POINT('',(3.15,-2.125,1.795));
#12547 = LINE('',#12548,#12549);
#12548 = CARTESIAN_POINT('',(3.2,-2.125,1.795));
#12549 = VECTOR('',#12550,1.);
#12550 = DIRECTION('',(-1.,0.,0.));
#12551 = ORIENTED_EDGE('',*,*,#12552,.F.);
#12552 = EDGE_CURVE('',#12553,#12545,#12555,.T.);
#12553 = VERTEX_POINT('',#12554);
#12554 = CARTESIAN_POINT('',(3.2,-2.125,1.745));
#12555 = CIRCLE('',#12556,5.E-02);
#12556 = AXIS2_PLACEMENT_3D('',#12557,#12558,#12559);
#12557 = CARTESIAN_POINT('',(3.15,-2.125,1.745));
#12558 = DIRECTION('',(0.,-1.,0.));
#12559 = DIRECTION('',(0.707106781187,0.,0.707106781187));
#12560 = ORIENTED_EDGE('',*,*,#12561,.F.);
#12561 = EDGE_CURVE('',#12562,#12553,#12564,.T.);
#12562 = VERTEX_POINT('',#12563);
#12563 = CARTESIAN_POINT('',(3.2,-2.125,1.35));
#12564 = LINE('',#12565,#12566);
#12565 = CARTESIAN_POINT('',(3.2,-2.125,1.795));
#12566 = VECTOR('',#12567,1.);
#12567 = DIRECTION('',(0.,0.,1.));
#12568 = ORIENTED_EDGE('',*,*,#12569,.F.);
#12569 = EDGE_CURVE('',#12349,#12562,#12570,.T.);
#12570 = CIRCLE('',#12571,5.E-02);
#12571 = AXIS2_PLACEMENT_3D('',#12572,#12573,#12574);
#12572 = CARTESIAN_POINT('',(3.15,-2.125,1.35));
#12573 = DIRECTION('',(0.,-1.,0.));
#12574 = DIRECTION('',(0.707106781187,0.,-0.707106781187));
#12575 = ORIENTED_EDGE('',*,*,#12348,.F.);
#12576 = PLANE('',#12577);
#12577 = AXIS2_PLACEMENT_3D('',#12578,#12579,#12580);
#12578 = CARTESIAN_POINT('',(-3.5,-2.125,3.09));
#12579 = DIRECTION('',(0.,1.,0.));
#12580 = DIRECTION('',(0.,-0.,1.));
#12581 = ADVANCED_FACE('',(#12582),#12601,.F.);
#12582 = FACE_BOUND('',#12583,.F.);
#12583 = EDGE_LOOP('',(#12584,#12592,#12593,#12594));
#12584 = ORIENTED_EDGE('',*,*,#12585,.F.);
#12585 = EDGE_CURVE('',#12562,#12586,#12588,.T.);
#12586 = VERTEX_POINT('',#12587);
#12587 = CARTESIAN_POINT('',(3.2,1.575,1.35));
#12588 = LINE('',#12589,#12590);
#12589 = CARTESIAN_POINT('',(3.2,1.575,1.35));
#12590 = VECTOR('',#12591,1.);
#12591 = DIRECTION('',(0.,1.,0.));
#12592 = ORIENTED_EDGE('',*,*,#12569,.F.);
#12593 = ORIENTED_EDGE('',*,*,#12356,.F.);
#12594 = ORIENTED_EDGE('',*,*,#12595,.T.);
#12595 = EDGE_CURVE('',#12357,#12586,#12596,.T.);
#12596 = CIRCLE('',#12597,5.E-02);
#12597 = AXIS2_PLACEMENT_3D('',#12598,#12599,#12600);
#12598 = CARTESIAN_POINT('',(3.15,1.575,1.35));
#12599 = DIRECTION('',(0.,-1.,0.));
#12600 = DIRECTION('',(0.707106781187,0.,-0.707106781187));
#12601 = CYLINDRICAL_SURFACE('',#12602,5.E-02);
#12602 = AXIS2_PLACEMENT_3D('',#12603,#12604,#12605);
#12603 = CARTESIAN_POINT('',(3.15,1.575,1.35));
#12604 = DIRECTION('',(0.,-1.,0.));
#12605 = DIRECTION('',(0.707106781187,0.,-0.707106781187));
#12606 = ADVANCED_FACE('',(#12607,#12752,#12786,#12820,#12854),#12888,
  .F.);
#12607 = FACE_BOUND('',#12608,.T.);
#12608 = EDGE_LOOP('',(#12609,#12610,#12618,#12627,#12635,#12644,#12652,
    #12660,#12668,#12677,#12685,#12694,#12702,#12711,#12719,#12728,
    #12736,#12744,#12750,#12751));
#12609 = ORIENTED_EDGE('',*,*,#12595,.T.);
#12610 = ORIENTED_EDGE('',*,*,#12611,.T.);
#12611 = EDGE_CURVE('',#12586,#12612,#12614,.T.);
#12612 = VERTEX_POINT('',#12613);
#12613 = CARTESIAN_POINT('',(3.2,1.575,1.745));
#12614 = LINE('',#12615,#12616);
#12615 = CARTESIAN_POINT('',(3.2,1.575,1.795));
#12616 = VECTOR('',#12617,1.);
#12617 = DIRECTION('',(0.,0.,1.));
#12618 = ORIENTED_EDGE('',*,*,#12619,.T.);
#12619 = EDGE_CURVE('',#12612,#12620,#12622,.T.);
#12620 = VERTEX_POINT('',#12621);
#12621 = CARTESIAN_POINT('',(3.15,1.575,1.795));
#12622 = CIRCLE('',#12623,5.E-02);
#12623 = AXIS2_PLACEMENT_3D('',#12624,#12625,#12626);
#12624 = CARTESIAN_POINT('',(3.15,1.575,1.745));
#12625 = DIRECTION('',(0.,-1.,0.));
#12626 = DIRECTION('',(0.707106781187,0.,0.707106781187));
#12627 = ORIENTED_EDGE('',*,*,#12628,.T.);
#12628 = EDGE_CURVE('',#12620,#12629,#12631,.T.);
#12629 = VERTEX_POINT('',#12630);
#12630 = CARTESIAN_POINT('',(3.05,1.575,1.795));
#12631 = LINE('',#12632,#12633);
#12632 = CARTESIAN_POINT('',(3.2,1.575,1.795));
#12633 = VECTOR('',#12634,1.);
#12634 = DIRECTION('',(-1.,0.,0.));
#12635 = ORIENTED_EDGE('',*,*,#12636,.T.);
#12636 = EDGE_CURVE('',#12629,#12637,#12639,.T.);
#12637 = VERTEX_POINT('',#12638);
#12638 = CARTESIAN_POINT('',(3.,1.575,1.845));
#12639 = CIRCLE('',#12640,5.E-02);
#12640 = AXIS2_PLACEMENT_3D('',#12641,#12642,#12643);
#12641 = CARTESIAN_POINT('',(3.05,1.575,1.845));
#12642 = DIRECTION('',(0.,1.,0.));
#12643 = DIRECTION('',(-0.707106781187,0.,-0.707106781187));
#12644 = ORIENTED_EDGE('',*,*,#12645,.T.);
#12645 = EDGE_CURVE('',#12637,#12646,#12648,.T.);
#12646 = VERTEX_POINT('',#12647);
#12647 = CARTESIAN_POINT('',(3.,1.575,2.79));
#12648 = LINE('',#12649,#12650);
#12649 = CARTESIAN_POINT('',(3.,1.575,1.795));
#12650 = VECTOR('',#12651,1.);
#12651 = DIRECTION('',(8.717203396868E-16,0.,1.));
#12652 = ORIENTED_EDGE('',*,*,#12653,.T.);
#12653 = EDGE_CURVE('',#12646,#12654,#12656,.T.);
#12654 = VERTEX_POINT('',#12655);
#12655 = CARTESIAN_POINT('',(-3.,1.575,2.79));
#12656 = LINE('',#12657,#12658);
#12657 = CARTESIAN_POINT('',(-3.,1.575,2.79));
#12658 = VECTOR('',#12659,1.);
#12659 = DIRECTION('',(-1.,0.,-1.445602896647E-16));
#12660 = ORIENTED_EDGE('',*,*,#12661,.T.);
#12661 = EDGE_CURVE('',#12654,#12662,#12664,.T.);
#12662 = VERTEX_POINT('',#12663);
#12663 = CARTESIAN_POINT('',(-3.,1.575,1.845));
#12664 = LINE('',#12665,#12666);
#12665 = CARTESIAN_POINT('',(-3.,1.575,1.795));
#12666 = VECTOR('',#12667,1.);
#12667 = DIRECTION('',(8.717203396868E-16,0.,-1.));
#12668 = ORIENTED_EDGE('',*,*,#12669,.T.);
#12669 = EDGE_CURVE('',#12662,#12670,#12672,.T.);
#12670 = VERTEX_POINT('',#12671);
#12671 = CARTESIAN_POINT('',(-3.05,1.575,1.795));
#12672 = CIRCLE('',#12673,5.E-02);
#12673 = AXIS2_PLACEMENT_3D('',#12674,#12675,#12676);
#12674 = CARTESIAN_POINT('',(-3.05,1.575,1.845));
#12675 = DIRECTION('',(0.,1.,0.));
#12676 = DIRECTION('',(0.707106781187,0.,-0.707106781187));
#12677 = ORIENTED_EDGE('',*,*,#12678,.T.);
#12678 = EDGE_CURVE('',#12670,#12679,#12681,.T.);
#12679 = VERTEX_POINT('',#12680);
#12680 = CARTESIAN_POINT('',(-3.15,1.575,1.795));
#12681 = LINE('',#12682,#12683);
#12682 = CARTESIAN_POINT('',(-3.,1.575,1.795));
#12683 = VECTOR('',#12684,1.);
#12684 = DIRECTION('',(-1.,0.,0.));
#12685 = ORIENTED_EDGE('',*,*,#12686,.T.);
#12686 = EDGE_CURVE('',#12679,#12687,#12689,.T.);
#12687 = VERTEX_POINT('',#12688);
#12688 = CARTESIAN_POINT('',(-3.2,1.575,1.745));
#12689 = CIRCLE('',#12690,5.E-02);
#12690 = AXIS2_PLACEMENT_3D('',#12691,#12692,#12693);
#12691 = CARTESIAN_POINT('',(-3.15,1.575,1.745));
#12692 = DIRECTION('',(0.,-1.,0.));
#12693 = DIRECTION('',(-0.707106781187,0.,0.707106781187));
#12694 = ORIENTED_EDGE('',*,*,#12695,.T.);
#12695 = EDGE_CURVE('',#12687,#12696,#12698,.T.);
#12696 = VERTEX_POINT('',#12697);
#12697 = CARTESIAN_POINT('',(-3.2,1.575,1.35));
#12698 = LINE('',#12699,#12700);
#12699 = CARTESIAN_POINT('',(-3.2,1.575,1.545));
#12700 = VECTOR('',#12701,1.);
#12701 = DIRECTION('',(0.,0.,-1.));
#12702 = ORIENTED_EDGE('',*,*,#12703,.T.);
#12703 = EDGE_CURVE('',#12696,#12704,#12706,.T.);
#12704 = VERTEX_POINT('',#12705);
#12705 = CARTESIAN_POINT('',(-3.15,1.575,1.3));
#12706 = CIRCLE('',#12707,5.E-02);
#12707 = AXIS2_PLACEMENT_3D('',#12708,#12709,#12710);
#12708 = CARTESIAN_POINT('',(-3.15,1.575,1.35));
#12709 = DIRECTION('',(0.,-1.,0.));
#12710 = DIRECTION('',(-0.707106781187,-0.,-0.707106781187));
#12711 = ORIENTED_EDGE('',*,*,#12712,.T.);
#12712 = EDGE_CURVE('',#12704,#12713,#12715,.T.);
#12713 = VERTEX_POINT('',#12714);
#12714 = CARTESIAN_POINT('',(-3.05,1.575,1.3));
#12715 = LINE('',#12716,#12717);
#12716 = CARTESIAN_POINT('',(-3.,1.575,1.3));
#12717 = VECTOR('',#12718,1.);
#12718 = DIRECTION('',(1.,0.,0.));
#12719 = ORIENTED_EDGE('',*,*,#12720,.T.);
#12720 = EDGE_CURVE('',#12713,#12721,#12723,.T.);
#12721 = VERTEX_POINT('',#12722);
#12722 = CARTESIAN_POINT('',(-3.,1.575,1.25));
#12723 = CIRCLE('',#12724,5.E-02);
#12724 = AXIS2_PLACEMENT_3D('',#12725,#12726,#12727);
#12725 = CARTESIAN_POINT('',(-3.05,1.575,1.25));
#12726 = DIRECTION('',(0.,1.,0.));
#12727 = DIRECTION('',(0.707106781187,-0.,0.707106781187));
#12728 = ORIENTED_EDGE('',*,*,#12729,.T.);
#12729 = EDGE_CURVE('',#12721,#12730,#12732,.T.);
#12730 = VERTEX_POINT('',#12731);
#12731 = CARTESIAN_POINT('',(-3.,1.575,0.3));
#12732 = LINE('',#12733,#12734);
#12733 = CARTESIAN_POINT('',(-3.,1.575,0.3));
#12734 = VECTOR('',#12735,1.);
#12735 = DIRECTION('',(0.,0.,-1.));
#12736 = ORIENTED_EDGE('',*,*,#12737,.T.);
#12737 = EDGE_CURVE('',#12730,#12738,#12740,.T.);
#12738 = VERTEX_POINT('',#12739);
#12739 = CARTESIAN_POINT('',(3.,1.575,0.3));
#12740 = LINE('',#12741,#12742);
#12741 = CARTESIAN_POINT('',(-3.,1.575,0.3));
#12742 = VECTOR('',#12743,1.);
#12743 = DIRECTION('',(1.,0.,1.264902534566E-16));
#12744 = ORIENTED_EDGE('',*,*,#12745,.T.);
#12745 = EDGE_CURVE('',#12738,#12325,#12746,.T.);
#12746 = LINE('',#12747,#12748);
#12747 = CARTESIAN_POINT('',(3.,1.575,0.3));
#12748 = VECTOR('',#12749,1.);
#12749 = DIRECTION('',(-8.673617379884E-16,0.,1.));
#12750 = ORIENTED_EDGE('',*,*,#12324,.T.);
#12751 = ORIENTED_EDGE('',*,*,#12364,.T.);
#12752 = FACE_BOUND('',#12753,.T.);
#12753 = EDGE_LOOP('',(#12754,#12764,#12772,#12780));
#12754 = ORIENTED_EDGE('',*,*,#12755,.F.);
#12755 = EDGE_CURVE('',#12756,#12758,#12760,.T.);
#12756 = VERTEX_POINT('',#12757);
#12757 = CARTESIAN_POINT('',(-1.4,1.575,1.4475));
#12758 = VERTEX_POINT('',#12759);
#12759 = CARTESIAN_POINT('',(-1.4,1.575,1.6475));
#12760 = LINE('',#12761,#12762);
#12761 = CARTESIAN_POINT('',(-1.4,1.575,1.4475));
#12762 = VECTOR('',#12763,1.);
#12763 = DIRECTION('',(0.,0.,1.));
#12764 = ORIENTED_EDGE('',*,*,#12765,.F.);
#12765 = EDGE_CURVE('',#12766,#12756,#12768,.T.);
#12766 = VERTEX_POINT('',#12767);
#12767 = CARTESIAN_POINT('',(-1.6,1.575,1.4475));
#12768 = LINE('',#12769,#12770);
#12769 = CARTESIAN_POINT('',(-1.6,1.575,1.4475));
#12770 = VECTOR('',#12771,1.);
#12771 = DIRECTION('',(1.,0.,0.));
#12772 = ORIENTED_EDGE('',*,*,#12773,.F.);
#12773 = EDGE_CURVE('',#12774,#12766,#12776,.T.);
#12774 = VERTEX_POINT('',#12775);
#12775 = CARTESIAN_POINT('',(-1.6,1.575,1.6475));
#12776 = LINE('',#12777,#12778);
#12777 = CARTESIAN_POINT('',(-1.6,1.575,1.4475));
#12778 = VECTOR('',#12779,1.);
#12779 = DIRECTION('',(0.,0.,-1.));
#12780 = ORIENTED_EDGE('',*,*,#12781,.F.);
#12781 = EDGE_CURVE('',#12758,#12774,#12782,.T.);
#12782 = LINE('',#12783,#12784);
#12783 = CARTESIAN_POINT('',(-1.6,1.575,1.6475));
#12784 = VECTOR('',#12785,1.);
#12785 = DIRECTION('',(-1.,0.,0.));
#12786 = FACE_BOUND('',#12787,.T.);
#12787 = EDGE_LOOP('',(#12788,#12798,#12806,#12814));
#12788 = ORIENTED_EDGE('',*,*,#12789,.F.);
#12789 = EDGE_CURVE('',#12790,#12792,#12794,.T.);
#12790 = VERTEX_POINT('',#12791);
#12791 = CARTESIAN_POINT('',(1.6,1.575,1.4475));
#12792 = VERTEX_POINT('',#12793);
#12793 = CARTESIAN_POINT('',(1.6,1.575,1.6475));
#12794 = LINE('',#12795,#12796);
#12795 = CARTESIAN_POINT('',(1.6,1.575,1.4475));
#12796 = VECTOR('',#12797,1.);
#12797 = DIRECTION('',(0.,0.,1.));
#12798 = ORIENTED_EDGE('',*,*,#12799,.F.);
#12799 = EDGE_CURVE('',#12800,#12790,#12802,.T.);
#12800 = VERTEX_POINT('',#12801);
#12801 = CARTESIAN_POINT('',(1.4,1.575,1.4475));
#12802 = LINE('',#12803,#12804);
#12803 = CARTESIAN_POINT('',(1.4,1.575,1.4475));
#12804 = VECTOR('',#12805,1.);
#12805 = DIRECTION('',(1.,0.,0.));
#12806 = ORIENTED_EDGE('',*,*,#12807,.F.);
#12807 = EDGE_CURVE('',#12808,#12800,#12810,.T.);
#12808 = VERTEX_POINT('',#12809);
#12809 = CARTESIAN_POINT('',(1.4,1.575,1.6475));
#12810 = LINE('',#12811,#12812);
#12811 = CARTESIAN_POINT('',(1.4,1.575,1.4475));
#12812 = VECTOR('',#12813,1.);
#12813 = DIRECTION('',(0.,0.,-1.));
#12814 = ORIENTED_EDGE('',*,*,#12815,.F.);
#12815 = EDGE_CURVE('',#12792,#12808,#12816,.T.);
#12816 = LINE('',#12817,#12818);
#12817 = CARTESIAN_POINT('',(1.4,1.575,1.6475));
#12818 = VECTOR('',#12819,1.);
#12819 = DIRECTION('',(-1.,0.,0.));
#12820 = FACE_BOUND('',#12821,.T.);
#12821 = EDGE_LOOP('',(#12822,#12832,#12840,#12848));
#12822 = ORIENTED_EDGE('',*,*,#12823,.F.);
#12823 = EDGE_CURVE('',#12824,#12826,#12828,.T.);
#12824 = VERTEX_POINT('',#12825);
#12825 = CARTESIAN_POINT('',(0.6,1.575,1.4475));
#12826 = VERTEX_POINT('',#12827);
#12827 = CARTESIAN_POINT('',(0.6,1.575,1.6475));
#12828 = LINE('',#12829,#12830);
#12829 = CARTESIAN_POINT('',(0.6,1.575,1.4475));
#12830 = VECTOR('',#12831,1.);
#12831 = DIRECTION('',(0.,0.,1.));
#12832 = ORIENTED_EDGE('',*,*,#12833,.F.);
#12833 = EDGE_CURVE('',#12834,#12824,#12836,.T.);
#12834 = VERTEX_POINT('',#12835);
#12835 = CARTESIAN_POINT('',(0.4,1.575,1.4475));
#12836 = LINE('',#12837,#12838);
#12837 = CARTESIAN_POINT('',(0.4,1.575,1.4475));
#12838 = VECTOR('',#12839,1.);
#12839 = DIRECTION('',(1.,0.,0.));
#12840 = ORIENTED_EDGE('',*,*,#12841,.F.);
#12841 = EDGE_CURVE('',#12842,#12834,#12844,.T.);
#12842 = VERTEX_POINT('',#12843);
#12843 = CARTESIAN_POINT('',(0.4,1.575,1.6475));
#12844 = LINE('',#12845,#12846);
#12845 = CARTESIAN_POINT('',(0.4,1.575,1.4475));
#12846 = VECTOR('',#12847,1.);
#12847 = DIRECTION('',(0.,0.,-1.));
#12848 = ORIENTED_EDGE('',*,*,#12849,.F.);
#12849 = EDGE_CURVE('',#12826,#12842,#12850,.T.);
#12850 = LINE('',#12851,#12852);
#12851 = CARTESIAN_POINT('',(0.4,1.575,1.6475));
#12852 = VECTOR('',#12853,1.);
#12853 = DIRECTION('',(-1.,0.,0.));
#12854 = FACE_BOUND('',#12855,.T.);
#12855 = EDGE_LOOP('',(#12856,#12866,#12874,#12882));
#12856 = ORIENTED_EDGE('',*,*,#12857,.F.);
#12857 = EDGE_CURVE('',#12858,#12860,#12862,.T.);
#12858 = VERTEX_POINT('',#12859);
#12859 = CARTESIAN_POINT('',(-0.4,1.575,1.4475));
#12860 = VERTEX_POINT('',#12861);
#12861 = CARTESIAN_POINT('',(-0.4,1.575,1.6475));
#12862 = LINE('',#12863,#12864);
#12863 = CARTESIAN_POINT('',(-0.4,1.575,1.4475));
#12864 = VECTOR('',#12865,1.);
#12865 = DIRECTION('',(-2.710505431214E-16,0.,1.));
#12866 = ORIENTED_EDGE('',*,*,#12867,.F.);
#12867 = EDGE_CURVE('',#12868,#12858,#12870,.T.);
#12868 = VERTEX_POINT('',#12869);
#12869 = CARTESIAN_POINT('',(-0.6,1.575,1.4475));
#12870 = LINE('',#12871,#12872);
#12871 = CARTESIAN_POINT('',(-0.6,1.575,1.4475));
#12872 = VECTOR('',#12873,1.);
#12873 = DIRECTION('',(1.,0.,0.));
#12874 = ORIENTED_EDGE('',*,*,#12875,.F.);
#12875 = EDGE_CURVE('',#12876,#12868,#12878,.T.);
#12876 = VERTEX_POINT('',#12877);
#12877 = CARTESIAN_POINT('',(-0.6,1.575,1.6475));
#12878 = LINE('',#12879,#12880);
#12879 = CARTESIAN_POINT('',(-0.6,1.575,1.4475));
#12880 = VECTOR('',#12881,1.);
#12881 = DIRECTION('',(0.,0.,-1.));
#12882 = ORIENTED_EDGE('',*,*,#12883,.F.);
#12883 = EDGE_CURVE('',#12860,#12876,#12884,.T.);
#12884 = LINE('',#12885,#12886);
#12885 = CARTESIAN_POINT('',(-0.6,1.575,1.6475));
#12886 = VECTOR('',#12887,1.);
#12887 = DIRECTION('',(-1.,0.,0.));
#12888 = PLANE('',#12889);
#12889 = AXIS2_PLACEMENT_3D('',#12890,#12891,#12892);
#12890 = CARTESIAN_POINT('',(0.,1.575,0.));
#12891 = DIRECTION('',(0.,1.,0.));
#12892 = DIRECTION('',(0.,-0.,1.));
#12893 = ADVANCED_FACE('',(#12894),#12905,.F.);
#12894 = FACE_BOUND('',#12895,.T.);
#12895 = EDGE_LOOP('',(#12896,#12897,#12898,#12904));
#12896 = ORIENTED_EDGE('',*,*,#12585,.F.);
#12897 = ORIENTED_EDGE('',*,*,#12561,.T.);
#12898 = ORIENTED_EDGE('',*,*,#12899,.F.);
#12899 = EDGE_CURVE('',#12612,#12553,#12900,.T.);
#12900 = LINE('',#12901,#12902);
#12901 = CARTESIAN_POINT('',(3.2,1.575,1.745));
#12902 = VECTOR('',#12903,1.);
#12903 = DIRECTION('',(0.,-1.,0.));
#12904 = ORIENTED_EDGE('',*,*,#12611,.F.);
#12905 = PLANE('',#12906);
#12906 = AXIS2_PLACEMENT_3D('',#12907,#12908,#12909);
#12907 = CARTESIAN_POINT('',(3.2,1.575,1.795));
#12908 = DIRECTION('',(1.,0.,0.));
#12909 = DIRECTION('',(0.,0.,-1.));
#12910 = ADVANCED_FACE('',(#12911),#12927,.T.);
#12911 = FACE_BOUND('',#12912,.T.);
#12912 = EDGE_LOOP('',(#12913,#12914,#12920,#12921));
#12913 = ORIENTED_EDGE('',*,*,#12535,.T.);
#12914 = ORIENTED_EDGE('',*,*,#12915,.T.);
#12915 = EDGE_CURVE('',#12528,#12637,#12916,.T.);
#12916 = LINE('',#12917,#12918);
#12917 = CARTESIAN_POINT('',(3.,1.575,1.845));
#12918 = VECTOR('',#12919,1.);
#12919 = DIRECTION('',(0.,1.,0.));
#12920 = ORIENTED_EDGE('',*,*,#12636,.F.);
#12921 = ORIENTED_EDGE('',*,*,#12922,.T.);
#12922 = EDGE_CURVE('',#12629,#12536,#12923,.T.);
#12923 = LINE('',#12924,#12925);
#12924 = CARTESIAN_POINT('',(3.05,1.575,1.795));
#12925 = VECTOR('',#12926,1.);
#12926 = DIRECTION('',(0.,-1.,0.));
#12927 = CYLINDRICAL_SURFACE('',#12928,5.E-02);
#12928 = AXIS2_PLACEMENT_3D('',#12929,#12930,#12931);
#12929 = CARTESIAN_POINT('',(3.05,1.575,1.845));
#12930 = DIRECTION('',(0.,-1.,0.));
#12931 = DIRECTION('',(-0.707106781187,-0.,-0.707106781187));
#12932 = ADVANCED_FACE('',(#12933),#12944,.F.);
#12933 = FACE_BOUND('',#12934,.T.);
#12934 = EDGE_LOOP('',(#12935,#12936,#12937,#12943));
#12935 = ORIENTED_EDGE('',*,*,#12915,.F.);
#12936 = ORIENTED_EDGE('',*,*,#12527,.T.);
#12937 = ORIENTED_EDGE('',*,*,#12938,.F.);
#12938 = EDGE_CURVE('',#12646,#12520,#12939,.T.);
#12939 = LINE('',#12940,#12941);
#12940 = CARTESIAN_POINT('',(3.,1.575,2.79));
#12941 = VECTOR('',#12942,1.);
#12942 = DIRECTION('',(0.,-1.,0.));
#12943 = ORIENTED_EDGE('',*,*,#12645,.F.);
#12944 = PLANE('',#12945);
#12945 = AXIS2_PLACEMENT_3D('',#12946,#12947,#12948);
#12946 = CARTESIAN_POINT('',(3.,1.575,1.795));
#12947 = DIRECTION('',(1.,0.,-8.717203396868E-16));
#12948 = DIRECTION('',(-8.717203396868E-16,0.,-1.));
#12949 = ADVANCED_FACE('',(#12950),#12961,.F.);
#12950 = FACE_BOUND('',#12951,.F.);
#12951 = EDGE_LOOP('',(#12952,#12958,#12959,#12960));
#12952 = ORIENTED_EDGE('',*,*,#12953,.F.);
#12953 = EDGE_CURVE('',#12545,#12620,#12954,.T.);
#12954 = LINE('',#12955,#12956);
#12955 = CARTESIAN_POINT('',(3.15,1.575,1.795));
#12956 = VECTOR('',#12957,1.);
#12957 = DIRECTION('',(0.,1.,0.));
#12958 = ORIENTED_EDGE('',*,*,#12552,.F.);
#12959 = ORIENTED_EDGE('',*,*,#12899,.F.);
#12960 = ORIENTED_EDGE('',*,*,#12619,.T.);
#12961 = CYLINDRICAL_SURFACE('',#12962,5.E-02);
#12962 = AXIS2_PLACEMENT_3D('',#12963,#12964,#12965);
#12963 = CARTESIAN_POINT('',(3.15,1.575,1.745));
#12964 = DIRECTION('',(0.,-1.,0.));
#12965 = DIRECTION('',(0.707106781187,0.,0.707106781187));
#12966 = ADVANCED_FACE('',(#12967),#12983,.F.);
#12967 = FACE_BOUND('',#12968,.F.);
#12968 = EDGE_LOOP('',(#12969,#12975,#12976,#12982));
#12969 = ORIENTED_EDGE('',*,*,#12970,.F.);
#12970 = EDGE_CURVE('',#12478,#12687,#12971,.T.);
#12971 = LINE('',#12972,#12973);
#12972 = CARTESIAN_POINT('',(-3.2,1.575,1.745));
#12973 = VECTOR('',#12974,1.);
#12974 = DIRECTION('',(0.,1.,0.));
#12975 = ORIENTED_EDGE('',*,*,#12485,.F.);
#12976 = ORIENTED_EDGE('',*,*,#12977,.F.);
#12977 = EDGE_CURVE('',#12679,#12486,#12978,.T.);
#12978 = LINE('',#12979,#12980);
#12979 = CARTESIAN_POINT('',(-3.15,1.575,1.795));
#12980 = VECTOR('',#12981,1.);
#12981 = DIRECTION('',(0.,-1.,0.));
#12982 = ORIENTED_EDGE('',*,*,#12686,.T.);
#12983 = CYLINDRICAL_SURFACE('',#12984,5.E-02);
#12984 = AXIS2_PLACEMENT_3D('',#12985,#12986,#12987);
#12985 = CARTESIAN_POINT('',(-3.15,1.575,1.745));
#12986 = DIRECTION('',(0.,-1.,0.));
#12987 = DIRECTION('',(-0.707106781187,0.,0.707106781187));
#12988 = ADVANCED_FACE('',(#12989),#13000,.F.);
#12989 = FACE_BOUND('',#12990,.T.);
#12990 = EDGE_LOOP('',(#12991,#12992,#12993,#12999));
#12991 = ORIENTED_EDGE('',*,*,#12970,.F.);
#12992 = ORIENTED_EDGE('',*,*,#12477,.T.);
#12993 = ORIENTED_EDGE('',*,*,#12994,.F.);
#12994 = EDGE_CURVE('',#12696,#12469,#12995,.T.);
#12995 = LINE('',#12996,#12997);
#12996 = CARTESIAN_POINT('',(-3.2,1.575,1.35));
#12997 = VECTOR('',#12998,1.);
#12998 = DIRECTION('',(0.,-1.,0.));
#12999 = ORIENTED_EDGE('',*,*,#12695,.F.);
#13000 = PLANE('',#13001);
#13001 = AXIS2_PLACEMENT_3D('',#13002,#13003,#13004);
#13002 = CARTESIAN_POINT('',(-3.2,1.575,1.545));
#13003 = DIRECTION('',(-1.,0.,0.));
#13004 = DIRECTION('',(0.,0.,1.));
#13005 = ADVANCED_FACE('',(#13006),#13017,.F.);
#13006 = FACE_BOUND('',#13007,.F.);
#13007 = EDGE_LOOP('',(#13008,#13014,#13015,#13016));
#13008 = ORIENTED_EDGE('',*,*,#13009,.F.);
#13009 = EDGE_CURVE('',#12461,#12704,#13010,.T.);
#13010 = LINE('',#13011,#13012);
#13011 = CARTESIAN_POINT('',(-3.15,1.575,1.3));
#13012 = VECTOR('',#13013,1.);
#13013 = DIRECTION('',(0.,1.,0.));
#13014 = ORIENTED_EDGE('',*,*,#12468,.F.);
#13015 = ORIENTED_EDGE('',*,*,#12994,.F.);
#13016 = ORIENTED_EDGE('',*,*,#12703,.T.);
#13017 = CYLINDRICAL_SURFACE('',#13018,5.E-02);
#13018 = AXIS2_PLACEMENT_3D('',#13019,#13020,#13021);
#13019 = CARTESIAN_POINT('',(-3.15,1.575,1.35));
#13020 = DIRECTION('',(0.,-1.,0.));
#13021 = DIRECTION('',(-0.707106781187,-0.,-0.707106781187));
#13022 = ADVANCED_FACE('',(#13023),#13039,.T.);
#13023 = FACE_BOUND('',#13024,.T.);
#13024 = EDGE_LOOP('',(#13025,#13026,#13032,#13033));
#13025 = ORIENTED_EDGE('',*,*,#12451,.T.);
#13026 = ORIENTED_EDGE('',*,*,#13027,.T.);
#13027 = EDGE_CURVE('',#12444,#12721,#13028,.T.);
#13028 = LINE('',#13029,#13030);
#13029 = CARTESIAN_POINT('',(-3.,1.575,1.25));
#13030 = VECTOR('',#13031,1.);
#13031 = DIRECTION('',(0.,1.,0.));
#13032 = ORIENTED_EDGE('',*,*,#12720,.F.);
#13033 = ORIENTED_EDGE('',*,*,#13034,.T.);
#13034 = EDGE_CURVE('',#12713,#12452,#13035,.T.);
#13035 = LINE('',#13036,#13037);
#13036 = CARTESIAN_POINT('',(-3.05,1.575,1.3));
#13037 = VECTOR('',#13038,1.);
#13038 = DIRECTION('',(0.,-1.,0.));
#13039 = CYLINDRICAL_SURFACE('',#13040,5.E-02);
#13040 = AXIS2_PLACEMENT_3D('',#13041,#13042,#13043);
#13041 = CARTESIAN_POINT('',(-3.05,1.575,1.25));
#13042 = DIRECTION('',(0.,-1.,0.));
#13043 = DIRECTION('',(0.707106781187,0.,0.707106781187));
#13044 = ADVANCED_FACE('',(#13045),#13056,.F.);
#13045 = FACE_BOUND('',#13046,.T.);
#13046 = EDGE_LOOP('',(#13047,#13048,#13049,#13055));
#13047 = ORIENTED_EDGE('',*,*,#13027,.F.);
#13048 = ORIENTED_EDGE('',*,*,#12443,.T.);
#13049 = ORIENTED_EDGE('',*,*,#13050,.F.);
#13050 = EDGE_CURVE('',#12730,#12436,#13051,.T.);
#13051 = LINE('',#13052,#13053);
#13052 = CARTESIAN_POINT('',(-3.,1.575,0.3));
#13053 = VECTOR('',#13054,1.);
#13054 = DIRECTION('',(0.,-1.,0.));
#13055 = ORIENTED_EDGE('',*,*,#12729,.F.);
#13056 = PLANE('',#13057);
#13057 = AXIS2_PLACEMENT_3D('',#13058,#13059,#13060);
#13058 = CARTESIAN_POINT('',(-3.,1.575,0.3));
#13059 = DIRECTION('',(-1.,0.,0.));
#13060 = DIRECTION('',(0.,0.,1.));
#13061 = ADVANCED_FACE('',(#13062),#13078,.T.);
#13062 = FACE_BOUND('',#13063,.T.);
#13063 = EDGE_LOOP('',(#13064,#13065,#13071,#13072));
#13064 = ORIENTED_EDGE('',*,*,#12502,.T.);
#13065 = ORIENTED_EDGE('',*,*,#13066,.T.);
#13066 = EDGE_CURVE('',#12495,#12670,#13067,.T.);
#13067 = LINE('',#13068,#13069);
#13068 = CARTESIAN_POINT('',(-3.05,1.575,1.795));
#13069 = VECTOR('',#13070,1.);
#13070 = DIRECTION('',(0.,1.,0.));
#13071 = ORIENTED_EDGE('',*,*,#12669,.F.);
#13072 = ORIENTED_EDGE('',*,*,#13073,.T.);
#13073 = EDGE_CURVE('',#12662,#12503,#13074,.T.);
#13074 = LINE('',#13075,#13076);
#13075 = CARTESIAN_POINT('',(-3.,1.575,1.845));
#13076 = VECTOR('',#13077,1.);
#13077 = DIRECTION('',(0.,-1.,0.));
#13078 = CYLINDRICAL_SURFACE('',#13079,5.E-02);
#13079 = AXIS2_PLACEMENT_3D('',#13080,#13081,#13082);
#13080 = CARTESIAN_POINT('',(-3.05,1.575,1.845));
#13081 = DIRECTION('',(0.,-1.,0.));
#13082 = DIRECTION('',(0.707106781187,0.,-0.707106781187));
#13083 = ADVANCED_FACE('',(#13084),#13090,.F.);
#13084 = FACE_BOUND('',#13085,.T.);
#13085 = EDGE_LOOP('',(#13086,#13087,#13088,#13089));
#13086 = ORIENTED_EDGE('',*,*,#12977,.F.);
#13087 = ORIENTED_EDGE('',*,*,#12678,.F.);
#13088 = ORIENTED_EDGE('',*,*,#13066,.F.);
#13089 = ORIENTED_EDGE('',*,*,#12494,.T.);
#13090 = PLANE('',#13091);
#13091 = AXIS2_PLACEMENT_3D('',#13092,#13093,#13094);
#13092 = CARTESIAN_POINT('',(-3.,1.575,1.795));
#13093 = DIRECTION('',(0.,0.,1.));
#13094 = DIRECTION('',(1.,0.,-0.));
#13095 = ADVANCED_FACE('',(#13096),#13116,.F.);
#13096 = FACE_BOUND('',#13097,.T.);
#13097 = EDGE_LOOP('',(#13098,#13099,#13100,#13101,#13107,#13108,#13109,
    #13115));
#13098 = ORIENTED_EDGE('',*,*,#12149,.T.);
#13099 = ORIENTED_EDGE('',*,*,#12291,.T.);
#13100 = ORIENTED_EDGE('',*,*,#12411,.T.);
#13101 = ORIENTED_EDGE('',*,*,#13102,.F.);
#13102 = EDGE_CURVE('',#12209,#12404,#13103,.T.);
#13103 = LINE('',#13104,#13105);
#13104 = CARTESIAN_POINT('',(3.1,1.575,0.4));
#13105 = VECTOR('',#13106,1.);
#13106 = DIRECTION('',(0.,-1.,0.));
#13107 = ORIENTED_EDGE('',*,*,#12208,.F.);
#13108 = ORIENTED_EDGE('',*,*,#10599,.F.);
#13109 = ORIENTED_EDGE('',*,*,#13110,.F.);
#13110 = EDGE_CURVE('',#12002,#10592,#13111,.T.);
#13111 = LINE('',#13112,#13113);
#13112 = CARTESIAN_POINT('',(3.12,-2.105,0.4));
#13113 = VECTOR('',#13114,1.);
#13114 = DIRECTION('',(-1.,0.,0.));
#13115 = ORIENTED_EDGE('',*,*,#12001,.F.);
#13116 = PLANE('',#13117);
#13117 = AXIS2_PLACEMENT_3D('',#13118,#13119,#13120);
#13118 = CARTESIAN_POINT('',(3.5,1.575,0.4));
#13119 = DIRECTION('',(0.,0.,1.));
#13120 = DIRECTION('',(1.,0.,-0.));
#13121 = ADVANCED_FACE('',(#13122),#13133,.F.);
#13122 = FACE_BOUND('',#13123,.T.);
#13123 = EDGE_LOOP('',(#13124,#13125,#13126,#13127));
#13124 = ORIENTED_EDGE('',*,*,#12125,.T.);
#13125 = ORIENTED_EDGE('',*,*,#11954,.T.);
#13126 = ORIENTED_EDGE('',*,*,#12378,.F.);
#13127 = ORIENTED_EDGE('',*,*,#13128,.F.);
#13128 = EDGE_CURVE('',#12126,#12379,#13129,.T.);
#13129 = LINE('',#13130,#13131);
#13130 = CARTESIAN_POINT('',(-3.5,-2.125,3.09));
#13131 = VECTOR('',#13132,1.);
#13132 = DIRECTION('',(0.,-1.,0.));
#13133 = PLANE('',#13134);
#13134 = AXIS2_PLACEMENT_3D('',#13135,#13136,#13137);
#13135 = CARTESIAN_POINT('',(-3.5,-2.125,3.09));
#13136 = DIRECTION('',(1.,0.,0.));
#13137 = DIRECTION('',(0.,0.,-1.));
#13138 = ADVANCED_FACE('',(#13139),#13145,.F.);
#13139 = FACE_BOUND('',#13140,.T.);
#13140 = EDGE_LOOP('',(#13141,#13142,#13143,#13144));
#13141 = ORIENTED_EDGE('',*,*,#12133,.T.);
#13142 = ORIENTED_EDGE('',*,*,#13128,.T.);
#13143 = ORIENTED_EDGE('',*,*,#12418,.T.);
#13144 = ORIENTED_EDGE('',*,*,#12275,.T.);
#13145 = PLANE('',#13146);
#13146 = AXIS2_PLACEMENT_3D('',#13147,#13148,#13149);
#13147 = CARTESIAN_POINT('',(0.,0.,3.09));
#13148 = DIRECTION('',(0.,0.,-1.));
#13149 = DIRECTION('',(-1.,0.,0.));
#13150 = ADVANCED_FACE('',(#13151),#13195,.T.);
#13151 = FACE_BOUND('',#13152,.T.);
#13152 = EDGE_LOOP('',(#13153,#13159,#13160,#13166,#13167,#13173,#13174,
    #13180,#13181,#13187,#13188,#13194));
#13153 = ORIENTED_EDGE('',*,*,#13154,.F.);
#13154 = EDGE_CURVE('',#12084,#12388,#13155,.T.);
#13155 = LINE('',#13156,#13157);
#13156 = CARTESIAN_POINT('',(-3.1,1.575,0.));
#13157 = VECTOR('',#13158,1.);
#13158 = DIRECTION('',(0.,-1.,0.));
#13159 = ORIENTED_EDGE('',*,*,#12083,.F.);
#13160 = ORIENTED_EDGE('',*,*,#13161,.F.);
#13161 = EDGE_CURVE('',#11536,#10817,#13162,.T.);
#13162 = LINE('',#13163,#13164);
#13163 = CARTESIAN_POINT('',(-3.5,2.125,0.));
#13164 = VECTOR('',#13165,1.);
#13165 = DIRECTION('',(-1.,0.,0.));
#13166 = ORIENTED_EDGE('',*,*,#12242,.F.);
#13167 = ORIENTED_EDGE('',*,*,#13168,.F.);
#13168 = EDGE_CURVE('',#11455,#10971,#13169,.T.);
#13169 = LINE('',#13170,#13171);
#13170 = CARTESIAN_POINT('',(-3.5,2.125,0.));
#13171 = VECTOR('',#13172,1.);
#13172 = DIRECTION('',(-1.,0.,0.));
#13173 = ORIENTED_EDGE('',*,*,#12259,.F.);
#13174 = ORIENTED_EDGE('',*,*,#13175,.F.);
#13175 = EDGE_CURVE('',#11374,#11125,#13176,.T.);
#13176 = LINE('',#13177,#13178);
#13177 = CARTESIAN_POINT('',(-3.5,2.125,0.));
#13178 = VECTOR('',#13179,1.);
#13179 = DIRECTION('',(-1.,0.,0.));
#13180 = ORIENTED_EDGE('',*,*,#12192,.F.);
#13181 = ORIENTED_EDGE('',*,*,#13182,.F.);
#13182 = EDGE_CURVE('',#11293,#11842,#13183,.T.);
#13183 = LINE('',#13184,#13185);
#13184 = CARTESIAN_POINT('',(-3.5,2.125,0.));
#13185 = VECTOR('',#13186,1.);
#13186 = DIRECTION('',(-1.,0.,0.));
#13187 = ORIENTED_EDGE('',*,*,#12224,.F.);
#13188 = ORIENTED_EDGE('',*,*,#13189,.T.);
#13189 = EDGE_CURVE('',#12217,#12396,#13190,.T.);
#13190 = LINE('',#13191,#13192);
#13191 = CARTESIAN_POINT('',(3.1,1.575,0.));
#13192 = VECTOR('',#13193,1.);
#13193 = DIRECTION('',(0.,-1.,0.));
#13194 = ORIENTED_EDGE('',*,*,#12395,.F.);
#13195 = PLANE('',#13196);
#13196 = AXIS2_PLACEMENT_3D('',#13197,#13198,#13199);
#13197 = CARTESIAN_POINT('',(0.,0.,0.));
#13198 = DIRECTION('',(0.,0.,-1.));
#13199 = DIRECTION('',(-1.,0.,0.));
#13200 = ADVANCED_FACE('',(#13201),#13207,.F.);
#13201 = FACE_BOUND('',#13202,.T.);
#13202 = EDGE_LOOP('',(#13203,#13204,#13205,#13206));
#13203 = ORIENTED_EDGE('',*,*,#12403,.T.);
#13204 = ORIENTED_EDGE('',*,*,#13189,.F.);
#13205 = ORIENTED_EDGE('',*,*,#12216,.F.);
#13206 = ORIENTED_EDGE('',*,*,#13102,.T.);
#13207 = PLANE('',#13208);
#13208 = AXIS2_PLACEMENT_3D('',#13209,#13210,#13211);
#13209 = CARTESIAN_POINT('',(3.1,1.575,0.));
#13210 = DIRECTION('',(-1.,0.,0.));
#13211 = DIRECTION('',(0.,0.,1.));
#13212 = ADVANCED_FACE('',(#13213),#13219,.F.);
#13213 = FACE_BOUND('',#13214,.T.);
#13214 = EDGE_LOOP('',(#13215,#13216,#13217,#13218));
#13215 = ORIENTED_EDGE('',*,*,#12387,.T.);
#13216 = ORIENTED_EDGE('',*,*,#11938,.F.);
#13217 = ORIENTED_EDGE('',*,*,#12091,.F.);
#13218 = ORIENTED_EDGE('',*,*,#13154,.T.);
#13219 = PLANE('',#13220);
#13220 = AXIS2_PLACEMENT_3D('',#13221,#13222,#13223);
#13221 = CARTESIAN_POINT('',(-3.1,1.575,0.));
#13222 = DIRECTION('',(1.,0.,0.));
#13223 = DIRECTION('',(0.,0.,-1.));
#13224 = ADVANCED_FACE('',(#13225),#13231,.F.);
#13225 = FACE_BOUND('',#13226,.T.);
#13226 = EDGE_LOOP('',(#13227,#13228,#13229,#13230));
#13227 = ORIENTED_EDGE('',*,*,#12922,.F.);
#13228 = ORIENTED_EDGE('',*,*,#12628,.F.);
#13229 = ORIENTED_EDGE('',*,*,#12953,.F.);
#13230 = ORIENTED_EDGE('',*,*,#12544,.T.);
#13231 = PLANE('',#13232);
#13232 = AXIS2_PLACEMENT_3D('',#13233,#13234,#13235);
#13233 = CARTESIAN_POINT('',(3.2,1.575,1.795));
#13234 = DIRECTION('',(0.,0.,1.));
#13235 = DIRECTION('',(1.,0.,-0.));
#13236 = ADVANCED_FACE('',(#13237),#13248,.F.);
#13237 = FACE_BOUND('',#13238,.T.);
#13238 = EDGE_LOOP('',(#13239,#13240,#13241,#13247));
#13239 = ORIENTED_EDGE('',*,*,#12333,.F.);
#13240 = ORIENTED_EDGE('',*,*,#12745,.F.);
#13241 = ORIENTED_EDGE('',*,*,#13242,.T.);
#13242 = EDGE_CURVE('',#12738,#12428,#13243,.T.);
#13243 = LINE('',#13244,#13245);
#13244 = CARTESIAN_POINT('',(3.,1.575,0.3));
#13245 = VECTOR('',#13246,1.);
#13246 = DIRECTION('',(0.,-1.,0.));
#13247 = ORIENTED_EDGE('',*,*,#12427,.T.);
#13248 = PLANE('',#13249);
#13249 = AXIS2_PLACEMENT_3D('',#13250,#13251,#13252);
#13250 = CARTESIAN_POINT('',(3.,1.575,0.3));
#13251 = DIRECTION('',(1.,0.,8.673617379884E-16));
#13252 = DIRECTION('',(8.673617379884E-16,0.,-1.));
#13253 = ADVANCED_FACE('',(#13254),#13260,.F.);
#13254 = FACE_BOUND('',#13255,.T.);
#13255 = EDGE_LOOP('',(#13256,#13257,#13258,#13259));
#13256 = ORIENTED_EDGE('',*,*,#12435,.T.);
#13257 = ORIENTED_EDGE('',*,*,#13242,.F.);
#13258 = ORIENTED_EDGE('',*,*,#12737,.F.);
#13259 = ORIENTED_EDGE('',*,*,#13050,.T.);
#13260 = PLANE('',#13261);
#13261 = AXIS2_PLACEMENT_3D('',#13262,#13263,#13264);
#13262 = CARTESIAN_POINT('',(-3.,1.575,0.3));
#13263 = DIRECTION('',(1.264902534566E-16,0.,-1.));
#13264 = DIRECTION('',(-1.,0.,-1.264902534566E-16));
#13265 = ADVANCED_FACE('',(#13266),#13272,.F.);
#13266 = FACE_BOUND('',#13267,.T.);
#13267 = EDGE_LOOP('',(#13268,#13269,#13270,#13271));
#13268 = ORIENTED_EDGE('',*,*,#13009,.F.);
#13269 = ORIENTED_EDGE('',*,*,#12460,.T.);
#13270 = ORIENTED_EDGE('',*,*,#13034,.F.);
#13271 = ORIENTED_EDGE('',*,*,#12712,.F.);
#13272 = PLANE('',#13273);
#13273 = AXIS2_PLACEMENT_3D('',#13274,#13275,#13276);
#13274 = CARTESIAN_POINT('',(-3.,1.575,1.3));
#13275 = DIRECTION('',(0.,0.,-1.));
#13276 = DIRECTION('',(-1.,0.,0.));
#13277 = ADVANCED_FACE('',(#13278),#13289,.F.);
#13278 = FACE_BOUND('',#13279,.T.);
#13279 = EDGE_LOOP('',(#13280,#13281,#13282,#13288));
#13280 = ORIENTED_EDGE('',*,*,#13073,.F.);
#13281 = ORIENTED_EDGE('',*,*,#12661,.F.);
#13282 = ORIENTED_EDGE('',*,*,#13283,.T.);
#13283 = EDGE_CURVE('',#12654,#12512,#13284,.T.);
#13284 = LINE('',#13285,#13286);
#13285 = CARTESIAN_POINT('',(-3.,1.575,2.79));
#13286 = VECTOR('',#13287,1.);
#13287 = DIRECTION('',(0.,-1.,0.));
#13288 = ORIENTED_EDGE('',*,*,#12511,.T.);
#13289 = PLANE('',#13290);
#13290 = AXIS2_PLACEMENT_3D('',#13291,#13292,#13293);
#13291 = CARTESIAN_POINT('',(-3.,1.575,1.795));
#13292 = DIRECTION('',(-1.,0.,-8.717203396868E-16));
#13293 = DIRECTION('',(-8.717203396868E-16,0.,1.));
#13294 = ADVANCED_FACE('',(#13295),#13301,.F.);
#13295 = FACE_BOUND('',#13296,.T.);
#13296 = EDGE_LOOP('',(#13297,#13298,#13299,#13300));
#13297 = ORIENTED_EDGE('',*,*,#12519,.T.);
#13298 = ORIENTED_EDGE('',*,*,#13283,.F.);
#13299 = ORIENTED_EDGE('',*,*,#12653,.F.);
#13300 = ORIENTED_EDGE('',*,*,#12938,.T.);
#13301 = PLANE('',#13302);
#13302 = AXIS2_PLACEMENT_3D('',#13303,#13304,#13305);
#13303 = CARTESIAN_POINT('',(-3.,1.575,2.79));
#13304 = DIRECTION('',(-1.445602896647E-16,0.,1.));
#13305 = DIRECTION('',(1.,0.,1.445602896647E-16));
#13306 = ADVANCED_FACE('',(#13307),#13313,.F.);
#13307 = FACE_BOUND('',#13308,.T.);
#13308 = EDGE_LOOP('',(#13309,#13310,#13311,#13312));
#13309 = ORIENTED_EDGE('',*,*,#13110,.T.);
#13310 = ORIENTED_EDGE('',*,*,#10591,.F.);
#13311 = ORIENTED_EDGE('',*,*,#11976,.F.);
#13312 = ORIENTED_EDGE('',*,*,#12009,.T.);
#13313 = PLANE('',#13314);
#13314 = AXIS2_PLACEMENT_3D('',#13315,#13316,#13317);
#13315 = CARTESIAN_POINT('',(3.12,-2.105,0.));
#13316 = DIRECTION('',(0.,1.,0.));
#13317 = DIRECTION('',(0.,-0.,1.));
#13318 = ADVANCED_FACE('',(#13319),#13325,.F.);
#13319 = FACE_BOUND('',#13320,.T.);
#13320 = EDGE_LOOP('',(#13321,#13322,#13323,#13324));
#13321 = ORIENTED_EDGE('',*,*,#11914,.T.);
#13322 = ORIENTED_EDGE('',*,*,#10678,.F.);
#13323 = ORIENTED_EDGE('',*,*,#12033,.F.);
#13324 = ORIENTED_EDGE('',*,*,#12064,.T.);
#13325 = PLANE('',#13326);
#13326 = AXIS2_PLACEMENT_3D('',#13327,#13328,#13329);
#13327 = CARTESIAN_POINT('',(-3.12,-2.105,0.));
#13328 = DIRECTION('',(-4.336808689942E-15,1.,0.));
#13329 = DIRECTION('',(-1.,-4.336808689942E-15,0.));
#13330 = ADVANCED_FACE('',(#13331),#13347,.F.);
#13331 = FACE_BOUND('',#13332,.T.);
#13332 = EDGE_LOOP('',(#13333,#13334,#13340,#13341));
#13333 = ORIENTED_EDGE('',*,*,#11833,.F.);
#13334 = ORIENTED_EDGE('',*,*,#13335,.F.);
#13335 = EDGE_CURVE('',#11309,#11826,#13336,.T.);
#13336 = LINE('',#13337,#13338);
#13337 = CARTESIAN_POINT('',(1.6,2.855,-2.E-02));
#13338 = VECTOR('',#13339,1.);
#13339 = DIRECTION('',(-1.,0.,0.));
#13340 = ORIENTED_EDGE('',*,*,#11308,.T.);
#13341 = ORIENTED_EDGE('',*,*,#13342,.T.);
#13342 = EDGE_CURVE('',#11301,#11834,#13343,.T.);
#13343 = LINE('',#13344,#13345);
#13344 = CARTESIAN_POINT('',(1.6,2.125,-2.E-02));
#13345 = VECTOR('',#13346,1.);
#13346 = DIRECTION('',(-1.,0.,0.));
#13347 = PLANE('',#13348);
#13348 = AXIS2_PLACEMENT_3D('',#13349,#13350,#13351);
#13349 = CARTESIAN_POINT('',(1.6,2.855,-2.E-02));
#13350 = DIRECTION('',(0.,0.,1.));
#13351 = DIRECTION('',(1.,0.,-0.));
#13352 = ADVANCED_FACE('',(#13353),#13364,.F.);
#13353 = FACE_BOUND('',#13354,.T.);
#13354 = EDGE_LOOP('',(#13355,#13356,#13362,#13363));
#13355 = ORIENTED_EDGE('',*,*,#11825,.T.);
#13356 = ORIENTED_EDGE('',*,*,#13357,.T.);
#13357 = EDGE_CURVE('',#11817,#11317,#13358,.T.);
#13358 = LINE('',#13359,#13360);
#13359 = CARTESIAN_POINT('',(0.,2.855,8.E-02));
#13360 = VECTOR('',#13361,1.);
#13361 = DIRECTION('',(1.,0.,0.));
#13362 = ORIENTED_EDGE('',*,*,#11316,.T.);
#13363 = ORIENTED_EDGE('',*,*,#13335,.T.);
#13364 = PLANE('',#13365);
#13365 = AXIS2_PLACEMENT_3D('',#13366,#13367,#13368);
#13366 = CARTESIAN_POINT('',(0.,2.855,0.));
#13367 = DIRECTION('',(0.,-1.,0.));
#13368 = DIRECTION('',(0.,0.,-1.));
#13369 = ADVANCED_FACE('',(#13370),#13376,.T.);
#13370 = FACE_BOUND('',#13371,.T.);
#13371 = EDGE_LOOP('',(#13372,#13373,#13374,#13375));
#13372 = ORIENTED_EDGE('',*,*,#11300,.F.);
#13373 = ORIENTED_EDGE('',*,*,#13182,.T.);
#13374 = ORIENTED_EDGE('',*,*,#11841,.F.);
#13375 = ORIENTED_EDGE('',*,*,#13342,.F.);
#13376 = PLANE('',#13377);
#13377 = AXIS2_PLACEMENT_3D('',#13378,#13379,#13380);
#13378 = CARTESIAN_POINT('',(0.,2.125,0.));
#13379 = DIRECTION('',(0.,-1.,0.));
#13380 = DIRECTION('',(0.,0.,-1.));
#13381 = ADVANCED_FACE('',(#13382),#13398,.F.);
#13382 = FACE_BOUND('',#13383,.T.);
#13383 = EDGE_LOOP('',(#13384,#13385,#13391,#13392));
#13384 = ORIENTED_EDGE('',*,*,#11116,.F.);
#13385 = ORIENTED_EDGE('',*,*,#13386,.F.);
#13386 = EDGE_CURVE('',#11390,#11109,#13387,.T.);
#13387 = LINE('',#13388,#13389);
#13388 = CARTESIAN_POINT('',(0.6,2.855,-2.E-02));
#13389 = VECTOR('',#13390,1.);
#13390 = DIRECTION('',(-1.,0.,0.));
#13391 = ORIENTED_EDGE('',*,*,#11389,.T.);
#13392 = ORIENTED_EDGE('',*,*,#13393,.T.);
#13393 = EDGE_CURVE('',#11382,#11117,#13394,.T.);
#13394 = LINE('',#13395,#13396);
#13395 = CARTESIAN_POINT('',(0.6,2.125,-2.E-02));
#13396 = VECTOR('',#13397,1.);
#13397 = DIRECTION('',(-1.,0.,0.));
#13398 = PLANE('',#13399);
#13399 = AXIS2_PLACEMENT_3D('',#13400,#13401,#13402);
#13400 = CARTESIAN_POINT('',(0.6,2.855,-2.E-02));
#13401 = DIRECTION('',(0.,0.,1.));
#13402 = DIRECTION('',(1.,0.,-0.));
#13403 = ADVANCED_FACE('',(#13404),#13415,.F.);
#13404 = FACE_BOUND('',#13405,.T.);
#13405 = EDGE_LOOP('',(#13406,#13407,#13413,#13414));
#13406 = ORIENTED_EDGE('',*,*,#11108,.T.);
#13407 = ORIENTED_EDGE('',*,*,#13408,.T.);
#13408 = EDGE_CURVE('',#11100,#11398,#13409,.T.);
#13409 = LINE('',#13410,#13411);
#13410 = CARTESIAN_POINT('',(0.,2.855,8.E-02));
#13411 = VECTOR('',#13412,1.);
#13412 = DIRECTION('',(1.,0.,0.));
#13413 = ORIENTED_EDGE('',*,*,#11397,.T.);
#13414 = ORIENTED_EDGE('',*,*,#13386,.T.);
#13415 = PLANE('',#13416);
#13416 = AXIS2_PLACEMENT_3D('',#13417,#13418,#13419);
#13417 = CARTESIAN_POINT('',(0.,2.855,0.));
#13418 = DIRECTION('',(0.,-1.,0.));
#13419 = DIRECTION('',(0.,0.,-1.));
#13420 = ADVANCED_FACE('',(#13421),#13427,.T.);
#13421 = FACE_BOUND('',#13422,.T.);
#13422 = EDGE_LOOP('',(#13423,#13424,#13425,#13426));
#13423 = ORIENTED_EDGE('',*,*,#11381,.F.);
#13424 = ORIENTED_EDGE('',*,*,#13175,.T.);
#13425 = ORIENTED_EDGE('',*,*,#11124,.F.);
#13426 = ORIENTED_EDGE('',*,*,#13393,.F.);
#13427 = PLANE('',#13428);
#13428 = AXIS2_PLACEMENT_3D('',#13429,#13430,#13431);
#13429 = CARTESIAN_POINT('',(0.,2.125,0.));
#13430 = DIRECTION('',(0.,-1.,0.));
#13431 = DIRECTION('',(0.,0.,-1.));
#13432 = ADVANCED_FACE('',(#13433),#13449,.F.);
#13433 = FACE_BOUND('',#13434,.T.);
#13434 = EDGE_LOOP('',(#13435,#13436,#13442,#13443));
#13435 = ORIENTED_EDGE('',*,*,#10962,.F.);
#13436 = ORIENTED_EDGE('',*,*,#13437,.F.);
#13437 = EDGE_CURVE('',#11471,#10955,#13438,.T.);
#13438 = LINE('',#13439,#13440);
#13439 = CARTESIAN_POINT('',(-0.4,2.855,-2.E-02));
#13440 = VECTOR('',#13441,1.);
#13441 = DIRECTION('',(-1.,0.,0.));
#13442 = ORIENTED_EDGE('',*,*,#11470,.T.);
#13443 = ORIENTED_EDGE('',*,*,#13444,.T.);
#13444 = EDGE_CURVE('',#11463,#10963,#13445,.T.);
#13445 = LINE('',#13446,#13447);
#13446 = CARTESIAN_POINT('',(-0.4,2.125,-2.E-02));
#13447 = VECTOR('',#13448,1.);
#13448 = DIRECTION('',(-1.,0.,0.));
#13449 = PLANE('',#13450);
#13450 = AXIS2_PLACEMENT_3D('',#13451,#13452,#13453);
#13451 = CARTESIAN_POINT('',(-0.4,2.855,-2.E-02));
#13452 = DIRECTION('',(0.,0.,1.));
#13453 = DIRECTION('',(1.,0.,-0.));
#13454 = ADVANCED_FACE('',(#13455),#13466,.F.);
#13455 = FACE_BOUND('',#13456,.T.);
#13456 = EDGE_LOOP('',(#13457,#13458,#13464,#13465));
#13457 = ORIENTED_EDGE('',*,*,#10954,.T.);
#13458 = ORIENTED_EDGE('',*,*,#13459,.T.);
#13459 = EDGE_CURVE('',#10946,#11479,#13460,.T.);
#13460 = LINE('',#13461,#13462);
#13461 = CARTESIAN_POINT('',(0.,2.855,8.E-02));
#13462 = VECTOR('',#13463,1.);
#13463 = DIRECTION('',(1.,0.,0.));
#13464 = ORIENTED_EDGE('',*,*,#11478,.T.);
#13465 = ORIENTED_EDGE('',*,*,#13437,.T.);
#13466 = PLANE('',#13467);
#13467 = AXIS2_PLACEMENT_3D('',#13468,#13469,#13470);
#13468 = CARTESIAN_POINT('',(0.,2.855,0.));
#13469 = DIRECTION('',(0.,-1.,0.));
#13470 = DIRECTION('',(0.,0.,-1.));
#13471 = ADVANCED_FACE('',(#13472),#13478,.T.);
#13472 = FACE_BOUND('',#13473,.T.);
#13473 = EDGE_LOOP('',(#13474,#13475,#13476,#13477));
#13474 = ORIENTED_EDGE('',*,*,#11462,.F.);
#13475 = ORIENTED_EDGE('',*,*,#13168,.T.);
#13476 = ORIENTED_EDGE('',*,*,#10970,.F.);
#13477 = ORIENTED_EDGE('',*,*,#13444,.F.);
#13478 = PLANE('',#13479);
#13479 = AXIS2_PLACEMENT_3D('',#13480,#13481,#13482);
#13480 = CARTESIAN_POINT('',(0.,2.125,0.));
#13481 = DIRECTION('',(0.,-1.,0.));
#13482 = DIRECTION('',(0.,0.,-1.));
#13483 = ADVANCED_FACE('',(#13484),#13500,.F.);
#13484 = FACE_BOUND('',#13485,.T.);
#13485 = EDGE_LOOP('',(#13486,#13487,#13493,#13494));
#13486 = ORIENTED_EDGE('',*,*,#10808,.F.);
#13487 = ORIENTED_EDGE('',*,*,#13488,.F.);
#13488 = EDGE_CURVE('',#11552,#10801,#13489,.T.);
#13489 = LINE('',#13490,#13491);
#13490 = CARTESIAN_POINT('',(-1.4,2.855,-2.E-02));
#13491 = VECTOR('',#13492,1.);
#13492 = DIRECTION('',(-1.,0.,0.));
#13493 = ORIENTED_EDGE('',*,*,#11551,.T.);
#13494 = ORIENTED_EDGE('',*,*,#13495,.T.);
#13495 = EDGE_CURVE('',#11544,#10809,#13496,.T.);
#13496 = LINE('',#13497,#13498);
#13497 = CARTESIAN_POINT('',(-1.4,2.125,-2.E-02));
#13498 = VECTOR('',#13499,1.);
#13499 = DIRECTION('',(-1.,0.,0.));
#13500 = PLANE('',#13501);
#13501 = AXIS2_PLACEMENT_3D('',#13502,#13503,#13504);
#13502 = CARTESIAN_POINT('',(-1.4,2.855,-2.E-02));
#13503 = DIRECTION('',(0.,0.,1.));
#13504 = DIRECTION('',(1.,0.,-0.));
#13505 = ADVANCED_FACE('',(#13506),#13517,.F.);
#13506 = FACE_BOUND('',#13507,.T.);
#13507 = EDGE_LOOP('',(#13508,#13509,#13515,#13516));
#13508 = ORIENTED_EDGE('',*,*,#10800,.T.);
#13509 = ORIENTED_EDGE('',*,*,#13510,.T.);
#13510 = EDGE_CURVE('',#10792,#11560,#13511,.T.);
#13511 = LINE('',#13512,#13513);
#13512 = CARTESIAN_POINT('',(0.,2.855,8.E-02));
#13513 = VECTOR('',#13514,1.);
#13514 = DIRECTION('',(1.,0.,0.));
#13515 = ORIENTED_EDGE('',*,*,#11559,.T.);
#13516 = ORIENTED_EDGE('',*,*,#13488,.T.);
#13517 = PLANE('',#13518);
#13518 = AXIS2_PLACEMENT_3D('',#13519,#13520,#13521);
#13519 = CARTESIAN_POINT('',(0.,2.855,0.));
#13520 = DIRECTION('',(0.,-1.,0.));
#13521 = DIRECTION('',(0.,0.,-1.));
#13522 = ADVANCED_FACE('',(#13523),#13529,.T.);
#13523 = FACE_BOUND('',#13524,.T.);
#13524 = EDGE_LOOP('',(#13525,#13526,#13527,#13528));
#13525 = ORIENTED_EDGE('',*,*,#11543,.F.);
#13526 = ORIENTED_EDGE('',*,*,#13161,.T.);
#13527 = ORIENTED_EDGE('',*,*,#10816,.F.);
#13528 = ORIENTED_EDGE('',*,*,#13495,.F.);
#13529 = PLANE('',#13530);
#13530 = AXIS2_PLACEMENT_3D('',#13531,#13532,#13533);
#13531 = CARTESIAN_POINT('',(0.,2.125,0.));
#13532 = DIRECTION('',(0.,-1.,0.));
#13533 = DIRECTION('',(0.,0.,-1.));
#13534 = ADVANCED_FACE('',(#13535),#13541,.T.);
#13535 = FACE_BOUND('',#13536,.T.);
#13536 = EDGE_LOOP('',(#13537,#13538,#13539,#13540));
#13537 = ORIENTED_EDGE('',*,*,#11567,.F.);
#13538 = ORIENTED_EDGE('',*,*,#13510,.F.);
#13539 = ORIENTED_EDGE('',*,*,#10791,.F.);
#13540 = ORIENTED_EDGE('',*,*,#11890,.F.);
#13541 = CYLINDRICAL_SURFACE('',#13542,0.2);
#13542 = AXIS2_PLACEMENT_3D('',#13543,#13544,#13545);
#13543 = CARTESIAN_POINT('',(-1.4,2.655,8.E-02));
#13544 = DIRECTION('',(-1.,0.,0.));
#13545 = DIRECTION('',(0.,0.,1.));
#13546 = ADVANCED_FACE('',(#13547),#13553,.T.);
#13547 = FACE_BOUND('',#13548,.T.);
#13548 = EDGE_LOOP('',(#13549,#13550,#13551,#13552));
#13549 = ORIENTED_EDGE('',*,*,#11486,.F.);
#13550 = ORIENTED_EDGE('',*,*,#13459,.F.);
#13551 = ORIENTED_EDGE('',*,*,#10945,.F.);
#13552 = ORIENTED_EDGE('',*,*,#11791,.F.);
#13553 = CYLINDRICAL_SURFACE('',#13554,0.2);
#13554 = AXIS2_PLACEMENT_3D('',#13555,#13556,#13557);
#13555 = CARTESIAN_POINT('',(-0.4,2.655,8.E-02));
#13556 = DIRECTION('',(-1.,0.,0.));
#13557 = DIRECTION('',(0.,0.,1.));
#13558 = ADVANCED_FACE('',(#13559),#13565,.T.);
#13559 = FACE_BOUND('',#13560,.T.);
#13560 = EDGE_LOOP('',(#13561,#13562,#13563,#13564));
#13561 = ORIENTED_EDGE('',*,*,#11405,.F.);
#13562 = ORIENTED_EDGE('',*,*,#13408,.F.);
#13563 = ORIENTED_EDGE('',*,*,#11099,.F.);
#13564 = ORIENTED_EDGE('',*,*,#11774,.F.);
#13565 = CYLINDRICAL_SURFACE('',#13566,0.2);
#13566 = AXIS2_PLACEMENT_3D('',#13567,#13568,#13569);
#13567 = CARTESIAN_POINT('',(0.6,2.655,8.E-02));
#13568 = DIRECTION('',(-1.,0.,0.));
#13569 = DIRECTION('',(0.,0.,1.));
#13570 = ADVANCED_FACE('',(#13571),#13577,.T.);
#13571 = FACE_BOUND('',#13572,.T.);
#13572 = EDGE_LOOP('',(#13573,#13574,#13575,#13576));
#13573 = ORIENTED_EDGE('',*,*,#11324,.F.);
#13574 = ORIENTED_EDGE('',*,*,#13357,.F.);
#13575 = ORIENTED_EDGE('',*,*,#11816,.F.);
#13576 = ORIENTED_EDGE('',*,*,#11873,.F.);
#13577 = CYLINDRICAL_SURFACE('',#13578,0.2);
#13578 = AXIS2_PLACEMENT_3D('',#13579,#13580,#13581);
#13579 = CARTESIAN_POINT('',(1.6,2.655,8.E-02));
#13580 = DIRECTION('',(-1.,0.,0.));
#13581 = DIRECTION('',(0.,0.,1.));
#13582 = ADVANCED_FACE('',(#13583),#13608,.F.);
#13583 = FACE_BOUND('',#13584,.T.);
#13584 = EDGE_LOOP('',(#13585,#13593,#13601,#13607));
#13585 = ORIENTED_EDGE('',*,*,#13586,.F.);
#13586 = EDGE_CURVE('',#13587,#12860,#13589,.T.);
#13587 = VERTEX_POINT('',#13588);
#13588 = CARTESIAN_POINT('',(-0.4,-1.875,1.6475));
#13589 = LINE('',#13590,#13591);
#13590 = CARTESIAN_POINT('',(-0.4,-1.925,1.6475));
#13591 = VECTOR('',#13592,1.);
#13592 = DIRECTION('',(0.,1.,0.));
#13593 = ORIENTED_EDGE('',*,*,#13594,.T.);
#13594 = EDGE_CURVE('',#13587,#13595,#13597,.T.);
#13595 = VERTEX_POINT('',#13596);
#13596 = CARTESIAN_POINT('',(-0.4,-1.875,1.4475));
#13597 = LINE('',#13598,#13599);
#13598 = CARTESIAN_POINT('',(-0.4,-1.875,1.4475));
#13599 = VECTOR('',#13600,1.);
#13600 = DIRECTION('',(2.710505431214E-16,0.,-1.));
#13601 = ORIENTED_EDGE('',*,*,#13602,.T.);
#13602 = EDGE_CURVE('',#13595,#12858,#13603,.T.);
#13603 = LINE('',#13604,#13605);
#13604 = CARTESIAN_POINT('',(-0.4,-1.925,1.4475));
#13605 = VECTOR('',#13606,1.);
#13606 = DIRECTION('',(0.,1.,0.));
#13607 = ORIENTED_EDGE('',*,*,#12857,.T.);
#13608 = PLANE('',#13609);
#13609 = AXIS2_PLACEMENT_3D('',#13610,#13611,#13612);
#13610 = CARTESIAN_POINT('',(-0.4,-1.925,1.4475));
#13611 = DIRECTION('',(-1.,0.,-2.710505431214E-16));
#13612 = DIRECTION('',(-2.710505431214E-16,0.,1.));
#13613 = ADVANCED_FACE('',(#13614),#13632,.F.);
#13614 = FACE_BOUND('',#13615,.T.);
#13615 = EDGE_LOOP('',(#13616,#13624,#13630,#13631));
#13616 = ORIENTED_EDGE('',*,*,#13617,.F.);
#13617 = EDGE_CURVE('',#13618,#12876,#13620,.T.);
#13618 = VERTEX_POINT('',#13619);
#13619 = CARTESIAN_POINT('',(-0.6,-1.875,1.6475));
#13620 = LINE('',#13621,#13622);
#13621 = CARTESIAN_POINT('',(-0.6,-1.925,1.6475));
#13622 = VECTOR('',#13623,1.);
#13623 = DIRECTION('',(0.,1.,0.));
#13624 = ORIENTED_EDGE('',*,*,#13625,.T.);
#13625 = EDGE_CURVE('',#13618,#13587,#13626,.T.);
#13626 = LINE('',#13627,#13628);
#13627 = CARTESIAN_POINT('',(-0.6,-1.875,1.6475));
#13628 = VECTOR('',#13629,1.);
#13629 = DIRECTION('',(1.,0.,0.));
#13630 = ORIENTED_EDGE('',*,*,#13586,.T.);
#13631 = ORIENTED_EDGE('',*,*,#12883,.T.);
#13632 = PLANE('',#13633);
#13633 = AXIS2_PLACEMENT_3D('',#13634,#13635,#13636);
#13634 = CARTESIAN_POINT('',(-0.6,-1.925,1.6475));
#13635 = DIRECTION('',(0.,0.,-1.));
#13636 = DIRECTION('',(-1.,0.,0.));
#13637 = ADVANCED_FACE('',(#13638),#13656,.F.);
#13638 = FACE_BOUND('',#13639,.T.);
#13639 = EDGE_LOOP('',(#13640,#13648,#13654,#13655));
#13640 = ORIENTED_EDGE('',*,*,#13641,.F.);
#13641 = EDGE_CURVE('',#13642,#12868,#13644,.T.);
#13642 = VERTEX_POINT('',#13643);
#13643 = CARTESIAN_POINT('',(-0.6,-1.875,1.4475));
#13644 = LINE('',#13645,#13646);
#13645 = CARTESIAN_POINT('',(-0.6,-1.925,1.4475));
#13646 = VECTOR('',#13647,1.);
#13647 = DIRECTION('',(0.,1.,0.));
#13648 = ORIENTED_EDGE('',*,*,#13649,.T.);
#13649 = EDGE_CURVE('',#13642,#13618,#13650,.T.);
#13650 = LINE('',#13651,#13652);
#13651 = CARTESIAN_POINT('',(-0.6,-1.875,1.4475));
#13652 = VECTOR('',#13653,1.);
#13653 = DIRECTION('',(0.,0.,1.));
#13654 = ORIENTED_EDGE('',*,*,#13617,.T.);
#13655 = ORIENTED_EDGE('',*,*,#12875,.T.);
#13656 = PLANE('',#13657);
#13657 = AXIS2_PLACEMENT_3D('',#13658,#13659,#13660);
#13658 = CARTESIAN_POINT('',(-0.6,-1.925,1.4475));
#13659 = DIRECTION('',(1.,0.,0.));
#13660 = DIRECTION('',(0.,0.,-1.));
#13661 = ADVANCED_FACE('',(#13662),#13673,.F.);
#13662 = FACE_BOUND('',#13663,.T.);
#13663 = EDGE_LOOP('',(#13664,#13665,#13671,#13672));
#13664 = ORIENTED_EDGE('',*,*,#13602,.F.);
#13665 = ORIENTED_EDGE('',*,*,#13666,.T.);
#13666 = EDGE_CURVE('',#13595,#13642,#13667,.T.);
#13667 = LINE('',#13668,#13669);
#13668 = CARTESIAN_POINT('',(-0.6,-1.875,1.4475));
#13669 = VECTOR('',#13670,1.);
#13670 = DIRECTION('',(-1.,0.,0.));
#13671 = ORIENTED_EDGE('',*,*,#13641,.T.);
#13672 = ORIENTED_EDGE('',*,*,#12867,.T.);
#13673 = PLANE('',#13674);
#13674 = AXIS2_PLACEMENT_3D('',#13675,#13676,#13677);
#13675 = CARTESIAN_POINT('',(-0.6,-1.925,1.4475));
#13676 = DIRECTION('',(0.,0.,1.));
#13677 = DIRECTION('',(1.,0.,-0.));
#13678 = ADVANCED_FACE('',(#13679),#13713,.F.);
#13679 = FACE_BOUND('',#13680,.T.);
#13680 = EDGE_LOOP('',(#13681,#13691,#13699,#13707));
#13681 = ORIENTED_EDGE('',*,*,#13682,.T.);
#13682 = EDGE_CURVE('',#13683,#13685,#13687,.T.);
#13683 = VERTEX_POINT('',#13684);
#13684 = CARTESIAN_POINT('',(-0.45,-1.925,1.5975));
#13685 = VERTEX_POINT('',#13686);
#13686 = CARTESIAN_POINT('',(-0.55,-1.925,1.5975));
#13687 = LINE('',#13688,#13689);
#13688 = CARTESIAN_POINT('',(0.,-1.925,1.5975));
#13689 = VECTOR('',#13690,1.);
#13690 = DIRECTION('',(-1.,0.,0.));
#13691 = ORIENTED_EDGE('',*,*,#13692,.T.);
#13692 = EDGE_CURVE('',#13685,#13693,#13695,.T.);
#13693 = VERTEX_POINT('',#13694);
#13694 = CARTESIAN_POINT('',(-0.55,-1.925,1.4975));
#13695 = LINE('',#13696,#13697);
#13696 = CARTESIAN_POINT('',(-0.55,-1.925,0.));
#13697 = VECTOR('',#13698,1.);
#13698 = DIRECTION('',(0.,0.,-1.));
#13699 = ORIENTED_EDGE('',*,*,#13700,.T.);
#13700 = EDGE_CURVE('',#13693,#13701,#13703,.T.);
#13701 = VERTEX_POINT('',#13702);
#13702 = CARTESIAN_POINT('',(-0.45,-1.925,1.4975));
#13703 = LINE('',#13704,#13705);
#13704 = CARTESIAN_POINT('',(0.,-1.925,1.4975));
#13705 = VECTOR('',#13706,1.);
#13706 = DIRECTION('',(1.,0.,0.));
#13707 = ORIENTED_EDGE('',*,*,#13708,.T.);
#13708 = EDGE_CURVE('',#13701,#13683,#13709,.T.);
#13709 = LINE('',#13710,#13711);
#13710 = CARTESIAN_POINT('',(-0.45,-1.925,-1.219727444046E-16));
#13711 = VECTOR('',#13712,1.);
#13712 = DIRECTION('',(-2.710505431214E-16,0.,1.));
#13713 = PLANE('',#13714);
#13714 = AXIS2_PLACEMENT_3D('',#13715,#13716,#13717);
#13715 = CARTESIAN_POINT('',(0.,-1.925,0.));
#13716 = DIRECTION('',(0.,1.,0.));
#13717 = DIRECTION('',(0.,-0.,1.));
#13718 = ADVANCED_FACE('',(#13719),#13744,.F.);
#13719 = FACE_BOUND('',#13720,.T.);
#13720 = EDGE_LOOP('',(#13721,#13729,#13737,#13743));
#13721 = ORIENTED_EDGE('',*,*,#13722,.F.);
#13722 = EDGE_CURVE('',#13723,#12758,#13725,.T.);
#13723 = VERTEX_POINT('',#13724);
#13724 = CARTESIAN_POINT('',(-1.4,-1.875,1.6475));
#13725 = LINE('',#13726,#13727);
#13726 = CARTESIAN_POINT('',(-1.4,-1.925,1.6475));
#13727 = VECTOR('',#13728,1.);
#13728 = DIRECTION('',(0.,1.,0.));
#13729 = ORIENTED_EDGE('',*,*,#13730,.T.);
#13730 = EDGE_CURVE('',#13723,#13731,#13733,.T.);
#13731 = VERTEX_POINT('',#13732);
#13732 = CARTESIAN_POINT('',(-1.4,-1.875,1.4475));
#13733 = LINE('',#13734,#13735);
#13734 = CARTESIAN_POINT('',(-1.4,-1.875,1.4475));
#13735 = VECTOR('',#13736,1.);
#13736 = DIRECTION('',(0.,0.,-1.));
#13737 = ORIENTED_EDGE('',*,*,#13738,.T.);
#13738 = EDGE_CURVE('',#13731,#12756,#13739,.T.);
#13739 = LINE('',#13740,#13741);
#13740 = CARTESIAN_POINT('',(-1.4,-1.925,1.4475));
#13741 = VECTOR('',#13742,1.);
#13742 = DIRECTION('',(0.,1.,0.));
#13743 = ORIENTED_EDGE('',*,*,#12755,.T.);
#13744 = PLANE('',#13745);
#13745 = AXIS2_PLACEMENT_3D('',#13746,#13747,#13748);
#13746 = CARTESIAN_POINT('',(-1.4,-1.925,1.4475));
#13747 = DIRECTION('',(-1.,0.,0.));
#13748 = DIRECTION('',(0.,0.,1.));
#13749 = ADVANCED_FACE('',(#13750),#13768,.F.);
#13750 = FACE_BOUND('',#13751,.T.);
#13751 = EDGE_LOOP('',(#13752,#13760,#13766,#13767));
#13752 = ORIENTED_EDGE('',*,*,#13753,.F.);
#13753 = EDGE_CURVE('',#13754,#12774,#13756,.T.);
#13754 = VERTEX_POINT('',#13755);
#13755 = CARTESIAN_POINT('',(-1.6,-1.875,1.6475));
#13756 = LINE('',#13757,#13758);
#13757 = CARTESIAN_POINT('',(-1.6,-1.925,1.6475));
#13758 = VECTOR('',#13759,1.);
#13759 = DIRECTION('',(0.,1.,0.));
#13760 = ORIENTED_EDGE('',*,*,#13761,.T.);
#13761 = EDGE_CURVE('',#13754,#13723,#13762,.T.);
#13762 = LINE('',#13763,#13764);
#13763 = CARTESIAN_POINT('',(-1.6,-1.875,1.6475));
#13764 = VECTOR('',#13765,1.);
#13765 = DIRECTION('',(1.,0.,0.));
#13766 = ORIENTED_EDGE('',*,*,#13722,.T.);
#13767 = ORIENTED_EDGE('',*,*,#12781,.T.);
#13768 = PLANE('',#13769);
#13769 = AXIS2_PLACEMENT_3D('',#13770,#13771,#13772);
#13770 = CARTESIAN_POINT('',(-1.6,-1.925,1.6475));
#13771 = DIRECTION('',(0.,0.,-1.));
#13772 = DIRECTION('',(-1.,0.,0.));
#13773 = ADVANCED_FACE('',(#13774),#13792,.F.);
#13774 = FACE_BOUND('',#13775,.T.);
#13775 = EDGE_LOOP('',(#13776,#13784,#13790,#13791));
#13776 = ORIENTED_EDGE('',*,*,#13777,.F.);
#13777 = EDGE_CURVE('',#13778,#12766,#13780,.T.);
#13778 = VERTEX_POINT('',#13779);
#13779 = CARTESIAN_POINT('',(-1.6,-1.875,1.4475));
#13780 = LINE('',#13781,#13782);
#13781 = CARTESIAN_POINT('',(-1.6,-1.925,1.4475));
#13782 = VECTOR('',#13783,1.);
#13783 = DIRECTION('',(0.,1.,0.));
#13784 = ORIENTED_EDGE('',*,*,#13785,.T.);
#13785 = EDGE_CURVE('',#13778,#13754,#13786,.T.);
#13786 = LINE('',#13787,#13788);
#13787 = CARTESIAN_POINT('',(-1.6,-1.875,1.4475));
#13788 = VECTOR('',#13789,1.);
#13789 = DIRECTION('',(0.,0.,1.));
#13790 = ORIENTED_EDGE('',*,*,#13753,.T.);
#13791 = ORIENTED_EDGE('',*,*,#12773,.T.);
#13792 = PLANE('',#13793);
#13793 = AXIS2_PLACEMENT_3D('',#13794,#13795,#13796);
#13794 = CARTESIAN_POINT('',(-1.6,-1.925,1.4475));
#13795 = DIRECTION('',(1.,0.,0.));
#13796 = DIRECTION('',(0.,0.,-1.));
#13797 = ADVANCED_FACE('',(#13798),#13809,.F.);
#13798 = FACE_BOUND('',#13799,.T.);
#13799 = EDGE_LOOP('',(#13800,#13801,#13807,#13808));
#13800 = ORIENTED_EDGE('',*,*,#13738,.F.);
#13801 = ORIENTED_EDGE('',*,*,#13802,.T.);
#13802 = EDGE_CURVE('',#13731,#13778,#13803,.T.);
#13803 = LINE('',#13804,#13805);
#13804 = CARTESIAN_POINT('',(-1.6,-1.875,1.4475));
#13805 = VECTOR('',#13806,1.);
#13806 = DIRECTION('',(-1.,0.,0.));
#13807 = ORIENTED_EDGE('',*,*,#13777,.T.);
#13808 = ORIENTED_EDGE('',*,*,#12765,.T.);
#13809 = PLANE('',#13810);
#13810 = AXIS2_PLACEMENT_3D('',#13811,#13812,#13813);
#13811 = CARTESIAN_POINT('',(-1.6,-1.925,1.4475));
#13812 = DIRECTION('',(0.,0.,1.));
#13813 = DIRECTION('',(1.,0.,-0.));
#13814 = ADVANCED_FACE('',(#13815),#13849,.F.);
#13815 = FACE_BOUND('',#13816,.T.);
#13816 = EDGE_LOOP('',(#13817,#13827,#13835,#13843));
#13817 = ORIENTED_EDGE('',*,*,#13818,.T.);
#13818 = EDGE_CURVE('',#13819,#13821,#13823,.T.);
#13819 = VERTEX_POINT('',#13820);
#13820 = CARTESIAN_POINT('',(-1.45,-1.925,1.4975));
#13821 = VERTEX_POINT('',#13822);
#13822 = CARTESIAN_POINT('',(-1.45,-1.925,1.5975));
#13823 = LINE('',#13824,#13825);
#13824 = CARTESIAN_POINT('',(-1.45,-1.925,0.));
#13825 = VECTOR('',#13826,1.);
#13826 = DIRECTION('',(0.,0.,1.));
#13827 = ORIENTED_EDGE('',*,*,#13828,.T.);
#13828 = EDGE_CURVE('',#13821,#13829,#13831,.T.);
#13829 = VERTEX_POINT('',#13830);
#13830 = CARTESIAN_POINT('',(-1.55,-1.925,1.5975));
#13831 = LINE('',#13832,#13833);
#13832 = CARTESIAN_POINT('',(0.,-1.925,1.5975));
#13833 = VECTOR('',#13834,1.);
#13834 = DIRECTION('',(-1.,0.,0.));
#13835 = ORIENTED_EDGE('',*,*,#13836,.T.);
#13836 = EDGE_CURVE('',#13829,#13837,#13839,.T.);
#13837 = VERTEX_POINT('',#13838);
#13838 = CARTESIAN_POINT('',(-1.55,-1.925,1.4975));
#13839 = LINE('',#13840,#13841);
#13840 = CARTESIAN_POINT('',(-1.55,-1.925,0.));
#13841 = VECTOR('',#13842,1.);
#13842 = DIRECTION('',(0.,0.,-1.));
#13843 = ORIENTED_EDGE('',*,*,#13844,.T.);
#13844 = EDGE_CURVE('',#13837,#13819,#13845,.T.);
#13845 = LINE('',#13846,#13847);
#13846 = CARTESIAN_POINT('',(0.,-1.925,1.4975));
#13847 = VECTOR('',#13848,1.);
#13848 = DIRECTION('',(1.,0.,0.));
#13849 = PLANE('',#13850);
#13850 = AXIS2_PLACEMENT_3D('',#13851,#13852,#13853);
#13851 = CARTESIAN_POINT('',(0.,-1.925,0.));
#13852 = DIRECTION('',(0.,1.,0.));
#13853 = DIRECTION('',(0.,-0.,1.));
#13854 = ADVANCED_FACE('',(#13855),#13880,.F.);
#13855 = FACE_BOUND('',#13856,.T.);
#13856 = EDGE_LOOP('',(#13857,#13865,#13873,#13879));
#13857 = ORIENTED_EDGE('',*,*,#13858,.F.);
#13858 = EDGE_CURVE('',#13859,#12826,#13861,.T.);
#13859 = VERTEX_POINT('',#13860);
#13860 = CARTESIAN_POINT('',(0.6,-1.875,1.6475));
#13861 = LINE('',#13862,#13863);
#13862 = CARTESIAN_POINT('',(0.6,-1.925,1.6475));
#13863 = VECTOR('',#13864,1.);
#13864 = DIRECTION('',(0.,1.,0.));
#13865 = ORIENTED_EDGE('',*,*,#13866,.T.);
#13866 = EDGE_CURVE('',#13859,#13867,#13869,.T.);
#13867 = VERTEX_POINT('',#13868);
#13868 = CARTESIAN_POINT('',(0.6,-1.875,1.4475));
#13869 = LINE('',#13870,#13871);
#13870 = CARTESIAN_POINT('',(0.6,-1.875,1.4475));
#13871 = VECTOR('',#13872,1.);
#13872 = DIRECTION('',(0.,0.,-1.));
#13873 = ORIENTED_EDGE('',*,*,#13874,.T.);
#13874 = EDGE_CURVE('',#13867,#12824,#13875,.T.);
#13875 = LINE('',#13876,#13877);
#13876 = CARTESIAN_POINT('',(0.6,-1.925,1.4475));
#13877 = VECTOR('',#13878,1.);
#13878 = DIRECTION('',(0.,1.,0.));
#13879 = ORIENTED_EDGE('',*,*,#12823,.T.);
#13880 = PLANE('',#13881);
#13881 = AXIS2_PLACEMENT_3D('',#13882,#13883,#13884);
#13882 = CARTESIAN_POINT('',(0.6,-1.925,1.4475));
#13883 = DIRECTION('',(-1.,0.,0.));
#13884 = DIRECTION('',(0.,0.,1.));
#13885 = ADVANCED_FACE('',(#13886),#13904,.F.);
#13886 = FACE_BOUND('',#13887,.T.);
#13887 = EDGE_LOOP('',(#13888,#13896,#13902,#13903));
#13888 = ORIENTED_EDGE('',*,*,#13889,.F.);
#13889 = EDGE_CURVE('',#13890,#12842,#13892,.T.);
#13890 = VERTEX_POINT('',#13891);
#13891 = CARTESIAN_POINT('',(0.4,-1.875,1.6475));
#13892 = LINE('',#13893,#13894);
#13893 = CARTESIAN_POINT('',(0.4,-1.925,1.6475));
#13894 = VECTOR('',#13895,1.);
#13895 = DIRECTION('',(0.,1.,0.));
#13896 = ORIENTED_EDGE('',*,*,#13897,.T.);
#13897 = EDGE_CURVE('',#13890,#13859,#13898,.T.);
#13898 = LINE('',#13899,#13900);
#13899 = CARTESIAN_POINT('',(0.4,-1.875,1.6475));
#13900 = VECTOR('',#13901,1.);
#13901 = DIRECTION('',(1.,0.,0.));
#13902 = ORIENTED_EDGE('',*,*,#13858,.T.);
#13903 = ORIENTED_EDGE('',*,*,#12849,.T.);
#13904 = PLANE('',#13905);
#13905 = AXIS2_PLACEMENT_3D('',#13906,#13907,#13908);
#13906 = CARTESIAN_POINT('',(0.4,-1.925,1.6475));
#13907 = DIRECTION('',(0.,0.,-1.));
#13908 = DIRECTION('',(-1.,0.,0.));
#13909 = ADVANCED_FACE('',(#13910),#13928,.F.);
#13910 = FACE_BOUND('',#13911,.T.);
#13911 = EDGE_LOOP('',(#13912,#13920,#13926,#13927));
#13912 = ORIENTED_EDGE('',*,*,#13913,.F.);
#13913 = EDGE_CURVE('',#13914,#12834,#13916,.T.);
#13914 = VERTEX_POINT('',#13915);
#13915 = CARTESIAN_POINT('',(0.4,-1.875,1.4475));
#13916 = LINE('',#13917,#13918);
#13917 = CARTESIAN_POINT('',(0.4,-1.925,1.4475));
#13918 = VECTOR('',#13919,1.);
#13919 = DIRECTION('',(0.,1.,0.));
#13920 = ORIENTED_EDGE('',*,*,#13921,.T.);
#13921 = EDGE_CURVE('',#13914,#13890,#13922,.T.);
#13922 = LINE('',#13923,#13924);
#13923 = CARTESIAN_POINT('',(0.4,-1.875,1.4475));
#13924 = VECTOR('',#13925,1.);
#13925 = DIRECTION('',(0.,0.,1.));
#13926 = ORIENTED_EDGE('',*,*,#13889,.T.);
#13927 = ORIENTED_EDGE('',*,*,#12841,.T.);
#13928 = PLANE('',#13929);
#13929 = AXIS2_PLACEMENT_3D('',#13930,#13931,#13932);
#13930 = CARTESIAN_POINT('',(0.4,-1.925,1.4475));
#13931 = DIRECTION('',(1.,0.,0.));
#13932 = DIRECTION('',(0.,0.,-1.));
#13933 = ADVANCED_FACE('',(#13934),#13945,.F.);
#13934 = FACE_BOUND('',#13935,.T.);
#13935 = EDGE_LOOP('',(#13936,#13937,#13943,#13944));
#13936 = ORIENTED_EDGE('',*,*,#13874,.F.);
#13937 = ORIENTED_EDGE('',*,*,#13938,.T.);
#13938 = EDGE_CURVE('',#13867,#13914,#13939,.T.);
#13939 = LINE('',#13940,#13941);
#13940 = CARTESIAN_POINT('',(0.4,-1.875,1.4475));
#13941 = VECTOR('',#13942,1.);
#13942 = DIRECTION('',(-1.,0.,0.));
#13943 = ORIENTED_EDGE('',*,*,#13913,.T.);
#13944 = ORIENTED_EDGE('',*,*,#12833,.T.);
#13945 = PLANE('',#13946);
#13946 = AXIS2_PLACEMENT_3D('',#13947,#13948,#13949);
#13947 = CARTESIAN_POINT('',(0.4,-1.925,1.4475));
#13948 = DIRECTION('',(0.,0.,1.));
#13949 = DIRECTION('',(1.,0.,-0.));
#13950 = ADVANCED_FACE('',(#13951),#13985,.F.);
#13951 = FACE_BOUND('',#13952,.T.);
#13952 = EDGE_LOOP('',(#13953,#13963,#13971,#13979));
#13953 = ORIENTED_EDGE('',*,*,#13954,.T.);
#13954 = EDGE_CURVE('',#13955,#13957,#13959,.T.);
#13955 = VERTEX_POINT('',#13956);
#13956 = CARTESIAN_POINT('',(0.45,-1.925,1.5975));
#13957 = VERTEX_POINT('',#13958);
#13958 = CARTESIAN_POINT('',(0.45,-1.925,1.4975));
#13959 = LINE('',#13960,#13961);
#13960 = CARTESIAN_POINT('',(0.45,-1.925,0.));
#13961 = VECTOR('',#13962,1.);
#13962 = DIRECTION('',(0.,0.,-1.));
#13963 = ORIENTED_EDGE('',*,*,#13964,.T.);
#13964 = EDGE_CURVE('',#13957,#13965,#13967,.T.);
#13965 = VERTEX_POINT('',#13966);
#13966 = CARTESIAN_POINT('',(0.55,-1.925,1.4975));
#13967 = LINE('',#13968,#13969);
#13968 = CARTESIAN_POINT('',(0.,-1.925,1.4975));
#13969 = VECTOR('',#13970,1.);
#13970 = DIRECTION('',(1.,0.,0.));
#13971 = ORIENTED_EDGE('',*,*,#13972,.T.);
#13972 = EDGE_CURVE('',#13965,#13973,#13975,.T.);
#13973 = VERTEX_POINT('',#13974);
#13974 = CARTESIAN_POINT('',(0.55,-1.925,1.5975));
#13975 = LINE('',#13976,#13977);
#13976 = CARTESIAN_POINT('',(0.55,-1.925,0.));
#13977 = VECTOR('',#13978,1.);
#13978 = DIRECTION('',(0.,0.,1.));
#13979 = ORIENTED_EDGE('',*,*,#13980,.T.);
#13980 = EDGE_CURVE('',#13973,#13955,#13981,.T.);
#13981 = LINE('',#13982,#13983);
#13982 = CARTESIAN_POINT('',(0.,-1.925,1.5975));
#13983 = VECTOR('',#13984,1.);
#13984 = DIRECTION('',(-1.,0.,0.));
#13985 = PLANE('',#13986);
#13986 = AXIS2_PLACEMENT_3D('',#13987,#13988,#13989);
#13987 = CARTESIAN_POINT('',(0.,-1.925,0.));
#13988 = DIRECTION('',(0.,1.,0.));
#13989 = DIRECTION('',(0.,-0.,1.));
#13990 = ADVANCED_FACE('',(#13991),#14016,.F.);
#13991 = FACE_BOUND('',#13992,.T.);
#13992 = EDGE_LOOP('',(#13993,#14001,#14009,#14015));
#13993 = ORIENTED_EDGE('',*,*,#13994,.F.);
#13994 = EDGE_CURVE('',#13995,#12792,#13997,.T.);
#13995 = VERTEX_POINT('',#13996);
#13996 = CARTESIAN_POINT('',(1.6,-1.875,1.6475));
#13997 = LINE('',#13998,#13999);
#13998 = CARTESIAN_POINT('',(1.6,-1.925,1.6475));
#13999 = VECTOR('',#14000,1.);
#14000 = DIRECTION('',(0.,1.,0.));
#14001 = ORIENTED_EDGE('',*,*,#14002,.T.);
#14002 = EDGE_CURVE('',#13995,#14003,#14005,.T.);
#14003 = VERTEX_POINT('',#14004);
#14004 = CARTESIAN_POINT('',(1.6,-1.875,1.4475));
#14005 = LINE('',#14006,#14007);
#14006 = CARTESIAN_POINT('',(1.6,-1.875,1.4475));
#14007 = VECTOR('',#14008,1.);
#14008 = DIRECTION('',(0.,0.,-1.));
#14009 = ORIENTED_EDGE('',*,*,#14010,.T.);
#14010 = EDGE_CURVE('',#14003,#12790,#14011,.T.);
#14011 = LINE('',#14012,#14013);
#14012 = CARTESIAN_POINT('',(1.6,-1.925,1.4475));
#14013 = VECTOR('',#14014,1.);
#14014 = DIRECTION('',(0.,1.,0.));
#14015 = ORIENTED_EDGE('',*,*,#12789,.T.);
#14016 = PLANE('',#14017);
#14017 = AXIS2_PLACEMENT_3D('',#14018,#14019,#14020);
#14018 = CARTESIAN_POINT('',(1.6,-1.925,1.4475));
#14019 = DIRECTION('',(-1.,0.,0.));
#14020 = DIRECTION('',(0.,0.,1.));
#14021 = ADVANCED_FACE('',(#14022),#14040,.F.);
#14022 = FACE_BOUND('',#14023,.T.);
#14023 = EDGE_LOOP('',(#14024,#14032,#14038,#14039));
#14024 = ORIENTED_EDGE('',*,*,#14025,.F.);
#14025 = EDGE_CURVE('',#14026,#12808,#14028,.T.);
#14026 = VERTEX_POINT('',#14027);
#14027 = CARTESIAN_POINT('',(1.4,-1.875,1.6475));
#14028 = LINE('',#14029,#14030);
#14029 = CARTESIAN_POINT('',(1.4,-1.925,1.6475));
#14030 = VECTOR('',#14031,1.);
#14031 = DIRECTION('',(0.,1.,0.));
#14032 = ORIENTED_EDGE('',*,*,#14033,.T.);
#14033 = EDGE_CURVE('',#14026,#13995,#14034,.T.);
#14034 = LINE('',#14035,#14036);
#14035 = CARTESIAN_POINT('',(1.4,-1.875,1.6475));
#14036 = VECTOR('',#14037,1.);
#14037 = DIRECTION('',(1.,0.,0.));
#14038 = ORIENTED_EDGE('',*,*,#13994,.T.);
#14039 = ORIENTED_EDGE('',*,*,#12815,.T.);
#14040 = PLANE('',#14041);
#14041 = AXIS2_PLACEMENT_3D('',#14042,#14043,#14044);
#14042 = CARTESIAN_POINT('',(1.4,-1.925,1.6475));
#14043 = DIRECTION('',(0.,0.,-1.));
#14044 = DIRECTION('',(-1.,0.,0.));
#14045 = ADVANCED_FACE('',(#14046),#14064,.F.);
#14046 = FACE_BOUND('',#14047,.T.);
#14047 = EDGE_LOOP('',(#14048,#14056,#14062,#14063));
#14048 = ORIENTED_EDGE('',*,*,#14049,.F.);
#14049 = EDGE_CURVE('',#14050,#12800,#14052,.T.);
#14050 = VERTEX_POINT('',#14051);
#14051 = CARTESIAN_POINT('',(1.4,-1.875,1.4475));
#14052 = LINE('',#14053,#14054);
#14053 = CARTESIAN_POINT('',(1.4,-1.925,1.4475));
#14054 = VECTOR('',#14055,1.);
#14055 = DIRECTION('',(0.,1.,0.));
#14056 = ORIENTED_EDGE('',*,*,#14057,.T.);
#14057 = EDGE_CURVE('',#14050,#14026,#14058,.T.);
#14058 = LINE('',#14059,#14060);
#14059 = CARTESIAN_POINT('',(1.4,-1.875,1.4475));
#14060 = VECTOR('',#14061,1.);
#14061 = DIRECTION('',(0.,0.,1.));
#14062 = ORIENTED_EDGE('',*,*,#14025,.T.);
#14063 = ORIENTED_EDGE('',*,*,#12807,.T.);
#14064 = PLANE('',#14065);
#14065 = AXIS2_PLACEMENT_3D('',#14066,#14067,#14068);
#14066 = CARTESIAN_POINT('',(1.4,-1.925,1.4475));
#14067 = DIRECTION('',(1.,0.,0.));
#14068 = DIRECTION('',(0.,0.,-1.));
#14069 = ADVANCED_FACE('',(#14070),#14081,.F.);
#14070 = FACE_BOUND('',#14071,.T.);
#14071 = EDGE_LOOP('',(#14072,#14073,#14079,#14080));
#14072 = ORIENTED_EDGE('',*,*,#14010,.F.);
#14073 = ORIENTED_EDGE('',*,*,#14074,.T.);
#14074 = EDGE_CURVE('',#14003,#14050,#14075,.T.);
#14075 = LINE('',#14076,#14077);
#14076 = CARTESIAN_POINT('',(1.4,-1.875,1.4475));
#14077 = VECTOR('',#14078,1.);
#14078 = DIRECTION('',(-1.,0.,0.));
#14079 = ORIENTED_EDGE('',*,*,#14049,.T.);
#14080 = ORIENTED_EDGE('',*,*,#12799,.T.);
#14081 = PLANE('',#14082);
#14082 = AXIS2_PLACEMENT_3D('',#14083,#14084,#14085);
#14083 = CARTESIAN_POINT('',(1.4,-1.925,1.4475));
#14084 = DIRECTION('',(0.,0.,1.));
#14085 = DIRECTION('',(1.,0.,-0.));
#14086 = ADVANCED_FACE('',(#14087),#14121,.F.);
#14087 = FACE_BOUND('',#14088,.T.);
#14088 = EDGE_LOOP('',(#14089,#14099,#14107,#14115));
#14089 = ORIENTED_EDGE('',*,*,#14090,.T.);
#14090 = EDGE_CURVE('',#14091,#14093,#14095,.T.);
#14091 = VERTEX_POINT('',#14092);
#14092 = CARTESIAN_POINT('',(1.45,-1.925,1.5975));
#14093 = VERTEX_POINT('',#14094);
#14094 = CARTESIAN_POINT('',(1.45,-1.925,1.4975));
#14095 = LINE('',#14096,#14097);
#14096 = CARTESIAN_POINT('',(1.45,-1.925,0.));
#14097 = VECTOR('',#14098,1.);
#14098 = DIRECTION('',(0.,0.,-1.));
#14099 = ORIENTED_EDGE('',*,*,#14100,.T.);
#14100 = EDGE_CURVE('',#14093,#14101,#14103,.T.);
#14101 = VERTEX_POINT('',#14102);
#14102 = CARTESIAN_POINT('',(1.55,-1.925,1.4975));
#14103 = LINE('',#14104,#14105);
#14104 = CARTESIAN_POINT('',(0.,-1.925,1.4975));
#14105 = VECTOR('',#14106,1.);
#14106 = DIRECTION('',(1.,0.,0.));
#14107 = ORIENTED_EDGE('',*,*,#14108,.T.);
#14108 = EDGE_CURVE('',#14101,#14109,#14111,.T.);
#14109 = VERTEX_POINT('',#14110);
#14110 = CARTESIAN_POINT('',(1.55,-1.925,1.5975));
#14111 = LINE('',#14112,#14113);
#14112 = CARTESIAN_POINT('',(1.55,-1.925,0.));
#14113 = VECTOR('',#14114,1.);
#14114 = DIRECTION('',(0.,0.,1.));
#14115 = ORIENTED_EDGE('',*,*,#14116,.T.);
#14116 = EDGE_CURVE('',#14109,#14091,#14117,.T.);
#14117 = LINE('',#14118,#14119);
#14118 = CARTESIAN_POINT('',(0.,-1.925,1.5975));
#14119 = VECTOR('',#14120,1.);
#14120 = DIRECTION('',(-1.,0.,0.));
#14121 = PLANE('',#14122);
#14122 = AXIS2_PLACEMENT_3D('',#14123,#14124,#14125);
#14123 = CARTESIAN_POINT('',(0.,-1.925,0.));
#14124 = DIRECTION('',(0.,1.,0.));
#14125 = DIRECTION('',(0.,-0.,1.));
#14126 = ADVANCED_FACE('',(#14127),#14143,.F.);
#14127 = FACE_BOUND('',#14128,.T.);
#14128 = EDGE_LOOP('',(#14129,#14135,#14136,#14142));
#14129 = ORIENTED_EDGE('',*,*,#14130,.F.);
#14130 = EDGE_CURVE('',#13995,#14109,#14131,.T.);
#14131 = LINE('',#14132,#14133);
#14132 = CARTESIAN_POINT('',(1.033333333333,-2.441666666667,
    1.080833333333));
#14133 = VECTOR('',#14134,1.);
#14134 = DIRECTION('',(-0.57735026919,-0.57735026919,-0.57735026919));
#14135 = ORIENTED_EDGE('',*,*,#14033,.F.);
#14136 = ORIENTED_EDGE('',*,*,#14137,.F.);
#14137 = EDGE_CURVE('',#14091,#14026,#14138,.T.);
#14138 = LINE('',#14139,#14140);
#14139 = CARTESIAN_POINT('',(1.9825,-2.4575,1.065));
#14140 = VECTOR('',#14141,1.);
#14141 = DIRECTION('',(-0.57735026919,0.57735026919,0.57735026919));
#14142 = ORIENTED_EDGE('',*,*,#14116,.F.);
#14143 = PLANE('',#14144);
#14144 = AXIS2_PLACEMENT_3D('',#14145,#14146,#14147);
#14145 = CARTESIAN_POINT('',(0.,-1.925,1.5975));
#14146 = DIRECTION('',(0.,0.707106781187,-0.707106781187));
#14147 = DIRECTION('',(-1.,0.,0.));
#14148 = ADVANCED_FACE('',(#14149),#14160,.F.);
#14149 = FACE_BOUND('',#14150,.T.);
#14150 = EDGE_LOOP('',(#14151,#14152,#14153,#14159));
#14151 = ORIENTED_EDGE('',*,*,#14137,.T.);
#14152 = ORIENTED_EDGE('',*,*,#14057,.F.);
#14153 = ORIENTED_EDGE('',*,*,#14154,.F.);
#14154 = EDGE_CURVE('',#14093,#14050,#14155,.T.);
#14155 = LINE('',#14156,#14157);
#14156 = CARTESIAN_POINT('',(0.950833333333,-1.425833333333,
    0.998333333333));
#14157 = VECTOR('',#14158,1.);
#14158 = DIRECTION('',(-0.57735026919,0.57735026919,-0.57735026919));
#14159 = ORIENTED_EDGE('',*,*,#14090,.F.);
#14160 = PLANE('',#14161);
#14161 = AXIS2_PLACEMENT_3D('',#14162,#14163,#14164);
#14162 = CARTESIAN_POINT('',(1.45,-1.925,0.));
#14163 = DIRECTION('',(0.707106781187,0.707106781187,0.));
#14164 = DIRECTION('',(0.,0.,-1.));
#14165 = ADVANCED_FACE('',(#14166),#14177,.F.);
#14166 = FACE_BOUND('',#14167,.T.);
#14167 = EDGE_LOOP('',(#14168,#14169,#14170,#14176));
#14168 = ORIENTED_EDGE('',*,*,#14130,.T.);
#14169 = ORIENTED_EDGE('',*,*,#14108,.F.);
#14170 = ORIENTED_EDGE('',*,*,#14171,.F.);
#14171 = EDGE_CURVE('',#14003,#14101,#14172,.T.);
#14172 = LINE('',#14173,#14174);
#14173 = CARTESIAN_POINT('',(2.049166666667,-1.425833333333,
    0.998333333333));
#14174 = VECTOR('',#14175,1.);
#14175 = DIRECTION('',(-0.57735026919,-0.57735026919,0.57735026919));
#14176 = ORIENTED_EDGE('',*,*,#14002,.F.);
#14177 = PLANE('',#14178);
#14178 = AXIS2_PLACEMENT_3D('',#14179,#14180,#14181);
#14179 = CARTESIAN_POINT('',(1.55,-1.925,0.));
#14180 = DIRECTION('',(-0.707106781187,0.707106781187,0.));
#14181 = DIRECTION('',(0.,0.,1.));
#14182 = ADVANCED_FACE('',(#14183),#14189,.F.);
#14183 = FACE_BOUND('',#14184,.T.);
#14184 = EDGE_LOOP('',(#14185,#14186,#14187,#14188));
#14185 = ORIENTED_EDGE('',*,*,#14154,.T.);
#14186 = ORIENTED_EDGE('',*,*,#14074,.F.);
#14187 = ORIENTED_EDGE('',*,*,#14171,.T.);
#14188 = ORIENTED_EDGE('',*,*,#14100,.F.);
#14189 = PLANE('',#14190);
#14190 = AXIS2_PLACEMENT_3D('',#14191,#14192,#14193);
#14191 = CARTESIAN_POINT('',(0.,-1.925,1.4975));
#14192 = DIRECTION('',(0.,0.707106781187,0.707106781187));
#14193 = DIRECTION('',(1.,0.,-0.));
#14194 = ADVANCED_FACE('',(#14195),#14211,.F.);
#14195 = FACE_BOUND('',#14196,.T.);
#14196 = EDGE_LOOP('',(#14197,#14203,#14204,#14210));
#14197 = ORIENTED_EDGE('',*,*,#14198,.F.);
#14198 = EDGE_CURVE('',#13859,#13973,#14199,.T.);
#14199 = LINE('',#14200,#14201);
#14200 = CARTESIAN_POINT('',(0.366666666667,-2.108333333333,
    1.414166666667));
#14201 = VECTOR('',#14202,1.);
#14202 = DIRECTION('',(-0.57735026919,-0.57735026919,-0.57735026919));
#14203 = ORIENTED_EDGE('',*,*,#13897,.F.);
#14204 = ORIENTED_EDGE('',*,*,#14205,.F.);
#14205 = EDGE_CURVE('',#13955,#13890,#14206,.T.);
#14206 = LINE('',#14207,#14208);
#14207 = CARTESIAN_POINT('',(0.9825,-2.4575,1.065));
#14208 = VECTOR('',#14209,1.);
#14209 = DIRECTION('',(-0.57735026919,0.57735026919,0.57735026919));
#14210 = ORIENTED_EDGE('',*,*,#13980,.F.);
#14211 = PLANE('',#14212);
#14212 = AXIS2_PLACEMENT_3D('',#14213,#14214,#14215);
#14213 = CARTESIAN_POINT('',(0.,-1.925,1.5975));
#14214 = DIRECTION('',(0.,0.707106781187,-0.707106781187));
#14215 = DIRECTION('',(-1.,0.,0.));
#14216 = ADVANCED_FACE('',(#14217),#14228,.F.);
#14217 = FACE_BOUND('',#14218,.T.);
#14218 = EDGE_LOOP('',(#14219,#14220,#14221,#14227));
#14219 = ORIENTED_EDGE('',*,*,#14205,.T.);
#14220 = ORIENTED_EDGE('',*,*,#13921,.F.);
#14221 = ORIENTED_EDGE('',*,*,#14222,.F.);
#14222 = EDGE_CURVE('',#13957,#13914,#14223,.T.);
#14223 = LINE('',#14224,#14225);
#14224 = CARTESIAN_POINT('',(-4.916666666666E-02,-1.425833333333,
    0.998333333333));
#14225 = VECTOR('',#14226,1.);
#14226 = DIRECTION('',(-0.57735026919,0.57735026919,-0.57735026919));
#14227 = ORIENTED_EDGE('',*,*,#13954,.F.);
#14228 = PLANE('',#14229);
#14229 = AXIS2_PLACEMENT_3D('',#14230,#14231,#14232);
#14230 = CARTESIAN_POINT('',(0.45,-1.925,0.));
#14231 = DIRECTION('',(0.707106781187,0.707106781187,0.));
#14232 = DIRECTION('',(0.,0.,-1.));
#14233 = ADVANCED_FACE('',(#14234),#14245,.F.);
#14234 = FACE_BOUND('',#14235,.T.);
#14235 = EDGE_LOOP('',(#14236,#14237,#14238,#14244));
#14236 = ORIENTED_EDGE('',*,*,#14198,.T.);
#14237 = ORIENTED_EDGE('',*,*,#13972,.F.);
#14238 = ORIENTED_EDGE('',*,*,#14239,.F.);
#14239 = EDGE_CURVE('',#13867,#13965,#14240,.T.);
#14240 = LINE('',#14241,#14242);
#14241 = CARTESIAN_POINT('',(1.049166666667,-1.425833333333,
    0.998333333333));
#14242 = VECTOR('',#14243,1.);
#14243 = DIRECTION('',(-0.57735026919,-0.57735026919,0.57735026919));
#14244 = ORIENTED_EDGE('',*,*,#13866,.F.);
#14245 = PLANE('',#14246);
#14246 = AXIS2_PLACEMENT_3D('',#14247,#14248,#14249);
#14247 = CARTESIAN_POINT('',(0.55,-1.925,0.));
#14248 = DIRECTION('',(-0.707106781187,0.707106781187,0.));
#14249 = DIRECTION('',(0.,0.,1.));
#14250 = ADVANCED_FACE('',(#14251),#14257,.F.);
#14251 = FACE_BOUND('',#14252,.T.);
#14252 = EDGE_LOOP('',(#14253,#14254,#14255,#14256));
#14253 = ORIENTED_EDGE('',*,*,#14222,.T.);
#14254 = ORIENTED_EDGE('',*,*,#13938,.F.);
#14255 = ORIENTED_EDGE('',*,*,#14239,.T.);
#14256 = ORIENTED_EDGE('',*,*,#13964,.F.);
#14257 = PLANE('',#14258);
#14258 = AXIS2_PLACEMENT_3D('',#14259,#14260,#14261);
#14259 = CARTESIAN_POINT('',(0.,-1.925,1.4975));
#14260 = DIRECTION('',(0.,0.707106781187,0.707106781187));
#14261 = DIRECTION('',(1.,0.,-0.));
#14262 = ADVANCED_FACE('',(#14263),#14279,.F.);
#14263 = FACE_BOUND('',#14264,.T.);
#14264 = EDGE_LOOP('',(#14265,#14271,#14272,#14278));
#14265 = ORIENTED_EDGE('',*,*,#14266,.F.);
#14266 = EDGE_CURVE('',#13595,#13701,#14267,.T.);
#14267 = LINE('',#14268,#14269);
#14268 = CARTESIAN_POINT('',(-0.3,-1.775,1.3475));
#14269 = VECTOR('',#14270,1.);
#14270 = DIRECTION('',(-0.57735026919,-0.57735026919,0.57735026919));
#14271 = ORIENTED_EDGE('',*,*,#13594,.F.);
#14272 = ORIENTED_EDGE('',*,*,#14273,.F.);
#14273 = EDGE_CURVE('',#13683,#13587,#14274,.T.);
#14274 = LINE('',#14275,#14276);
#14275 = CARTESIAN_POINT('',(-0.9825,-2.4575,1.065));
#14276 = VECTOR('',#14277,1.);
#14277 = DIRECTION('',(0.57735026919,0.57735026919,0.57735026919));
#14278 = ORIENTED_EDGE('',*,*,#13708,.F.);
#14279 = PLANE('',#14280);
#14280 = AXIS2_PLACEMENT_3D('',#14281,#14282,#14283);
#14281 = CARTESIAN_POINT('',(-0.45,-1.925,-1.219727444046E-16));
#14282 = DIRECTION('',(-0.707106781187,0.707106781187,
    -1.916616770854E-16));
#14283 = DIRECTION('',(-2.710505431214E-16,-3.20474742746E-31,1.));
#14284 = ADVANCED_FACE('',(#14285),#14296,.F.);
#14285 = FACE_BOUND('',#14286,.T.);
#14286 = EDGE_LOOP('',(#14287,#14288,#14289,#14295));
#14287 = ORIENTED_EDGE('',*,*,#14273,.T.);
#14288 = ORIENTED_EDGE('',*,*,#13625,.F.);
#14289 = ORIENTED_EDGE('',*,*,#14290,.F.);
#14290 = EDGE_CURVE('',#13685,#13618,#14291,.T.);
#14291 = LINE('',#14292,#14293);
#14292 = CARTESIAN_POINT('',(-0.366666666667,-2.108333333333,
    1.414166666667));
#14293 = VECTOR('',#14294,1.);
#14294 = DIRECTION('',(-0.57735026919,0.57735026919,0.57735026919));
#14295 = ORIENTED_EDGE('',*,*,#13682,.F.);
#14296 = PLANE('',#14297);
#14297 = AXIS2_PLACEMENT_3D('',#14298,#14299,#14300);
#14298 = CARTESIAN_POINT('',(0.,-1.925,1.5975));
#14299 = DIRECTION('',(0.,0.707106781187,-0.707106781187));
#14300 = DIRECTION('',(-1.,0.,0.));
#14301 = ADVANCED_FACE('',(#14302),#14313,.F.);
#14302 = FACE_BOUND('',#14303,.T.);
#14303 = EDGE_LOOP('',(#14304,#14305,#14306,#14312));
#14304 = ORIENTED_EDGE('',*,*,#14266,.T.);
#14305 = ORIENTED_EDGE('',*,*,#13700,.F.);
#14306 = ORIENTED_EDGE('',*,*,#14307,.F.);
#14307 = EDGE_CURVE('',#13642,#13693,#14308,.T.);
#14308 = LINE('',#14309,#14310);
#14309 = CARTESIAN_POINT('',(-0.366666666667,-2.108333333333,
    1.680833333333));
#14310 = VECTOR('',#14311,1.);
#14311 = DIRECTION('',(0.57735026919,-0.57735026919,0.57735026919));
#14312 = ORIENTED_EDGE('',*,*,#13666,.F.);
#14313 = PLANE('',#14314);
#14314 = AXIS2_PLACEMENT_3D('',#14315,#14316,#14317);
#14315 = CARTESIAN_POINT('',(0.,-1.925,1.4975));
#14316 = DIRECTION('',(0.,0.707106781187,0.707106781187));
#14317 = DIRECTION('',(1.,0.,-0.));
#14318 = ADVANCED_FACE('',(#14319),#14325,.F.);
#14319 = FACE_BOUND('',#14320,.T.);
#14320 = EDGE_LOOP('',(#14321,#14322,#14323,#14324));
#14321 = ORIENTED_EDGE('',*,*,#14290,.T.);
#14322 = ORIENTED_EDGE('',*,*,#13649,.F.);
#14323 = ORIENTED_EDGE('',*,*,#14307,.T.);
#14324 = ORIENTED_EDGE('',*,*,#13692,.F.);
#14325 = PLANE('',#14326);
#14326 = AXIS2_PLACEMENT_3D('',#14327,#14328,#14329);
#14327 = CARTESIAN_POINT('',(-0.55,-1.925,0.));
#14328 = DIRECTION('',(0.707106781187,0.707106781187,0.));
#14329 = DIRECTION('',(0.,0.,-1.));
#14330 = ADVANCED_FACE('',(#14331),#14347,.F.);
#14331 = FACE_BOUND('',#14332,.T.);
#14332 = EDGE_LOOP('',(#14333,#14339,#14340,#14346));
#14333 = ORIENTED_EDGE('',*,*,#14334,.F.);
#14334 = EDGE_CURVE('',#13778,#13837,#14335,.T.);
#14335 = LINE('',#14336,#14337);
#14336 = CARTESIAN_POINT('',(-1.033333333333,-2.441666666667,
    2.014166666667));
#14337 = VECTOR('',#14338,1.);
#14338 = DIRECTION('',(0.57735026919,-0.57735026919,0.57735026919));
#14339 = ORIENTED_EDGE('',*,*,#13802,.F.);
#14340 = ORIENTED_EDGE('',*,*,#14341,.F.);
#14341 = EDGE_CURVE('',#13819,#13731,#14342,.T.);
#14342 = LINE('',#14343,#14344);
#14343 = CARTESIAN_POINT('',(-0.966666666667,-1.441666666667,
    1.014166666667));
#14344 = VECTOR('',#14345,1.);
#14345 = DIRECTION('',(0.57735026919,0.57735026919,-0.57735026919));
#14346 = ORIENTED_EDGE('',*,*,#13844,.F.);
#14347 = PLANE('',#14348);
#14348 = AXIS2_PLACEMENT_3D('',#14349,#14350,#14351);
#14349 = CARTESIAN_POINT('',(0.,-1.925,1.4975));
#14350 = DIRECTION('',(0.,0.707106781187,0.707106781187));
#14351 = DIRECTION('',(1.,0.,-0.));
#14352 = ADVANCED_FACE('',(#14353),#14364,.F.);
#14353 = FACE_BOUND('',#14354,.T.);
#14354 = EDGE_LOOP('',(#14355,#14356,#14357,#14363));
#14355 = ORIENTED_EDGE('',*,*,#14341,.T.);
#14356 = ORIENTED_EDGE('',*,*,#13730,.F.);
#14357 = ORIENTED_EDGE('',*,*,#14358,.F.);
#14358 = EDGE_CURVE('',#13821,#13723,#14359,.T.);
#14359 = LINE('',#14360,#14361);
#14360 = CARTESIAN_POINT('',(-1.9825,-2.4575,1.065));
#14361 = VECTOR('',#14362,1.);
#14362 = DIRECTION('',(0.57735026919,0.57735026919,0.57735026919));
#14363 = ORIENTED_EDGE('',*,*,#13818,.F.);
#14364 = PLANE('',#14365);
#14365 = AXIS2_PLACEMENT_3D('',#14366,#14367,#14368);
#14366 = CARTESIAN_POINT('',(-1.45,-1.925,0.));
#14367 = DIRECTION('',(-0.707106781187,0.707106781187,0.));
#14368 = DIRECTION('',(0.,0.,1.));
#14369 = ADVANCED_FACE('',(#14370),#14381,.F.);
#14370 = FACE_BOUND('',#14371,.T.);
#14371 = EDGE_LOOP('',(#14372,#14373,#14374,#14380));
#14372 = ORIENTED_EDGE('',*,*,#14334,.T.);
#14373 = ORIENTED_EDGE('',*,*,#13836,.F.);
#14374 = ORIENTED_EDGE('',*,*,#14375,.F.);
#14375 = EDGE_CURVE('',#13754,#13829,#14376,.T.);
#14376 = LINE('',#14377,#14378);
#14377 = CARTESIAN_POINT('',(-1.0175,-2.4575,1.065));
#14378 = VECTOR('',#14379,1.);
#14379 = DIRECTION('',(0.57735026919,-0.57735026919,-0.57735026919));
#14380 = ORIENTED_EDGE('',*,*,#13785,.F.);
#14381 = PLANE('',#14382);
#14382 = AXIS2_PLACEMENT_3D('',#14383,#14384,#14385);
#14383 = CARTESIAN_POINT('',(-1.55,-1.925,0.));
#14384 = DIRECTION('',(0.707106781187,0.707106781187,0.));
#14385 = DIRECTION('',(0.,0.,-1.));
#14386 = ADVANCED_FACE('',(#14387),#14393,.F.);
#14387 = FACE_BOUND('',#14388,.T.);
#14388 = EDGE_LOOP('',(#14389,#14390,#14391,#14392));
#14389 = ORIENTED_EDGE('',*,*,#14358,.T.);
#14390 = ORIENTED_EDGE('',*,*,#13761,.F.);
#14391 = ORIENTED_EDGE('',*,*,#14375,.T.);
#14392 = ORIENTED_EDGE('',*,*,#13828,.F.);
#14393 = PLANE('',#14394);
#14394 = AXIS2_PLACEMENT_3D('',#14395,#14396,#14397);
#14395 = CARTESIAN_POINT('',(0.,-1.925,1.5975));
#14396 = DIRECTION('',(0.,0.707106781187,-0.707106781187));
#14397 = DIRECTION('',(-1.,0.,0.));
#14398 = ( GEOMETRIC_REPRESENTATION_CONTEXT(3) 
GLOBAL_UNCERTAINTY_ASSIGNED_CONTEXT((#14402)) 
GLOBAL_UNIT_ASSIGNED_CONTEXT((#14399,#14400,#14401)) 
REPRESENTATION_CONTEXT('Context #1',
  '3D Context with UNIT and UNCERTAINTY') );
#14399 = ( LENGTH_UNIT() NAMED_UNIT(*) SI_UNIT(.MILLI.,.METRE.) );
#14400 = ( NAMED_UNIT(*) PLANE_ANGLE_UNIT() SI_UNIT($,.RADIAN.) );
#14401 = ( NAMED_UNIT(*) SI_UNIT($,.STERADIAN.) SOLID_ANGLE_UNIT() );
#14402 = UNCERTAINTY_MEASURE_WITH_UNIT(LENGTH_MEASURE(1.E-07),#14399,
  'distance_accuracy_value','confusion accuracy');
#14403 = CONTEXT_DEPENDENT_SHAPE_REPRESENTATION(#14404,#14406);
#14404 = ( REPRESENTATION_RELATIONSHIP('','',#10487,#10464) 
REPRESENTATION_RELATIONSHIP_WITH_TRANSFORMATION(#14405) 
SHAPE_REPRESENTATION_RELATIONSHIP() );
#14405 = ITEM_DEFINED_TRANSFORMATION('','',#11,#10465);
#14406 = PRODUCT_DEFINITION_SHAPE('Placement','Placement of an item',
  #14407);
#14407 = NEXT_ASSEMBLY_USAGE_OCCURRENCE('11','=>[0:1:1:13]','',#10459,
  #10482,$);
#14408 = PRODUCT_RELATED_PRODUCT_CATEGORY('part',$,(#10484));
#14409 = CONTEXT_DEPENDENT_SHAPE_REPRESENTATION(#14410,#14412);
#14410 = ( REPRESENTATION_RELATIONSHIP('','',#10464,#10) 
REPRESENTATION_RELATIONSHIP_WITH_TRANSFORMATION(#14411) 
SHAPE_REPRESENTATION_RELATIONSHIP() );
#14411 = ITEM_DEFINED_TRANSFORMATION('','',#11,#39);
#14412 = PRODUCT_DEFINITION_SHAPE('Placement','Placement of an item',
  #14413);
#14413 = NEXT_ASSEMBLY_USAGE_OCCURRENCE('13','K4','',#5,#10459,$);
#14414 = CONTEXT_DEPENDENT_SHAPE_REPRESENTATION(#14415,#14417);
#14415 = ( REPRESENTATION_RELATIONSHIP('','',#3186,#10) 
REPRESENTATION_RELATIONSHIP_WITH_TRANSFORMATION(#14416) 
SHAPE_REPRESENTATION_RELATIONSHIP() );
#14416 = ITEM_DEFINED_TRANSFORMATION('','',#11,#43);
#14417 = PRODUCT_DEFINITION_SHAPE('Placement','Placement of an item',
  #14418);
#14418 = NEXT_ASSEMBLY_USAGE_OCCURRENCE('14','R3','',#5,#3181,$);
#14419 = SHAPE_DEFINITION_REPRESENTATION(#14420,#14426);
#14420 = PRODUCT_DEFINITION_SHAPE('','',#14421);
#14421 = PRODUCT_DEFINITION('design','',#14422,#14425);
#14422 = PRODUCT_DEFINITION_FORMATION('','',#14423);
#14423 = PRODUCT('_autosave-Digipot 50k MCP4018 breakout_PCB',
  '_autosave-Digipot 50k MCP4018 breakout_PCB','',(#14424));
#14424 = PRODUCT_CONTEXT('',#2,'mechanical');
#14425 = PRODUCT_DEFINITION_CONTEXT('part definition',#2,'design');
#14426 = ADVANCED_BREP_SHAPE_REPRESENTATION('',(#11,#14427),#15068);
#14427 = MANIFOLD_SOLID_BREP('',#14428);
#14428 = CLOSED_SHELL('',(#14429,#14471,#14502,#14533,#14684,#14835,
    #14852,#14869,#14886,#14903,#14915,#14932,#14949,#14966,#14983,
    #15000,#15017,#15034,#15051));
#14429 = ADVANCED_FACE('',(#14430),#14466,.T.);
#14430 = FACE_BOUND('',#14431,.T.);
#14431 = EDGE_LOOP('',(#14432,#14442,#14451,#14459));
#14432 = ORIENTED_EDGE('',*,*,#14433,.T.);
#14433 = EDGE_CURVE('',#14434,#14436,#14438,.T.);
#14434 = VERTEX_POINT('',#14435);
#14435 = CARTESIAN_POINT('',(19.5,22.,0.));
#14436 = VERTEX_POINT('',#14437);
#14437 = CARTESIAN_POINT('',(19.5,22.,2.63));
#14438 = LINE('',#14439,#14440);
#14439 = CARTESIAN_POINT('',(19.5,22.,0.));
#14440 = VECTOR('',#14441,1.);
#14441 = DIRECTION('',(0.,0.,1.));
#14442 = ORIENTED_EDGE('',*,*,#14443,.T.);
#14443 = EDGE_CURVE('',#14436,#14444,#14446,.T.);
#14444 = VERTEX_POINT('',#14445);
#14445 = CARTESIAN_POINT('',(22.,19.5,2.63));
#14446 = CIRCLE('',#14447,2.499999839417);
#14447 = AXIS2_PLACEMENT_3D('',#14448,#14449,#14450);
#14448 = CARTESIAN_POINT('',(19.500000160583,19.500000160583,2.63));
#14449 = DIRECTION('',(0.,0.,-1.));
#14450 = DIRECTION('',(-6.423314275614E-08,1.,0.));
#14451 = ORIENTED_EDGE('',*,*,#14452,.F.);
#14452 = EDGE_CURVE('',#14453,#14444,#14455,.T.);
#14453 = VERTEX_POINT('',#14454);
#14454 = CARTESIAN_POINT('',(22.,19.5,0.));
#14455 = LINE('',#14456,#14457);
#14456 = CARTESIAN_POINT('',(22.,19.5,0.));
#14457 = VECTOR('',#14458,1.);
#14458 = DIRECTION('',(0.,0.,1.));
#14459 = ORIENTED_EDGE('',*,*,#14460,.F.);
#14460 = EDGE_CURVE('',#14434,#14453,#14461,.T.);
#14461 = CIRCLE('',#14462,2.499999839417);
#14462 = AXIS2_PLACEMENT_3D('',#14463,#14464,#14465);
#14463 = CARTESIAN_POINT('',(19.500000160583,19.500000160583,0.));
#14464 = DIRECTION('',(0.,0.,-1.));
#14465 = DIRECTION('',(-6.423314275614E-08,1.,0.));
#14466 = CYLINDRICAL_SURFACE('',#14467,2.499999839417);
#14467 = AXIS2_PLACEMENT_3D('',#14468,#14469,#14470);
#14468 = CARTESIAN_POINT('',(19.500000160583,19.500000160583,0.));
#14469 = DIRECTION('',(0.,0.,-1.));
#14470 = DIRECTION('',(-6.423314275614E-08,1.,0.));
#14471 = ADVANCED_FACE('',(#14472),#14497,.T.);
#14472 = FACE_BOUND('',#14473,.T.);
#14473 = EDGE_LOOP('',(#14474,#14484,#14490,#14491));
#14474 = ORIENTED_EDGE('',*,*,#14475,.T.);
#14475 = EDGE_CURVE('',#14476,#14478,#14480,.T.);
#14476 = VERTEX_POINT('',#14477);
#14477 = CARTESIAN_POINT('',(2.5,22.,0.));
#14478 = VERTEX_POINT('',#14479);
#14479 = CARTESIAN_POINT('',(2.5,22.,2.63));
#14480 = LINE('',#14481,#14482);
#14481 = CARTESIAN_POINT('',(2.5,22.,0.));
#14482 = VECTOR('',#14483,1.);
#14483 = DIRECTION('',(0.,0.,1.));
#14484 = ORIENTED_EDGE('',*,*,#14485,.T.);
#14485 = EDGE_CURVE('',#14478,#14436,#14486,.T.);
#14486 = LINE('',#14487,#14488);
#14487 = CARTESIAN_POINT('',(2.5,22.,2.63));
#14488 = VECTOR('',#14489,1.);
#14489 = DIRECTION('',(1.,0.,0.));
#14490 = ORIENTED_EDGE('',*,*,#14433,.F.);
#14491 = ORIENTED_EDGE('',*,*,#14492,.F.);
#14492 = EDGE_CURVE('',#14476,#14434,#14493,.T.);
#14493 = LINE('',#14494,#14495);
#14494 = CARTESIAN_POINT('',(2.5,22.,0.));
#14495 = VECTOR('',#14496,1.);
#14496 = DIRECTION('',(1.,0.,0.));
#14497 = PLANE('',#14498);
#14498 = AXIS2_PLACEMENT_3D('',#14499,#14500,#14501);
#14499 = CARTESIAN_POINT('',(2.5,22.,0.));
#14500 = DIRECTION('',(0.,1.,0.));
#14501 = DIRECTION('',(1.,0.,0.));
#14502 = ADVANCED_FACE('',(#14503),#14528,.T.);
#14503 = FACE_BOUND('',#14504,.T.);
#14504 = EDGE_LOOP('',(#14505,#14506,#14514,#14522));
#14505 = ORIENTED_EDGE('',*,*,#14452,.T.);
#14506 = ORIENTED_EDGE('',*,*,#14507,.T.);
#14507 = EDGE_CURVE('',#14444,#14508,#14510,.T.);
#14508 = VERTEX_POINT('',#14509);
#14509 = CARTESIAN_POINT('',(22.,2.5,2.63));
#14510 = LINE('',#14511,#14512);
#14511 = CARTESIAN_POINT('',(22.,19.5,2.63));
#14512 = VECTOR('',#14513,1.);
#14513 = DIRECTION('',(0.,-1.,0.));
#14514 = ORIENTED_EDGE('',*,*,#14515,.F.);
#14515 = EDGE_CURVE('',#14516,#14508,#14518,.T.);
#14516 = VERTEX_POINT('',#14517);
#14517 = CARTESIAN_POINT('',(22.,2.5,0.));
#14518 = LINE('',#14519,#14520);
#14519 = CARTESIAN_POINT('',(22.,2.5,0.));
#14520 = VECTOR('',#14521,1.);
#14521 = DIRECTION('',(0.,0.,1.));
#14522 = ORIENTED_EDGE('',*,*,#14523,.F.);
#14523 = EDGE_CURVE('',#14453,#14516,#14524,.T.);
#14524 = LINE('',#14525,#14526);
#14525 = CARTESIAN_POINT('',(22.,19.5,0.));
#14526 = VECTOR('',#14527,1.);
#14527 = DIRECTION('',(0.,-1.,0.));
#14528 = PLANE('',#14529);
#14529 = AXIS2_PLACEMENT_3D('',#14530,#14531,#14532);
#14530 = CARTESIAN_POINT('',(22.,19.5,0.));
#14531 = DIRECTION('',(1.,0.,-0.));
#14532 = DIRECTION('',(0.,-1.,0.));
#14533 = ADVANCED_FACE('',(#14534,#14580,#14591,#14602,#14613,#14624,
    #14635,#14646,#14657,#14668),#14679,.F.);
#14534 = FACE_BOUND('',#14535,.F.);
#14535 = EDGE_LOOP('',(#14536,#14537,#14538,#14547,#14555,#14564,#14572,
    #14579));
#14536 = ORIENTED_EDGE('',*,*,#14460,.F.);
#14537 = ORIENTED_EDGE('',*,*,#14492,.F.);
#14538 = ORIENTED_EDGE('',*,*,#14539,.F.);
#14539 = EDGE_CURVE('',#14540,#14476,#14542,.T.);
#14540 = VERTEX_POINT('',#14541);
#14541 = CARTESIAN_POINT('',(-4.440892098501E-16,19.5,0.));
#14542 = CIRCLE('',#14543,2.499999839417);
#14543 = AXIS2_PLACEMENT_3D('',#14544,#14545,#14546);
#14544 = CARTESIAN_POINT('',(2.499999839417,19.500000160583,0.));
#14545 = DIRECTION('',(0.,0.,-1.));
#14546 = DIRECTION('',(-1.,-6.423314275614E-08,-0.));
#14547 = ORIENTED_EDGE('',*,*,#14548,.F.);
#14548 = EDGE_CURVE('',#14549,#14540,#14551,.T.);
#14549 = VERTEX_POINT('',#14550);
#14550 = CARTESIAN_POINT('',(-2.22044604925E-16,2.5,0.));
#14551 = LINE('',#14552,#14553);
#14552 = CARTESIAN_POINT('',(0.,2.5,0.));
#14553 = VECTOR('',#14554,1.);
#14554 = DIRECTION('',(0.,1.,0.));
#14555 = ORIENTED_EDGE('',*,*,#14556,.F.);
#14556 = EDGE_CURVE('',#14557,#14549,#14559,.T.);
#14557 = VERTEX_POINT('',#14558);
#14558 = CARTESIAN_POINT('',(2.5,-2.22044604925E-16,0.));
#14559 = CIRCLE('',#14560,2.499999839417);
#14560 = AXIS2_PLACEMENT_3D('',#14561,#14562,#14563);
#14561 = CARTESIAN_POINT('',(2.499999839417,2.499999839417,0.));
#14562 = DIRECTION('',(0.,0.,-1.));
#14563 = DIRECTION('',(6.423314417722E-08,-1.,0.));
#14564 = ORIENTED_EDGE('',*,*,#14565,.F.);
#14565 = EDGE_CURVE('',#14566,#14557,#14568,.T.);
#14566 = VERTEX_POINT('',#14567);
#14567 = CARTESIAN_POINT('',(19.5,-4.440892098501E-16,0.));
#14568 = LINE('',#14569,#14570);
#14569 = CARTESIAN_POINT('',(19.5,-0.,0.));
#14570 = VECTOR('',#14571,1.);
#14571 = DIRECTION('',(-1.,0.,0.));
#14572 = ORIENTED_EDGE('',*,*,#14573,.F.);
#14573 = EDGE_CURVE('',#14516,#14566,#14574,.T.);
#14574 = CIRCLE('',#14575,2.499999839417);
#14575 = AXIS2_PLACEMENT_3D('',#14576,#14577,#14578);
#14576 = CARTESIAN_POINT('',(19.500000160583,2.499999839417,0.));
#14577 = DIRECTION('',(0.,0.,-1.));
#14578 = DIRECTION('',(1.,6.423314293377E-08,0.));
#14579 = ORIENTED_EDGE('',*,*,#14523,.F.);
#14580 = FACE_BOUND('',#14581,.F.);
#14581 = EDGE_LOOP('',(#14582));
#14582 = ORIENTED_EDGE('',*,*,#14583,.T.);
#14583 = EDGE_CURVE('',#14584,#14584,#14586,.T.);
#14584 = VERTEX_POINT('',#14585);
#14585 = CARTESIAN_POINT('',(3.,1.4,0.));
#14586 = CIRCLE('',#14587,1.6);
#14587 = AXIS2_PLACEMENT_3D('',#14588,#14589,#14590);
#14588 = CARTESIAN_POINT('',(3.,3.,0.));
#14589 = DIRECTION('',(-0.,0.,-1.));
#14590 = DIRECTION('',(-0.,-1.,0.));
#14591 = FACE_BOUND('',#14592,.F.);
#14592 = EDGE_LOOP('',(#14593));
#14593 = ORIENTED_EDGE('',*,*,#14594,.T.);
#14594 = EDGE_CURVE('',#14595,#14595,#14597,.T.);
#14595 = VERTEX_POINT('',#14596);
#14596 = CARTESIAN_POINT('',(7.19,1.,0.));
#14597 = CIRCLE('',#14598,0.5);
#14598 = AXIS2_PLACEMENT_3D('',#14599,#14600,#14601);
#14599 = CARTESIAN_POINT('',(7.19,1.5,0.));
#14600 = DIRECTION('',(-0.,0.,-1.));
#14601 = DIRECTION('',(-0.,-1.,0.));
#14602 = FACE_BOUND('',#14603,.F.);
#14603 = EDGE_LOOP('',(#14604));
#14604 = ORIENTED_EDGE('',*,*,#14605,.T.);
#14605 = EDGE_CURVE('',#14606,#14606,#14608,.T.);
#14606 = VERTEX_POINT('',#14607);
#14607 = CARTESIAN_POINT('',(9.73,1.,0.));
#14608 = CIRCLE('',#14609,0.5);
#14609 = AXIS2_PLACEMENT_3D('',#14610,#14611,#14612);
#14610 = CARTESIAN_POINT('',(9.73,1.5,0.));
#14611 = DIRECTION('',(-0.,0.,-1.));
#14612 = DIRECTION('',(-0.,-1.,0.));
#14613 = FACE_BOUND('',#14614,.F.);
#14614 = EDGE_LOOP('',(#14615));
#14615 = ORIENTED_EDGE('',*,*,#14616,.T.);
#14616 = EDGE_CURVE('',#14617,#14617,#14619,.T.);
#14617 = VERTEX_POINT('',#14618);
#14618 = CARTESIAN_POINT('',(12.27,1.,0.));
#14619 = CIRCLE('',#14620,0.5);
#14620 = AXIS2_PLACEMENT_3D('',#14621,#14622,#14623);
#14621 = CARTESIAN_POINT('',(12.27,1.5,0.));
#14622 = DIRECTION('',(-0.,0.,-1.));
#14623 = DIRECTION('',(-0.,-1.,0.));
#14624 = FACE_BOUND('',#14625,.F.);
#14625 = EDGE_LOOP('',(#14626));
#14626 = ORIENTED_EDGE('',*,*,#14627,.T.);
#14627 = EDGE_CURVE('',#14628,#14628,#14630,.T.);
#14628 = VERTEX_POINT('',#14629);
#14629 = CARTESIAN_POINT('',(14.81,1.,0.));
#14630 = CIRCLE('',#14631,0.5);
#14631 = AXIS2_PLACEMENT_3D('',#14632,#14633,#14634);
#14632 = CARTESIAN_POINT('',(14.81,1.5,0.));
#14633 = DIRECTION('',(-0.,0.,-1.));
#14634 = DIRECTION('',(-0.,-1.,0.));
#14635 = FACE_BOUND('',#14636,.F.);
#14636 = EDGE_LOOP('',(#14637));
#14637 = ORIENTED_EDGE('',*,*,#14638,.T.);
#14638 = EDGE_CURVE('',#14639,#14639,#14641,.T.);
#14639 = VERTEX_POINT('',#14640);
#14640 = CARTESIAN_POINT('',(19.,1.4,0.));
#14641 = CIRCLE('',#14642,1.6);
#14642 = AXIS2_PLACEMENT_3D('',#14643,#14644,#14645);
#14643 = CARTESIAN_POINT('',(19.,3.,0.));
#14644 = DIRECTION('',(-0.,0.,-1.));
#14645 = DIRECTION('',(-0.,-1.,0.));
#14646 = FACE_BOUND('',#14647,.F.);
#14647 = EDGE_LOOP('',(#14648));
#14648 = ORIENTED_EDGE('',*,*,#14649,.T.);
#14649 = EDGE_CURVE('',#14650,#14650,#14652,.T.);
#14650 = VERTEX_POINT('',#14651);
#14651 = CARTESIAN_POINT('',(9.73,20.,0.));
#14652 = CIRCLE('',#14653,0.5);
#14653 = AXIS2_PLACEMENT_3D('',#14654,#14655,#14656);
#14654 = CARTESIAN_POINT('',(9.73,20.5,0.));
#14655 = DIRECTION('',(-0.,0.,-1.));
#14656 = DIRECTION('',(-0.,-1.,0.));
#14657 = FACE_BOUND('',#14658,.F.);
#14658 = EDGE_LOOP('',(#14659));
#14659 = ORIENTED_EDGE('',*,*,#14660,.T.);
#14660 = EDGE_CURVE('',#14661,#14661,#14663,.T.);
#14661 = VERTEX_POINT('',#14662);
#14662 = CARTESIAN_POINT('',(12.27,20.,0.));
#14663 = CIRCLE('',#14664,0.5);
#14664 = AXIS2_PLACEMENT_3D('',#14665,#14666,#14667);
#14665 = CARTESIAN_POINT('',(12.27,20.5,0.));
#14666 = DIRECTION('',(-0.,0.,-1.));
#14667 = DIRECTION('',(-0.,-1.,0.));
#14668 = FACE_BOUND('',#14669,.F.);
#14669 = EDGE_LOOP('',(#14670));
#14670 = ORIENTED_EDGE('',*,*,#14671,.T.);
#14671 = EDGE_CURVE('',#14672,#14672,#14674,.T.);
#14672 = VERTEX_POINT('',#14673);
#14673 = CARTESIAN_POINT('',(14.81,20.,0.));
#14674 = CIRCLE('',#14675,0.5);
#14675 = AXIS2_PLACEMENT_3D('',#14676,#14677,#14678);
#14676 = CARTESIAN_POINT('',(14.81,20.5,0.));
#14677 = DIRECTION('',(-0.,0.,-1.));
#14678 = DIRECTION('',(-0.,-1.,0.));
#14679 = PLANE('',#14680);
#14680 = AXIS2_PLACEMENT_3D('',#14681,#14682,#14683);
#14681 = CARTESIAN_POINT('',(0.,0.,0.));
#14682 = DIRECTION('',(0.,0.,1.));
#14683 = DIRECTION('',(1.,0.,-0.));
#14684 = ADVANCED_FACE('',(#14685,#14731,#14742,#14753,#14764,#14775,
    #14786,#14797,#14808,#14819),#14830,.T.);
#14685 = FACE_BOUND('',#14686,.T.);
#14686 = EDGE_LOOP('',(#14687,#14688,#14689,#14698,#14706,#14715,#14723,
    #14730));
#14687 = ORIENTED_EDGE('',*,*,#14443,.F.);
#14688 = ORIENTED_EDGE('',*,*,#14485,.F.);
#14689 = ORIENTED_EDGE('',*,*,#14690,.F.);
#14690 = EDGE_CURVE('',#14691,#14478,#14693,.T.);
#14691 = VERTEX_POINT('',#14692);
#14692 = CARTESIAN_POINT('',(-4.440892098501E-16,19.5,2.63));
#14693 = CIRCLE('',#14694,2.499999839417);
#14694 = AXIS2_PLACEMENT_3D('',#14695,#14696,#14697);
#14695 = CARTESIAN_POINT('',(2.499999839417,19.500000160583,2.63));
#14696 = DIRECTION('',(0.,0.,-1.));
#14697 = DIRECTION('',(-1.,-6.423314275614E-08,-0.));
#14698 = ORIENTED_EDGE('',*,*,#14699,.F.);
#14699 = EDGE_CURVE('',#14700,#14691,#14702,.T.);
#14700 = VERTEX_POINT('',#14701);
#14701 = CARTESIAN_POINT('',(-2.22044604925E-16,2.5,2.63));
#14702 = LINE('',#14703,#14704);
#14703 = CARTESIAN_POINT('',(0.,2.5,2.63));
#14704 = VECTOR('',#14705,1.);
#14705 = DIRECTION('',(0.,1.,0.));
#14706 = ORIENTED_EDGE('',*,*,#14707,.F.);
#14707 = EDGE_CURVE('',#14708,#14700,#14710,.T.);
#14708 = VERTEX_POINT('',#14709);
#14709 = CARTESIAN_POINT('',(2.5,-2.22044604925E-16,2.63));
#14710 = CIRCLE('',#14711,2.499999839417);
#14711 = AXIS2_PLACEMENT_3D('',#14712,#14713,#14714);
#14712 = CARTESIAN_POINT('',(2.499999839417,2.499999839417,2.63));
#14713 = DIRECTION('',(0.,0.,-1.));
#14714 = DIRECTION('',(6.423314417722E-08,-1.,0.));
#14715 = ORIENTED_EDGE('',*,*,#14716,.F.);
#14716 = EDGE_CURVE('',#14717,#14708,#14719,.T.);
#14717 = VERTEX_POINT('',#14718);
#14718 = CARTESIAN_POINT('',(19.5,-4.440892098501E-16,2.63));
#14719 = LINE('',#14720,#14721);
#14720 = CARTESIAN_POINT('',(19.5,0.,2.63));
#14721 = VECTOR('',#14722,1.);
#14722 = DIRECTION('',(-1.,0.,0.));
#14723 = ORIENTED_EDGE('',*,*,#14724,.F.);
#14724 = EDGE_CURVE('',#14508,#14717,#14725,.T.);
#14725 = CIRCLE('',#14726,2.499999839417);
#14726 = AXIS2_PLACEMENT_3D('',#14727,#14728,#14729);
#14727 = CARTESIAN_POINT('',(19.500000160583,2.499999839417,2.63));
#14728 = DIRECTION('',(0.,0.,-1.));
#14729 = DIRECTION('',(1.,6.423314293377E-08,0.));
#14730 = ORIENTED_EDGE('',*,*,#14507,.F.);
#14731 = FACE_BOUND('',#14732,.T.);
#14732 = EDGE_LOOP('',(#14733));
#14733 = ORIENTED_EDGE('',*,*,#14734,.T.);
#14734 = EDGE_CURVE('',#14735,#14735,#14737,.T.);
#14735 = VERTEX_POINT('',#14736);
#14736 = CARTESIAN_POINT('',(3.,1.4,2.63));
#14737 = CIRCLE('',#14738,1.6);
#14738 = AXIS2_PLACEMENT_3D('',#14739,#14740,#14741);
#14739 = CARTESIAN_POINT('',(3.,3.,2.63));
#14740 = DIRECTION('',(-0.,0.,-1.));
#14741 = DIRECTION('',(-0.,-1.,0.));
#14742 = FACE_BOUND('',#14743,.T.);
#14743 = EDGE_LOOP('',(#14744));
#14744 = ORIENTED_EDGE('',*,*,#14745,.T.);
#14745 = EDGE_CURVE('',#14746,#14746,#14748,.T.);
#14746 = VERTEX_POINT('',#14747);
#14747 = CARTESIAN_POINT('',(7.19,1.,2.63));
#14748 = CIRCLE('',#14749,0.5);
#14749 = AXIS2_PLACEMENT_3D('',#14750,#14751,#14752);
#14750 = CARTESIAN_POINT('',(7.19,1.5,2.63));
#14751 = DIRECTION('',(-0.,0.,-1.));
#14752 = DIRECTION('',(-0.,-1.,0.));
#14753 = FACE_BOUND('',#14754,.T.);
#14754 = EDGE_LOOP('',(#14755));
#14755 = ORIENTED_EDGE('',*,*,#14756,.T.);
#14756 = EDGE_CURVE('',#14757,#14757,#14759,.T.);
#14757 = VERTEX_POINT('',#14758);
#14758 = CARTESIAN_POINT('',(9.73,1.,2.63));
#14759 = CIRCLE('',#14760,0.5);
#14760 = AXIS2_PLACEMENT_3D('',#14761,#14762,#14763);
#14761 = CARTESIAN_POINT('',(9.73,1.5,2.63));
#14762 = DIRECTION('',(-0.,0.,-1.));
#14763 = DIRECTION('',(-0.,-1.,0.));
#14764 = FACE_BOUND('',#14765,.T.);
#14765 = EDGE_LOOP('',(#14766));
#14766 = ORIENTED_EDGE('',*,*,#14767,.T.);
#14767 = EDGE_CURVE('',#14768,#14768,#14770,.T.);
#14768 = VERTEX_POINT('',#14769);
#14769 = CARTESIAN_POINT('',(12.27,1.,2.63));
#14770 = CIRCLE('',#14771,0.5);
#14771 = AXIS2_PLACEMENT_3D('',#14772,#14773,#14774);
#14772 = CARTESIAN_POINT('',(12.27,1.5,2.63));
#14773 = DIRECTION('',(-0.,0.,-1.));
#14774 = DIRECTION('',(-0.,-1.,0.));
#14775 = FACE_BOUND('',#14776,.T.);
#14776 = EDGE_LOOP('',(#14777));
#14777 = ORIENTED_EDGE('',*,*,#14778,.T.);
#14778 = EDGE_CURVE('',#14779,#14779,#14781,.T.);
#14779 = VERTEX_POINT('',#14780);
#14780 = CARTESIAN_POINT('',(14.81,1.,2.63));
#14781 = CIRCLE('',#14782,0.5);
#14782 = AXIS2_PLACEMENT_3D('',#14783,#14784,#14785);
#14783 = CARTESIAN_POINT('',(14.81,1.5,2.63));
#14784 = DIRECTION('',(-0.,0.,-1.));
#14785 = DIRECTION('',(-0.,-1.,0.));
#14786 = FACE_BOUND('',#14787,.T.);
#14787 = EDGE_LOOP('',(#14788));
#14788 = ORIENTED_EDGE('',*,*,#14789,.T.);
#14789 = EDGE_CURVE('',#14790,#14790,#14792,.T.);
#14790 = VERTEX_POINT('',#14791);
#14791 = CARTESIAN_POINT('',(19.,1.4,2.63));
#14792 = CIRCLE('',#14793,1.6);
#14793 = AXIS2_PLACEMENT_3D('',#14794,#14795,#14796);
#14794 = CARTESIAN_POINT('',(19.,3.,2.63));
#14795 = DIRECTION('',(-0.,0.,-1.));
#14796 = DIRECTION('',(-0.,-1.,0.));
#14797 = FACE_BOUND('',#14798,.T.);
#14798 = EDGE_LOOP('',(#14799));
#14799 = ORIENTED_EDGE('',*,*,#14800,.T.);
#14800 = EDGE_CURVE('',#14801,#14801,#14803,.T.);
#14801 = VERTEX_POINT('',#14802);
#14802 = CARTESIAN_POINT('',(9.73,20.,2.63));
#14803 = CIRCLE('',#14804,0.5);
#14804 = AXIS2_PLACEMENT_3D('',#14805,#14806,#14807);
#14805 = CARTESIAN_POINT('',(9.73,20.5,2.63));
#14806 = DIRECTION('',(-0.,0.,-1.));
#14807 = DIRECTION('',(-0.,-1.,0.));
#14808 = FACE_BOUND('',#14809,.T.);
#14809 = EDGE_LOOP('',(#14810));
#14810 = ORIENTED_EDGE('',*,*,#14811,.T.);
#14811 = EDGE_CURVE('',#14812,#14812,#14814,.T.);
#14812 = VERTEX_POINT('',#14813);
#14813 = CARTESIAN_POINT('',(12.27,20.,2.63));
#14814 = CIRCLE('',#14815,0.5);
#14815 = AXIS2_PLACEMENT_3D('',#14816,#14817,#14818);
#14816 = CARTESIAN_POINT('',(12.27,20.5,2.63));
#14817 = DIRECTION('',(-0.,0.,-1.));
#14818 = DIRECTION('',(-0.,-1.,0.));
#14819 = FACE_BOUND('',#14820,.T.);
#14820 = EDGE_LOOP('',(#14821));
#14821 = ORIENTED_EDGE('',*,*,#14822,.T.);
#14822 = EDGE_CURVE('',#14823,#14823,#14825,.T.);
#14823 = VERTEX_POINT('',#14824);
#14824 = CARTESIAN_POINT('',(14.81,20.,2.63));
#14825 = CIRCLE('',#14826,0.5);
#14826 = AXIS2_PLACEMENT_3D('',#14827,#14828,#14829);
#14827 = CARTESIAN_POINT('',(14.81,20.5,2.63));
#14828 = DIRECTION('',(-0.,0.,-1.));
#14829 = DIRECTION('',(-0.,-1.,0.));
#14830 = PLANE('',#14831);
#14831 = AXIS2_PLACEMENT_3D('',#14832,#14833,#14834);
#14832 = CARTESIAN_POINT('',(0.,0.,2.63));
#14833 = DIRECTION('',(0.,0.,1.));
#14834 = DIRECTION('',(1.,0.,-0.));
#14835 = ADVANCED_FACE('',(#14836),#14847,.T.);
#14836 = FACE_BOUND('',#14837,.T.);
#14837 = EDGE_LOOP('',(#14838,#14844,#14845,#14846));
#14838 = ORIENTED_EDGE('',*,*,#14839,.T.);
#14839 = EDGE_CURVE('',#14540,#14691,#14840,.T.);
#14840 = LINE('',#14841,#14842);
#14841 = CARTESIAN_POINT('',(-4.440892098501E-16,19.5,0.));
#14842 = VECTOR('',#14843,1.);
#14843 = DIRECTION('',(0.,0.,1.));
#14844 = ORIENTED_EDGE('',*,*,#14690,.T.);
#14845 = ORIENTED_EDGE('',*,*,#14475,.F.);
#14846 = ORIENTED_EDGE('',*,*,#14539,.F.);
#14847 = CYLINDRICAL_SURFACE('',#14848,2.499999839417);
#14848 = AXIS2_PLACEMENT_3D('',#14849,#14850,#14851);
#14849 = CARTESIAN_POINT('',(2.499999839417,19.500000160583,0.));
#14850 = DIRECTION('',(0.,0.,-1.));
#14851 = DIRECTION('',(-1.,-6.423314275614E-08,-0.));
#14852 = ADVANCED_FACE('',(#14853),#14864,.T.);
#14853 = FACE_BOUND('',#14854,.T.);
#14854 = EDGE_LOOP('',(#14855,#14856,#14857,#14863));
#14855 = ORIENTED_EDGE('',*,*,#14515,.T.);
#14856 = ORIENTED_EDGE('',*,*,#14724,.T.);
#14857 = ORIENTED_EDGE('',*,*,#14858,.F.);
#14858 = EDGE_CURVE('',#14566,#14717,#14859,.T.);
#14859 = LINE('',#14860,#14861);
#14860 = CARTESIAN_POINT('',(19.5,-4.440892098501E-16,0.));
#14861 = VECTOR('',#14862,1.);
#14862 = DIRECTION('',(0.,0.,1.));
#14863 = ORIENTED_EDGE('',*,*,#14573,.F.);
#14864 = CYLINDRICAL_SURFACE('',#14865,2.499999839417);
#14865 = AXIS2_PLACEMENT_3D('',#14866,#14867,#14868);
#14866 = CARTESIAN_POINT('',(19.500000160583,2.499999839417,0.));
#14867 = DIRECTION('',(0.,0.,-1.));
#14868 = DIRECTION('',(1.,6.423314293377E-08,0.));
#14869 = ADVANCED_FACE('',(#14870),#14881,.T.);
#14870 = FACE_BOUND('',#14871,.T.);
#14871 = EDGE_LOOP('',(#14872,#14878,#14879,#14880));
#14872 = ORIENTED_EDGE('',*,*,#14873,.T.);
#14873 = EDGE_CURVE('',#14549,#14700,#14874,.T.);
#14874 = LINE('',#14875,#14876);
#14875 = CARTESIAN_POINT('',(-2.22044604925E-16,2.5,0.));
#14876 = VECTOR('',#14877,1.);
#14877 = DIRECTION('',(0.,0.,1.));
#14878 = ORIENTED_EDGE('',*,*,#14699,.T.);
#14879 = ORIENTED_EDGE('',*,*,#14839,.F.);
#14880 = ORIENTED_EDGE('',*,*,#14548,.F.);
#14881 = PLANE('',#14882);
#14882 = AXIS2_PLACEMENT_3D('',#14883,#14884,#14885);
#14883 = CARTESIAN_POINT('',(0.,2.5,0.));
#14884 = DIRECTION('',(-1.,0.,0.));
#14885 = DIRECTION('',(0.,1.,0.));
#14886 = ADVANCED_FACE('',(#14887),#14898,.T.);
#14887 = FACE_BOUND('',#14888,.T.);
#14888 = EDGE_LOOP('',(#14889,#14890,#14891,#14897));
#14889 = ORIENTED_EDGE('',*,*,#14858,.T.);
#14890 = ORIENTED_EDGE('',*,*,#14716,.T.);
#14891 = ORIENTED_EDGE('',*,*,#14892,.F.);
#14892 = EDGE_CURVE('',#14557,#14708,#14893,.T.);
#14893 = LINE('',#14894,#14895);
#14894 = CARTESIAN_POINT('',(2.5,-2.22044604925E-16,0.));
#14895 = VECTOR('',#14896,1.);
#14896 = DIRECTION('',(0.,0.,1.));
#14897 = ORIENTED_EDGE('',*,*,#14565,.F.);
#14898 = PLANE('',#14899);
#14899 = AXIS2_PLACEMENT_3D('',#14900,#14901,#14902);
#14900 = CARTESIAN_POINT('',(19.5,0.,0.));
#14901 = DIRECTION('',(0.,-1.,0.));
#14902 = DIRECTION('',(-1.,0.,0.));
#14903 = ADVANCED_FACE('',(#14904),#14910,.T.);
#14904 = FACE_BOUND('',#14905,.T.);
#14905 = EDGE_LOOP('',(#14906,#14907,#14908,#14909));
#14906 = ORIENTED_EDGE('',*,*,#14892,.T.);
#14907 = ORIENTED_EDGE('',*,*,#14707,.T.);
#14908 = ORIENTED_EDGE('',*,*,#14873,.F.);
#14909 = ORIENTED_EDGE('',*,*,#14556,.F.);
#14910 = CYLINDRICAL_SURFACE('',#14911,2.499999839417);
#14911 = AXIS2_PLACEMENT_3D('',#14912,#14913,#14914);
#14912 = CARTESIAN_POINT('',(2.499999839417,2.499999839417,0.));
#14913 = DIRECTION('',(0.,0.,-1.));
#14914 = DIRECTION('',(6.423314417722E-08,-1.,0.));
#14915 = ADVANCED_FACE('',(#14916),#14927,.F.);
#14916 = FACE_BOUND('',#14917,.T.);
#14917 = EDGE_LOOP('',(#14918,#14919,#14925,#14926));
#14918 = ORIENTED_EDGE('',*,*,#14583,.T.);
#14919 = ORIENTED_EDGE('',*,*,#14920,.T.);
#14920 = EDGE_CURVE('',#14584,#14735,#14921,.T.);
#14921 = LINE('',#14922,#14923);
#14922 = CARTESIAN_POINT('',(3.,1.4,-4.5E-02));
#14923 = VECTOR('',#14924,1.);
#14924 = DIRECTION('',(0.,0.,1.));
#14925 = ORIENTED_EDGE('',*,*,#14734,.F.);
#14926 = ORIENTED_EDGE('',*,*,#14920,.F.);
#14927 = CYLINDRICAL_SURFACE('',#14928,1.6);
#14928 = AXIS2_PLACEMENT_3D('',#14929,#14930,#14931);
#14929 = CARTESIAN_POINT('',(3.,3.,-4.5E-02));
#14930 = DIRECTION('',(-0.,-0.,-1.));
#14931 = DIRECTION('',(-0.,-1.,0.));
#14932 = ADVANCED_FACE('',(#14933),#14944,.F.);
#14933 = FACE_BOUND('',#14934,.T.);
#14934 = EDGE_LOOP('',(#14935,#14936,#14942,#14943));
#14935 = ORIENTED_EDGE('',*,*,#14594,.T.);
#14936 = ORIENTED_EDGE('',*,*,#14937,.T.);
#14937 = EDGE_CURVE('',#14595,#14746,#14938,.T.);
#14938 = LINE('',#14939,#14940);
#14939 = CARTESIAN_POINT('',(7.19,1.,-4.5E-02));
#14940 = VECTOR('',#14941,1.);
#14941 = DIRECTION('',(0.,0.,1.));
#14942 = ORIENTED_EDGE('',*,*,#14745,.F.);
#14943 = ORIENTED_EDGE('',*,*,#14937,.F.);
#14944 = CYLINDRICAL_SURFACE('',#14945,0.5);
#14945 = AXIS2_PLACEMENT_3D('',#14946,#14947,#14948);
#14946 = CARTESIAN_POINT('',(7.19,1.5,-4.5E-02));
#14947 = DIRECTION('',(-0.,-0.,-1.));
#14948 = DIRECTION('',(-0.,-1.,0.));
#14949 = ADVANCED_FACE('',(#14950),#14961,.F.);
#14950 = FACE_BOUND('',#14951,.T.);
#14951 = EDGE_LOOP('',(#14952,#14953,#14959,#14960));
#14952 = ORIENTED_EDGE('',*,*,#14605,.T.);
#14953 = ORIENTED_EDGE('',*,*,#14954,.T.);
#14954 = EDGE_CURVE('',#14606,#14757,#14955,.T.);
#14955 = LINE('',#14956,#14957);
#14956 = CARTESIAN_POINT('',(9.73,1.,-4.5E-02));
#14957 = VECTOR('',#14958,1.);
#14958 = DIRECTION('',(0.,0.,1.));
#14959 = ORIENTED_EDGE('',*,*,#14756,.F.);
#14960 = ORIENTED_EDGE('',*,*,#14954,.F.);
#14961 = CYLINDRICAL_SURFACE('',#14962,0.5);
#14962 = AXIS2_PLACEMENT_3D('',#14963,#14964,#14965);
#14963 = CARTESIAN_POINT('',(9.73,1.5,-4.5E-02));
#14964 = DIRECTION('',(-0.,-0.,-1.));
#14965 = DIRECTION('',(-0.,-1.,0.));
#14966 = ADVANCED_FACE('',(#14967),#14978,.F.);
#14967 = FACE_BOUND('',#14968,.T.);
#14968 = EDGE_LOOP('',(#14969,#14970,#14976,#14977));
#14969 = ORIENTED_EDGE('',*,*,#14616,.T.);
#14970 = ORIENTED_EDGE('',*,*,#14971,.T.);
#14971 = EDGE_CURVE('',#14617,#14768,#14972,.T.);
#14972 = LINE('',#14973,#14974);
#14973 = CARTESIAN_POINT('',(12.27,1.,-4.5E-02));
#14974 = VECTOR('',#14975,1.);
#14975 = DIRECTION('',(0.,0.,1.));
#14976 = ORIENTED_EDGE('',*,*,#14767,.F.);
#14977 = ORIENTED_EDGE('',*,*,#14971,.F.);
#14978 = CYLINDRICAL_SURFACE('',#14979,0.5);
#14979 = AXIS2_PLACEMENT_3D('',#14980,#14981,#14982);
#14980 = CARTESIAN_POINT('',(12.27,1.5,-4.5E-02));
#14981 = DIRECTION('',(-0.,-0.,-1.));
#14982 = DIRECTION('',(-0.,-1.,0.));
#14983 = ADVANCED_FACE('',(#14984),#14995,.F.);
#14984 = FACE_BOUND('',#14985,.T.);
#14985 = EDGE_LOOP('',(#14986,#14987,#14993,#14994));
#14986 = ORIENTED_EDGE('',*,*,#14627,.T.);
#14987 = ORIENTED_EDGE('',*,*,#14988,.T.);
#14988 = EDGE_CURVE('',#14628,#14779,#14989,.T.);
#14989 = LINE('',#14990,#14991);
#14990 = CARTESIAN_POINT('',(14.81,1.,-4.5E-02));
#14991 = VECTOR('',#14992,1.);
#14992 = DIRECTION('',(0.,0.,1.));
#14993 = ORIENTED_EDGE('',*,*,#14778,.F.);
#14994 = ORIENTED_EDGE('',*,*,#14988,.F.);
#14995 = CYLINDRICAL_SURFACE('',#14996,0.5);
#14996 = AXIS2_PLACEMENT_3D('',#14997,#14998,#14999);
#14997 = CARTESIAN_POINT('',(14.81,1.5,-4.5E-02));
#14998 = DIRECTION('',(-0.,-0.,-1.));
#14999 = DIRECTION('',(-0.,-1.,0.));
#15000 = ADVANCED_FACE('',(#15001),#15012,.F.);
#15001 = FACE_BOUND('',#15002,.T.);
#15002 = EDGE_LOOP('',(#15003,#15004,#15010,#15011));
#15003 = ORIENTED_EDGE('',*,*,#14638,.T.);
#15004 = ORIENTED_EDGE('',*,*,#15005,.T.);
#15005 = EDGE_CURVE('',#14639,#14790,#15006,.T.);
#15006 = LINE('',#15007,#15008);
#15007 = CARTESIAN_POINT('',(19.,1.4,-4.5E-02));
#15008 = VECTOR('',#15009,1.);
#15009 = DIRECTION('',(0.,0.,1.));
#15010 = ORIENTED_EDGE('',*,*,#14789,.F.);
#15011 = ORIENTED_EDGE('',*,*,#15005,.F.);
#15012 = CYLINDRICAL_SURFACE('',#15013,1.6);
#15013 = AXIS2_PLACEMENT_3D('',#15014,#15015,#15016);
#15014 = CARTESIAN_POINT('',(19.,3.,-4.5E-02));
#15015 = DIRECTION('',(-0.,-0.,-1.));
#15016 = DIRECTION('',(-0.,-1.,0.));
#15017 = ADVANCED_FACE('',(#15018),#15029,.F.);
#15018 = FACE_BOUND('',#15019,.T.);
#15019 = EDGE_LOOP('',(#15020,#15021,#15027,#15028));
#15020 = ORIENTED_EDGE('',*,*,#14649,.T.);
#15021 = ORIENTED_EDGE('',*,*,#15022,.T.);
#15022 = EDGE_CURVE('',#14650,#14801,#15023,.T.);
#15023 = LINE('',#15024,#15025);
#15024 = CARTESIAN_POINT('',(9.73,20.,-4.5E-02));
#15025 = VECTOR('',#15026,1.);
#15026 = DIRECTION('',(0.,0.,1.));
#15027 = ORIENTED_EDGE('',*,*,#14800,.F.);
#15028 = ORIENTED_EDGE('',*,*,#15022,.F.);
#15029 = CYLINDRICAL_SURFACE('',#15030,0.5);
#15030 = AXIS2_PLACEMENT_3D('',#15031,#15032,#15033);
#15031 = CARTESIAN_POINT('',(9.73,20.5,-4.5E-02));
#15032 = DIRECTION('',(-0.,-0.,-1.));
#15033 = DIRECTION('',(-0.,-1.,0.));
#15034 = ADVANCED_FACE('',(#15035),#15046,.F.);
#15035 = FACE_BOUND('',#15036,.T.);
#15036 = EDGE_LOOP('',(#15037,#15038,#15044,#15045));
#15037 = ORIENTED_EDGE('',*,*,#14660,.T.);
#15038 = ORIENTED_EDGE('',*,*,#15039,.T.);
#15039 = EDGE_CURVE('',#14661,#14812,#15040,.T.);
#15040 = LINE('',#15041,#15042);
#15041 = CARTESIAN_POINT('',(12.27,20.,-4.5E-02));
#15042 = VECTOR('',#15043,1.);
#15043 = DIRECTION('',(0.,0.,1.));
#15044 = ORIENTED_EDGE('',*,*,#14811,.F.);
#15045 = ORIENTED_EDGE('',*,*,#15039,.F.);
#15046 = CYLINDRICAL_SURFACE('',#15047,0.5);
#15047 = AXIS2_PLACEMENT_3D('',#15048,#15049,#15050);
#15048 = CARTESIAN_POINT('',(12.27,20.5,-4.5E-02));
#15049 = DIRECTION('',(-0.,-0.,-1.));
#15050 = DIRECTION('',(-0.,-1.,0.));
#15051 = ADVANCED_FACE('',(#15052),#15063,.F.);
#15052 = FACE_BOUND('',#15053,.T.);
#15053 = EDGE_LOOP('',(#15054,#15055,#15061,#15062));
#15054 = ORIENTED_EDGE('',*,*,#14671,.T.);
#15055 = ORIENTED_EDGE('',*,*,#15056,.T.);
#15056 = EDGE_CURVE('',#14672,#14823,#15057,.T.);
#15057 = LINE('',#15058,#15059);
#15058 = CARTESIAN_POINT('',(14.81,20.,-4.5E-02));
#15059 = VECTOR('',#15060,1.);
#15060 = DIRECTION('',(0.,0.,1.));
#15061 = ORIENTED_EDGE('',*,*,#14822,.F.);
#15062 = ORIENTED_EDGE('',*,*,#15056,.F.);
#15063 = CYLINDRICAL_SURFACE('',#15064,0.5);
#15064 = AXIS2_PLACEMENT_3D('',#15065,#15066,#15067);
#15065 = CARTESIAN_POINT('',(14.81,20.5,-4.5E-02));
#15066 = DIRECTION('',(-0.,-0.,-1.));
#15067 = DIRECTION('',(-0.,-1.,0.));
#15068 = ( GEOMETRIC_REPRESENTATION_CONTEXT(3) 
GLOBAL_UNCERTAINTY_ASSIGNED_CONTEXT((#15072)) 
GLOBAL_UNIT_ASSIGNED_CONTEXT((#15069,#15070,#15071)) 
REPRESENTATION_CONTEXT('Context #1',
  '3D Context with UNIT and UNCERTAINTY') );
#15069 = ( LENGTH_UNIT() NAMED_UNIT(*) SI_UNIT(.MILLI.,.METRE.) );
#15070 = ( NAMED_UNIT(*) PLANE_ANGLE_UNIT() SI_UNIT($,.RADIAN.) );
#15071 = ( NAMED_UNIT(*) SI_UNIT($,.STERADIAN.) SOLID_ANGLE_UNIT() );
#15072 = UNCERTAINTY_MEASURE_WITH_UNIT(LENGTH_MEASURE(1.E-07),#15069,
  'distance_accuracy_value','confusion accuracy');
#15073 = CONTEXT_DEPENDENT_SHAPE_REPRESENTATION(#15074,#15076);
#15074 = ( REPRESENTATION_RELATIONSHIP('','',#14426,#10) 
REPRESENTATION_RELATIONSHIP_WITH_TRANSFORMATION(#15075) 
SHAPE_REPRESENTATION_RELATIONSHIP() );
#15075 = ITEM_DEFINED_TRANSFORMATION('','',#11,#47);
#15076 = PRODUCT_DEFINITION_SHAPE('Placement','Placement of an item',
  #15077);
#15077 = NEXT_ASSEMBLY_USAGE_OCCURRENCE('15','=>[0:1:1:14]','',#5,#14421
  ,$);
#15078 = PRODUCT_RELATED_PRODUCT_CATEGORY('part',$,(#14423));
#15079 = MECHANICAL_DESIGN_GEOMETRIC_PRESENTATION_REPRESENTATION('',(
    #15080,#15088,#15095,#15103,#15110,#15117,#15124),#10446);
#15080 = STYLED_ITEM('color',(#15081),#7500);
#15081 = PRESENTATION_STYLE_ASSIGNMENT((#15082));
#15082 = SURFACE_STYLE_USAGE(.BOTH.,#15083);
#15083 = SURFACE_SIDE_STYLE('',(#15084));
#15084 = SURFACE_STYLE_FILL_AREA(#15085);
#15085 = FILL_AREA_STYLE('',(#15086));
#15086 = FILL_AREA_STYLE_COLOUR('',#15087);
#15087 = COLOUR_RGB('',0.501960785193,0.501960785193,0.501960785193);
#15088 = STYLED_ITEM('color',(#15089),#7654);
#15089 = PRESENTATION_STYLE_ASSIGNMENT((#15090));
#15090 = SURFACE_STYLE_USAGE(.BOTH.,#15091);
#15091 = SURFACE_SIDE_STYLE('',(#15092));
#15092 = SURFACE_STYLE_FILL_AREA(#15093);
#15093 = FILL_AREA_STYLE('',(#15094));
#15094 = FILL_AREA_STYLE_COLOUR('',#15087);
#15095 = STYLED_ITEM('color',(#15096),#7808);
#15096 = PRESENTATION_STYLE_ASSIGNMENT((#15097));
#15097 = SURFACE_STYLE_USAGE(.BOTH.,#15098);
#15098 = SURFACE_SIDE_STYLE('',(#15099));
#15099 = SURFACE_STYLE_FILL_AREA(#15100);
#15100 = FILL_AREA_STYLE('',(#15101));
#15101 = FILL_AREA_STYLE_COLOUR('',#15102);
#15102 = COLOUR_RGB('',0.968627457133,0.878431359152,0.599999994755);
#15103 = STYLED_ITEM('color',(#15104),#8090);
#15104 = PRESENTATION_STYLE_ASSIGNMENT((#15105));
#15105 = SURFACE_STYLE_USAGE(.BOTH.,#15106);
#15106 = SURFACE_SIDE_STYLE('',(#15107));
#15107 = SURFACE_STYLE_FILL_AREA(#15108);
#15108 = FILL_AREA_STYLE('',(#15109));
#15109 = FILL_AREA_STYLE_COLOUR('',#15087);
#15110 = STYLED_ITEM('color',(#15111),#8846);
#15111 = PRESENTATION_STYLE_ASSIGNMENT((#15112));
#15112 = SURFACE_STYLE_USAGE(.BOTH.,#15113);
#15113 = SURFACE_SIDE_STYLE('',(#15114));
#15114 = SURFACE_STYLE_FILL_AREA(#15115);
#15115 = FILL_AREA_STYLE('',(#15116));
#15116 = FILL_AREA_STYLE_COLOUR('',#15102);
#15117 = STYLED_ITEM('color',(#15118),#9571);
#15118 = PRESENTATION_STYLE_ASSIGNMENT((#15119));
#15119 = SURFACE_STYLE_USAGE(.BOTH.,#15120);
#15120 = SURFACE_SIDE_STYLE('',(#15121));
#15121 = SURFACE_STYLE_FILL_AREA(#15122);
#15122 = FILL_AREA_STYLE('',(#15123));
#15123 = FILL_AREA_STYLE_COLOUR('',#15102);
#15124 = STYLED_ITEM('color',(#15125),#10296);
#15125 = PRESENTATION_STYLE_ASSIGNMENT((#15126));
#15126 = SURFACE_STYLE_USAGE(.BOTH.,#15127);
#15127 = SURFACE_SIDE_STYLE('',(#15128));
#15128 = SURFACE_STYLE_FILL_AREA(#15129);
#15129 = FILL_AREA_STYLE('',(#15130));
#15130 = FILL_AREA_STYLE_COLOUR('',#15131);
#15131 = DRAUGHTING_PRE_DEFINED_COLOUR('white');
#15132 = MECHANICAL_DESIGN_GEOMETRIC_PRESENTATION_REPRESENTATION('',(
    #15133,#15143,#15151,#15158,#15165,#15172,#15179,#15186,#15193,
    #15200,#15207,#15214,#15221,#15228,#15235,#15242,#15249,#15256,
    #15263,#15270,#15277,#15284,#15291,#15298,#15305,#15312,#15319,
    #15326,#15333,#15340,#15347,#15354,#15361,#15368,#15375,#15382,
    #15389,#15396,#15403,#15410,#15417,#15424,#15431,#15438,#15445,
    #15452,#15459,#15466,#15473,#15480,#15487,#15494,#15501,#15508,
    #15515,#15522,#15529,#15536,#15543,#15550,#15557,#15564,#15571,
    #15578,#15585,#15592,#15599,#15606,#15613,#15620,#15627,#15634,
    #15641,#15648,#15655,#15662,#15669,#15676,#15683,#15690,#15697,
    #15704,#15711,#15718,#15725,#15732,#15739,#15746,#15753),#14398);
#15133 = STYLED_ITEM('color',(#15134),#10488);
#15134 = PRESENTATION_STYLE_ASSIGNMENT((#15135,#15141));
#15135 = SURFACE_STYLE_USAGE(.BOTH.,#15136);
#15136 = SURFACE_SIDE_STYLE('',(#15137));
#15137 = SURFACE_STYLE_FILL_AREA(#15138);
#15138 = FILL_AREA_STYLE('',(#15139));
#15139 = FILL_AREA_STYLE_COLOUR('',#15140);
#15140 = COLOUR_RGB('',1.,0.901960770338,0.705882360366);
#15141 = CURVE_STYLE('',#15142,POSITIVE_LENGTH_MEASURE(0.1),#15140);
#15142 = DRAUGHTING_PRE_DEFINED_CURVE_FONT('continuous');
#15143 = OVER_RIDING_STYLED_ITEM('overriding color',(#15144),#10490,
  #15133);
#15144 = PRESENTATION_STYLE_ASSIGNMENT((#15145));
#15145 = SURFACE_STYLE_USAGE(.BOTH.,#15146);
#15146 = SURFACE_SIDE_STYLE('',(#15147));
#15147 = SURFACE_STYLE_FILL_AREA(#15148);
#15148 = FILL_AREA_STYLE('',(#15149));
#15149 = FILL_AREA_STYLE_COLOUR('',#15150);
#15150 = COLOUR_RGB('',0.960784305148,0.960784305148,0.964705886078);
#15151 = OVER_RIDING_STYLED_ITEM('overriding color',(#15152),#10530,
  #15133);
#15152 = PRESENTATION_STYLE_ASSIGNMENT((#15153));
#15153 = SURFACE_STYLE_USAGE(.BOTH.,#15154);
#15154 = SURFACE_SIDE_STYLE('',(#15155));
#15155 = SURFACE_STYLE_FILL_AREA(#15156);
#15156 = FILL_AREA_STYLE('',(#15157));
#15157 = FILL_AREA_STYLE_COLOUR('',#15150);
#15158 = OVER_RIDING_STYLED_ITEM('overriding color',(#15159),#10570,
  #15133);
#15159 = PRESENTATION_STYLE_ASSIGNMENT((#15160));
#15160 = SURFACE_STYLE_USAGE(.BOTH.,#15161);
#15161 = SURFACE_SIDE_STYLE('',(#15162));
#15162 = SURFACE_STYLE_FILL_AREA(#15163);
#15163 = FILL_AREA_STYLE('',(#15164));
#15164 = FILL_AREA_STYLE_COLOUR('',#15150);
#15165 = OVER_RIDING_STYLED_ITEM('overriding color',(#15166),#10633,
  #15133);
#15166 = PRESENTATION_STYLE_ASSIGNMENT((#15167));
#15167 = SURFACE_STYLE_USAGE(.BOTH.,#15168);
#15168 = SURFACE_SIDE_STYLE('',(#15169));
#15169 = SURFACE_STYLE_FILL_AREA(#15170);
#15170 = FILL_AREA_STYLE('',(#15171));
#15171 = FILL_AREA_STYLE_COLOUR('',#15150);
#15172 = OVER_RIDING_STYLED_ITEM('overriding color',(#15173),#10657,
  #15133);
#15173 = PRESENTATION_STYLE_ASSIGNMENT((#15174));
#15174 = SURFACE_STYLE_USAGE(.BOTH.,#15175);
#15175 = SURFACE_SIDE_STYLE('',(#15176));
#15176 = SURFACE_STYLE_FILL_AREA(#15177);
#15177 = FILL_AREA_STYLE('',(#15178));
#15178 = FILL_AREA_STYLE_COLOUR('',#15150);
#15179 = OVER_RIDING_STYLED_ITEM('overriding color',(#15180),#10704,
  #15133);
#15180 = PRESENTATION_STYLE_ASSIGNMENT((#15181));
#15181 = SURFACE_STYLE_USAGE(.BOTH.,#15182);
#15182 = SURFACE_SIDE_STYLE('',(#15183));
#15183 = SURFACE_STYLE_FILL_AREA(#15184);
#15184 = FILL_AREA_STYLE('',(#15185));
#15185 = FILL_AREA_STYLE_COLOUR('',#15150);
#15186 = OVER_RIDING_STYLED_ITEM('overriding color',(#15187),#10728,
  #15133);
#15187 = PRESENTATION_STYLE_ASSIGNMENT((#15188));
#15188 = SURFACE_STYLE_USAGE(.BOTH.,#15189);
#15189 = SURFACE_SIDE_STYLE('',(#15190));
#15190 = SURFACE_STYLE_FILL_AREA(#15191);
#15191 = FILL_AREA_STYLE('',(#15192));
#15192 = FILL_AREA_STYLE_COLOUR('',#15150);
#15193 = OVER_RIDING_STYLED_ITEM('overriding color',(#15194),#10770,
  #15133);
#15194 = PRESENTATION_STYLE_ASSIGNMENT((#15195));
#15195 = SURFACE_STYLE_USAGE(.BOTH.,#15196);
#15196 = SURFACE_SIDE_STYLE('',(#15197));
#15197 = SURFACE_STYLE_FILL_AREA(#15198);
#15198 = FILL_AREA_STYLE('',(#15199));
#15199 = FILL_AREA_STYLE_COLOUR('',#15150);
#15200 = OVER_RIDING_STYLED_ITEM('overriding color',(#15201),#10858,
  #15133);
#15201 = PRESENTATION_STYLE_ASSIGNMENT((#15202));
#15202 = SURFACE_STYLE_USAGE(.BOTH.,#15203);
#15203 = SURFACE_SIDE_STYLE('',(#15204));
#15204 = SURFACE_STYLE_FILL_AREA(#15205);
#15205 = FILL_AREA_STYLE('',(#15206));
#15206 = FILL_AREA_STYLE_COLOUR('',#15150);
#15207 = OVER_RIDING_STYLED_ITEM('overriding color',(#15208),#10882,
  #15133);
#15208 = PRESENTATION_STYLE_ASSIGNMENT((#15209));
#15209 = SURFACE_STYLE_USAGE(.BOTH.,#15210);
#15210 = SURFACE_SIDE_STYLE('',(#15211));
#15211 = SURFACE_STYLE_FILL_AREA(#15212);
#15212 = FILL_AREA_STYLE('',(#15213));
#15213 = FILL_AREA_STYLE_COLOUR('',#15150);
#15214 = OVER_RIDING_STYLED_ITEM('overriding color',(#15215),#10924,
  #15133);
#15215 = PRESENTATION_STYLE_ASSIGNMENT((#15216));
#15216 = SURFACE_STYLE_USAGE(.BOTH.,#15217);
#15217 = SURFACE_SIDE_STYLE('',(#15218));
#15218 = SURFACE_STYLE_FILL_AREA(#15219);
#15219 = FILL_AREA_STYLE('',(#15220));
#15220 = FILL_AREA_STYLE_COLOUR('',#15150);
#15221 = OVER_RIDING_STYLED_ITEM('overriding color',(#15222),#11012,
  #15133);
#15222 = PRESENTATION_STYLE_ASSIGNMENT((#15223));
#15223 = SURFACE_STYLE_USAGE(.BOTH.,#15224);
#15224 = SURFACE_SIDE_STYLE('',(#15225));
#15225 = SURFACE_STYLE_FILL_AREA(#15226);
#15226 = FILL_AREA_STYLE('',(#15227));
#15227 = FILL_AREA_STYLE_COLOUR('',#15150);
#15228 = OVER_RIDING_STYLED_ITEM('overriding color',(#15229),#11036,
  #15133);
#15229 = PRESENTATION_STYLE_ASSIGNMENT((#15230));
#15230 = SURFACE_STYLE_USAGE(.BOTH.,#15231);
#15231 = SURFACE_SIDE_STYLE('',(#15232));
#15232 = SURFACE_STYLE_FILL_AREA(#15233);
#15233 = FILL_AREA_STYLE('',(#15234));
#15234 = FILL_AREA_STYLE_COLOUR('',#15150);
#15235 = OVER_RIDING_STYLED_ITEM('overriding color',(#15236),#11078,
  #15133);
#15236 = PRESENTATION_STYLE_ASSIGNMENT((#15237));
#15237 = SURFACE_STYLE_USAGE(.BOTH.,#15238);
#15238 = SURFACE_SIDE_STYLE('',(#15239));
#15239 = SURFACE_STYLE_FILL_AREA(#15240);
#15240 = FILL_AREA_STYLE('',(#15241));
#15241 = FILL_AREA_STYLE_COLOUR('',#15150);
#15242 = OVER_RIDING_STYLED_ITEM('overriding color',(#15243),#11166,
  #15133);
#15243 = PRESENTATION_STYLE_ASSIGNMENT((#15244));
#15244 = SURFACE_STYLE_USAGE(.BOTH.,#15245);
#15245 = SURFACE_SIDE_STYLE('',(#15246));
#15246 = SURFACE_STYLE_FILL_AREA(#15247);
#15247 = FILL_AREA_STYLE('',(#15248));
#15248 = FILL_AREA_STYLE_COLOUR('',#15150);
#15249 = OVER_RIDING_STYLED_ITEM('overriding color',(#15250),#11190,
  #15133);
#15250 = PRESENTATION_STYLE_ASSIGNMENT((#15251));
#15251 = SURFACE_STYLE_USAGE(.BOTH.,#15252);
#15252 = SURFACE_SIDE_STYLE('',(#15253));
#15253 = SURFACE_STYLE_FILL_AREA(#15254);
#15254 = FILL_AREA_STYLE('',(#15255));
#15255 = FILL_AREA_STYLE_COLOUR('',#15150);
#15256 = OVER_RIDING_STYLED_ITEM('overriding color',(#15257),#11232,
  #15133);
#15257 = PRESENTATION_STYLE_ASSIGNMENT((#15258));
#15258 = SURFACE_STYLE_USAGE(.BOTH.,#15259);
#15259 = SURFACE_SIDE_STYLE('',(#15260));
#15260 = SURFACE_STYLE_FILL_AREA(#15261);
#15261 = FILL_AREA_STYLE('',(#15262));
#15262 = FILL_AREA_STYLE_COLOUR('',#15150);
#15263 = OVER_RIDING_STYLED_ITEM('overriding color',(#15264),#11263,
  #15133);
#15264 = PRESENTATION_STYLE_ASSIGNMENT((#15265));
#15265 = SURFACE_STYLE_USAGE(.BOTH.,#15266);
#15266 = SURFACE_SIDE_STYLE('',(#15267));
#15267 = SURFACE_STYLE_FILL_AREA(#15268);
#15268 = FILL_AREA_STYLE('',(#15269));
#15269 = FILL_AREA_STYLE_COLOUR('',#15150);
#15270 = OVER_RIDING_STYLED_ITEM('overriding color',(#15271),#11344,
  #15133);
#15271 = PRESENTATION_STYLE_ASSIGNMENT((#15272));
#15272 = SURFACE_STYLE_USAGE(.BOTH.,#15273);
#15273 = SURFACE_SIDE_STYLE('',(#15274));
#15274 = SURFACE_STYLE_FILL_AREA(#15275);
#15275 = FILL_AREA_STYLE('',(#15276));
#15276 = FILL_AREA_STYLE_COLOUR('',#15150);
#15277 = OVER_RIDING_STYLED_ITEM('overriding color',(#15278),#11425,
  #15133);
#15278 = PRESENTATION_STYLE_ASSIGNMENT((#15279));
#15279 = SURFACE_STYLE_USAGE(.BOTH.,#15280);
#15280 = SURFACE_SIDE_STYLE('',(#15281));
#15281 = SURFACE_STYLE_FILL_AREA(#15282);
#15282 = FILL_AREA_STYLE('',(#15283));
#15283 = FILL_AREA_STYLE_COLOUR('',#15150);
#15284 = OVER_RIDING_STYLED_ITEM('overriding color',(#15285),#11506,
  #15133);
#15285 = PRESENTATION_STYLE_ASSIGNMENT((#15286));
#15286 = SURFACE_STYLE_USAGE(.BOTH.,#15287);
#15287 = SURFACE_SIDE_STYLE('',(#15288));
#15288 = SURFACE_STYLE_FILL_AREA(#15289);
#15289 = FILL_AREA_STYLE('',(#15290));
#15290 = FILL_AREA_STYLE_COLOUR('',#15150);
#15291 = OVER_RIDING_STYLED_ITEM('overriding color',(#15292),#11693,
  #15133);
#15292 = PRESENTATION_STYLE_ASSIGNMENT((#15293));
#15293 = SURFACE_STYLE_USAGE(.BOTH.,#15294);
#15294 = SURFACE_SIDE_STYLE('',(#15295));
#15295 = SURFACE_STYLE_FILL_AREA(#15296);
#15296 = FILL_AREA_STYLE('',(#15297));
#15297 = FILL_AREA_STYLE_COLOUR('',#15150);
#15298 = OVER_RIDING_STYLED_ITEM('overriding color',(#15299),#11710,
  #15133);
#15299 = PRESENTATION_STYLE_ASSIGNMENT((#15300));
#15300 = SURFACE_STYLE_USAGE(.BOTH.,#15301);
#15301 = SURFACE_SIDE_STYLE('',(#15302));
#15302 = SURFACE_STYLE_FILL_AREA(#15303);
#15303 = FILL_AREA_STYLE('',(#15304));
#15304 = FILL_AREA_STYLE_COLOUR('',#15150);
#15305 = OVER_RIDING_STYLED_ITEM('overriding color',(#15306),#11727,
  #15133);
#15306 = PRESENTATION_STYLE_ASSIGNMENT((#15307));
#15307 = SURFACE_STYLE_USAGE(.BOTH.,#15308);
#15308 = SURFACE_SIDE_STYLE('',(#15309));
#15309 = SURFACE_STYLE_FILL_AREA(#15310);
#15310 = FILL_AREA_STYLE('',(#15311));
#15311 = FILL_AREA_STYLE_COLOUR('',#15150);
#15312 = OVER_RIDING_STYLED_ITEM('overriding color',(#15313),#11751,
  #15133);
#15313 = PRESENTATION_STYLE_ASSIGNMENT((#15314));
#15314 = SURFACE_STYLE_USAGE(.BOTH.,#15315);
#15315 = SURFACE_SIDE_STYLE('',(#15316));
#15316 = SURFACE_STYLE_FILL_AREA(#15317);
#15317 = FILL_AREA_STYLE('',(#15318));
#15318 = FILL_AREA_STYLE_COLOUR('',#15150);
#15319 = OVER_RIDING_STYLED_ITEM('overriding color',(#15320),#11768,
  #15133);
#15320 = PRESENTATION_STYLE_ASSIGNMENT((#15321));
#15321 = SURFACE_STYLE_USAGE(.BOTH.,#15322);
#15322 = SURFACE_SIDE_STYLE('',(#15323));
#15323 = SURFACE_STYLE_FILL_AREA(#15324);
#15324 = FILL_AREA_STYLE('',(#15325));
#15325 = FILL_AREA_STYLE_COLOUR('',#15150);
#15326 = OVER_RIDING_STYLED_ITEM('overriding color',(#15327),#11785,
  #15133);
#15327 = PRESENTATION_STYLE_ASSIGNMENT((#15328));
#15328 = SURFACE_STYLE_USAGE(.BOTH.,#15329);
#15329 = SURFACE_SIDE_STYLE('',(#15330));
#15330 = SURFACE_STYLE_FILL_AREA(#15331);
#15331 = FILL_AREA_STYLE('',(#15332));
#15332 = FILL_AREA_STYLE_COLOUR('',#15150);
#15333 = OVER_RIDING_STYLED_ITEM('overriding color',(#15334),#11802,
  #15133);
#15334 = PRESENTATION_STYLE_ASSIGNMENT((#15335));
#15335 = SURFACE_STYLE_USAGE(.BOTH.,#15336);
#15336 = SURFACE_SIDE_STYLE('',(#15337));
#15337 = SURFACE_STYLE_FILL_AREA(#15338);
#15338 = FILL_AREA_STYLE('',(#15339));
#15339 = FILL_AREA_STYLE_COLOUR('',#15150);
#15340 = OVER_RIDING_STYLED_ITEM('overriding color',(#15341),#11867,
  #15133);
#15341 = PRESENTATION_STYLE_ASSIGNMENT((#15342));
#15342 = SURFACE_STYLE_USAGE(.BOTH.,#15343);
#15343 = SURFACE_SIDE_STYLE('',(#15344));
#15344 = SURFACE_STYLE_FILL_AREA(#15345);
#15345 = FILL_AREA_STYLE('',(#15346));
#15346 = FILL_AREA_STYLE_COLOUR('',#15150);
#15347 = OVER_RIDING_STYLED_ITEM('overriding color',(#15348),#11884,
  #15133);
#15348 = PRESENTATION_STYLE_ASSIGNMENT((#15349));
#15349 = SURFACE_STYLE_USAGE(.BOTH.,#15350);
#15350 = SURFACE_SIDE_STYLE('',(#15351));
#15351 = SURFACE_STYLE_FILL_AREA(#15352);
#15352 = FILL_AREA_STYLE('',(#15353));
#15353 = FILL_AREA_STYLE_COLOUR('',#15150);
#15354 = OVER_RIDING_STYLED_ITEM('overriding color',(#15355),#11964,
  #15133);
#15355 = PRESENTATION_STYLE_ASSIGNMENT((#15356));
#15356 = SURFACE_STYLE_USAGE(.BOTH.,#15357);
#15357 = SURFACE_SIDE_STYLE('',(#15358));
#15358 = SURFACE_STYLE_FILL_AREA(#15359);
#15359 = FILL_AREA_STYLE('',(#15360));
#15360 = FILL_AREA_STYLE_COLOUR('',#15150);
#15361 = OVER_RIDING_STYLED_ITEM('overriding color',(#15362),#11988,
  #15133);
#15362 = PRESENTATION_STYLE_ASSIGNMENT((#15363));
#15363 = SURFACE_STYLE_USAGE(.BOTH.,#15364);
#15364 = SURFACE_SIDE_STYLE('',(#15365));
#15365 = SURFACE_STYLE_FILL_AREA(#15366);
#15366 = FILL_AREA_STYLE('',(#15367));
#15367 = FILL_AREA_STYLE_COLOUR('',#15150);
#15368 = OVER_RIDING_STYLED_ITEM('overriding color',(#15369),#12021,
  #15133);
#15369 = PRESENTATION_STYLE_ASSIGNMENT((#15370));
#15370 = SURFACE_STYLE_USAGE(.BOTH.,#15371);
#15371 = SURFACE_SIDE_STYLE('',(#15372));
#15372 = SURFACE_STYLE_FILL_AREA(#15373);
#15373 = FILL_AREA_STYLE('',(#15374));
#15374 = FILL_AREA_STYLE_COLOUR('',#15150);
#15375 = OVER_RIDING_STYLED_ITEM('overriding color',(#15376),#12045,
  #15133);
#15376 = PRESENTATION_STYLE_ASSIGNMENT((#15377));
#15377 = SURFACE_STYLE_USAGE(.BOTH.,#15378);
#15378 = SURFACE_SIDE_STYLE('',(#15379));
#15379 = SURFACE_STYLE_FILL_AREA(#15380);
#15380 = FILL_AREA_STYLE('',(#15381));
#15381 = FILL_AREA_STYLE_COLOUR('',#15150);
#15382 = OVER_RIDING_STYLED_ITEM('overriding color',(#15383),#13306,
  #15133);
#15383 = PRESENTATION_STYLE_ASSIGNMENT((#15384));
#15384 = SURFACE_STYLE_USAGE(.BOTH.,#15385);
#15385 = SURFACE_SIDE_STYLE('',(#15386));
#15386 = SURFACE_STYLE_FILL_AREA(#15387);
#15387 = FILL_AREA_STYLE('',(#15388));
#15388 = FILL_AREA_STYLE_COLOUR('',#15150);
#15389 = OVER_RIDING_STYLED_ITEM('overriding color',(#15390),#13318,
  #15133);
#15390 = PRESENTATION_STYLE_ASSIGNMENT((#15391));
#15391 = SURFACE_STYLE_USAGE(.BOTH.,#15392);
#15392 = SURFACE_SIDE_STYLE('',(#15393));
#15393 = SURFACE_STYLE_FILL_AREA(#15394);
#15394 = FILL_AREA_STYLE('',(#15395));
#15395 = FILL_AREA_STYLE_COLOUR('',#15150);
#15396 = OVER_RIDING_STYLED_ITEM('overriding color',(#15397),#13330,
  #15133);
#15397 = PRESENTATION_STYLE_ASSIGNMENT((#15398));
#15398 = SURFACE_STYLE_USAGE(.BOTH.,#15399);
#15399 = SURFACE_SIDE_STYLE('',(#15400));
#15400 = SURFACE_STYLE_FILL_AREA(#15401);
#15401 = FILL_AREA_STYLE('',(#15402));
#15402 = FILL_AREA_STYLE_COLOUR('',#15150);
#15403 = OVER_RIDING_STYLED_ITEM('overriding color',(#15404),#13352,
  #15133);
#15404 = PRESENTATION_STYLE_ASSIGNMENT((#15405));
#15405 = SURFACE_STYLE_USAGE(.BOTH.,#15406);
#15406 = SURFACE_SIDE_STYLE('',(#15407));
#15407 = SURFACE_STYLE_FILL_AREA(#15408);
#15408 = FILL_AREA_STYLE('',(#15409));
#15409 = FILL_AREA_STYLE_COLOUR('',#15150);
#15410 = OVER_RIDING_STYLED_ITEM('overriding color',(#15411),#13369,
  #15133);
#15411 = PRESENTATION_STYLE_ASSIGNMENT((#15412));
#15412 = SURFACE_STYLE_USAGE(.BOTH.,#15413);
#15413 = SURFACE_SIDE_STYLE('',(#15414));
#15414 = SURFACE_STYLE_FILL_AREA(#15415);
#15415 = FILL_AREA_STYLE('',(#15416));
#15416 = FILL_AREA_STYLE_COLOUR('',#15150);
#15417 = OVER_RIDING_STYLED_ITEM('overriding color',(#15418),#13381,
  #15133);
#15418 = PRESENTATION_STYLE_ASSIGNMENT((#15419));
#15419 = SURFACE_STYLE_USAGE(.BOTH.,#15420);
#15420 = SURFACE_SIDE_STYLE('',(#15421));
#15421 = SURFACE_STYLE_FILL_AREA(#15422);
#15422 = FILL_AREA_STYLE('',(#15423));
#15423 = FILL_AREA_STYLE_COLOUR('',#15150);
#15424 = OVER_RIDING_STYLED_ITEM('overriding color',(#15425),#13403,
  #15133);
#15425 = PRESENTATION_STYLE_ASSIGNMENT((#15426));
#15426 = SURFACE_STYLE_USAGE(.BOTH.,#15427);
#15427 = SURFACE_SIDE_STYLE('',(#15428));
#15428 = SURFACE_STYLE_FILL_AREA(#15429);
#15429 = FILL_AREA_STYLE('',(#15430));
#15430 = FILL_AREA_STYLE_COLOUR('',#15150);
#15431 = OVER_RIDING_STYLED_ITEM('overriding color',(#15432),#13420,
  #15133);
#15432 = PRESENTATION_STYLE_ASSIGNMENT((#15433));
#15433 = SURFACE_STYLE_USAGE(.BOTH.,#15434);
#15434 = SURFACE_SIDE_STYLE('',(#15435));
#15435 = SURFACE_STYLE_FILL_AREA(#15436);
#15436 = FILL_AREA_STYLE('',(#15437));
#15437 = FILL_AREA_STYLE_COLOUR('',#15150);
#15438 = OVER_RIDING_STYLED_ITEM('overriding color',(#15439),#13432,
  #15133);
#15439 = PRESENTATION_STYLE_ASSIGNMENT((#15440));
#15440 = SURFACE_STYLE_USAGE(.BOTH.,#15441);
#15441 = SURFACE_SIDE_STYLE('',(#15442));
#15442 = SURFACE_STYLE_FILL_AREA(#15443);
#15443 = FILL_AREA_STYLE('',(#15444));
#15444 = FILL_AREA_STYLE_COLOUR('',#15150);
#15445 = OVER_RIDING_STYLED_ITEM('overriding color',(#15446),#13454,
  #15133);
#15446 = PRESENTATION_STYLE_ASSIGNMENT((#15447));
#15447 = SURFACE_STYLE_USAGE(.BOTH.,#15448);
#15448 = SURFACE_SIDE_STYLE('',(#15449));
#15449 = SURFACE_STYLE_FILL_AREA(#15450);
#15450 = FILL_AREA_STYLE('',(#15451));
#15451 = FILL_AREA_STYLE_COLOUR('',#15150);
#15452 = OVER_RIDING_STYLED_ITEM('overriding color',(#15453),#13471,
  #15133);
#15453 = PRESENTATION_STYLE_ASSIGNMENT((#15454));
#15454 = SURFACE_STYLE_USAGE(.BOTH.,#15455);
#15455 = SURFACE_SIDE_STYLE('',(#15456));
#15456 = SURFACE_STYLE_FILL_AREA(#15457);
#15457 = FILL_AREA_STYLE('',(#15458));
#15458 = FILL_AREA_STYLE_COLOUR('',#15150);
#15459 = OVER_RIDING_STYLED_ITEM('overriding color',(#15460),#13483,
  #15133);
#15460 = PRESENTATION_STYLE_ASSIGNMENT((#15461));
#15461 = SURFACE_STYLE_USAGE(.BOTH.,#15462);
#15462 = SURFACE_SIDE_STYLE('',(#15463));
#15463 = SURFACE_STYLE_FILL_AREA(#15464);
#15464 = FILL_AREA_STYLE('',(#15465));
#15465 = FILL_AREA_STYLE_COLOUR('',#15150);
#15466 = OVER_RIDING_STYLED_ITEM('overriding color',(#15467),#13505,
  #15133);
#15467 = PRESENTATION_STYLE_ASSIGNMENT((#15468));
#15468 = SURFACE_STYLE_USAGE(.BOTH.,#15469);
#15469 = SURFACE_SIDE_STYLE('',(#15470));
#15470 = SURFACE_STYLE_FILL_AREA(#15471);
#15471 = FILL_AREA_STYLE('',(#15472));
#15472 = FILL_AREA_STYLE_COLOUR('',#15150);
#15473 = OVER_RIDING_STYLED_ITEM('overriding color',(#15474),#13522,
  #15133);
#15474 = PRESENTATION_STYLE_ASSIGNMENT((#15475));
#15475 = SURFACE_STYLE_USAGE(.BOTH.,#15476);
#15476 = SURFACE_SIDE_STYLE('',(#15477));
#15477 = SURFACE_STYLE_FILL_AREA(#15478);
#15478 = FILL_AREA_STYLE('',(#15479));
#15479 = FILL_AREA_STYLE_COLOUR('',#15150);
#15480 = OVER_RIDING_STYLED_ITEM('overriding color',(#15481),#13534,
  #15133);
#15481 = PRESENTATION_STYLE_ASSIGNMENT((#15482));
#15482 = SURFACE_STYLE_USAGE(.BOTH.,#15483);
#15483 = SURFACE_SIDE_STYLE('',(#15484));
#15484 = SURFACE_STYLE_FILL_AREA(#15485);
#15485 = FILL_AREA_STYLE('',(#15486));
#15486 = FILL_AREA_STYLE_COLOUR('',#15150);
#15487 = OVER_RIDING_STYLED_ITEM('overriding color',(#15488),#13546,
  #15133);
#15488 = PRESENTATION_STYLE_ASSIGNMENT((#15489));
#15489 = SURFACE_STYLE_USAGE(.BOTH.,#15490);
#15490 = SURFACE_SIDE_STYLE('',(#15491));
#15491 = SURFACE_STYLE_FILL_AREA(#15492);
#15492 = FILL_AREA_STYLE('',(#15493));
#15493 = FILL_AREA_STYLE_COLOUR('',#15150);
#15494 = OVER_RIDING_STYLED_ITEM('overriding color',(#15495),#13558,
  #15133);
#15495 = PRESENTATION_STYLE_ASSIGNMENT((#15496));
#15496 = SURFACE_STYLE_USAGE(.BOTH.,#15497);
#15497 = SURFACE_SIDE_STYLE('',(#15498));
#15498 = SURFACE_STYLE_FILL_AREA(#15499);
#15499 = FILL_AREA_STYLE('',(#15500));
#15500 = FILL_AREA_STYLE_COLOUR('',#15150);
#15501 = OVER_RIDING_STYLED_ITEM('overriding color',(#15502),#13570,
  #15133);
#15502 = PRESENTATION_STYLE_ASSIGNMENT((#15503));
#15503 = SURFACE_STYLE_USAGE(.BOTH.,#15504);
#15504 = SURFACE_SIDE_STYLE('',(#15505));
#15505 = SURFACE_STYLE_FILL_AREA(#15506);
#15506 = FILL_AREA_STYLE('',(#15507));
#15507 = FILL_AREA_STYLE_COLOUR('',#15150);
#15508 = OVER_RIDING_STYLED_ITEM('overriding color',(#15509),#13582,
  #15133);
#15509 = PRESENTATION_STYLE_ASSIGNMENT((#15510));
#15510 = SURFACE_STYLE_USAGE(.BOTH.,#15511);
#15511 = SURFACE_SIDE_STYLE('',(#15512));
#15512 = SURFACE_STYLE_FILL_AREA(#15513);
#15513 = FILL_AREA_STYLE('',(#15514));
#15514 = FILL_AREA_STYLE_COLOUR('',#15150);
#15515 = OVER_RIDING_STYLED_ITEM('overriding color',(#15516),#13613,
  #15133);
#15516 = PRESENTATION_STYLE_ASSIGNMENT((#15517));
#15517 = SURFACE_STYLE_USAGE(.BOTH.,#15518);
#15518 = SURFACE_SIDE_STYLE('',(#15519));
#15519 = SURFACE_STYLE_FILL_AREA(#15520);
#15520 = FILL_AREA_STYLE('',(#15521));
#15521 = FILL_AREA_STYLE_COLOUR('',#15150);
#15522 = OVER_RIDING_STYLED_ITEM('overriding color',(#15523),#13637,
  #15133);
#15523 = PRESENTATION_STYLE_ASSIGNMENT((#15524));
#15524 = SURFACE_STYLE_USAGE(.BOTH.,#15525);
#15525 = SURFACE_SIDE_STYLE('',(#15526));
#15526 = SURFACE_STYLE_FILL_AREA(#15527);
#15527 = FILL_AREA_STYLE('',(#15528));
#15528 = FILL_AREA_STYLE_COLOUR('',#15150);
#15529 = OVER_RIDING_STYLED_ITEM('overriding color',(#15530),#13661,
  #15133);
#15530 = PRESENTATION_STYLE_ASSIGNMENT((#15531));
#15531 = SURFACE_STYLE_USAGE(.BOTH.,#15532);
#15532 = SURFACE_SIDE_STYLE('',(#15533));
#15533 = SURFACE_STYLE_FILL_AREA(#15534);
#15534 = FILL_AREA_STYLE('',(#15535));
#15535 = FILL_AREA_STYLE_COLOUR('',#15150);
#15536 = OVER_RIDING_STYLED_ITEM('overriding color',(#15537),#13678,
  #15133);
#15537 = PRESENTATION_STYLE_ASSIGNMENT((#15538));
#15538 = SURFACE_STYLE_USAGE(.BOTH.,#15539);
#15539 = SURFACE_SIDE_STYLE('',(#15540));
#15540 = SURFACE_STYLE_FILL_AREA(#15541);
#15541 = FILL_AREA_STYLE('',(#15542));
#15542 = FILL_AREA_STYLE_COLOUR('',#15150);
#15543 = OVER_RIDING_STYLED_ITEM('overriding color',(#15544),#13718,
  #15133);
#15544 = PRESENTATION_STYLE_ASSIGNMENT((#15545));
#15545 = SURFACE_STYLE_USAGE(.BOTH.,#15546);
#15546 = SURFACE_SIDE_STYLE('',(#15547));
#15547 = SURFACE_STYLE_FILL_AREA(#15548);
#15548 = FILL_AREA_STYLE('',(#15549));
#15549 = FILL_AREA_STYLE_COLOUR('',#15150);
#15550 = OVER_RIDING_STYLED_ITEM('overriding color',(#15551),#13749,
  #15133);
#15551 = PRESENTATION_STYLE_ASSIGNMENT((#15552));
#15552 = SURFACE_STYLE_USAGE(.BOTH.,#15553);
#15553 = SURFACE_SIDE_STYLE('',(#15554));
#15554 = SURFACE_STYLE_FILL_AREA(#15555);
#15555 = FILL_AREA_STYLE('',(#15556));
#15556 = FILL_AREA_STYLE_COLOUR('',#15150);
#15557 = OVER_RIDING_STYLED_ITEM('overriding color',(#15558),#13773,
  #15133);
#15558 = PRESENTATION_STYLE_ASSIGNMENT((#15559));
#15559 = SURFACE_STYLE_USAGE(.BOTH.,#15560);
#15560 = SURFACE_SIDE_STYLE('',(#15561));
#15561 = SURFACE_STYLE_FILL_AREA(#15562);
#15562 = FILL_AREA_STYLE('',(#15563));
#15563 = FILL_AREA_STYLE_COLOUR('',#15150);
#15564 = OVER_RIDING_STYLED_ITEM('overriding color',(#15565),#13797,
  #15133);
#15565 = PRESENTATION_STYLE_ASSIGNMENT((#15566));
#15566 = SURFACE_STYLE_USAGE(.BOTH.,#15567);
#15567 = SURFACE_SIDE_STYLE('',(#15568));
#15568 = SURFACE_STYLE_FILL_AREA(#15569);
#15569 = FILL_AREA_STYLE('',(#15570));
#15570 = FILL_AREA_STYLE_COLOUR('',#15150);
#15571 = OVER_RIDING_STYLED_ITEM('overriding color',(#15572),#13814,
  #15133);
#15572 = PRESENTATION_STYLE_ASSIGNMENT((#15573));
#15573 = SURFACE_STYLE_USAGE(.BOTH.,#15574);
#15574 = SURFACE_SIDE_STYLE('',(#15575));
#15575 = SURFACE_STYLE_FILL_AREA(#15576);
#15576 = FILL_AREA_STYLE('',(#15577));
#15577 = FILL_AREA_STYLE_COLOUR('',#15150);
#15578 = OVER_RIDING_STYLED_ITEM('overriding color',(#15579),#13854,
  #15133);
#15579 = PRESENTATION_STYLE_ASSIGNMENT((#15580));
#15580 = SURFACE_STYLE_USAGE(.BOTH.,#15581);
#15581 = SURFACE_SIDE_STYLE('',(#15582));
#15582 = SURFACE_STYLE_FILL_AREA(#15583);
#15583 = FILL_AREA_STYLE('',(#15584));
#15584 = FILL_AREA_STYLE_COLOUR('',#15150);
#15585 = OVER_RIDING_STYLED_ITEM('overriding color',(#15586),#13885,
  #15133);
#15586 = PRESENTATION_STYLE_ASSIGNMENT((#15587));
#15587 = SURFACE_STYLE_USAGE(.BOTH.,#15588);
#15588 = SURFACE_SIDE_STYLE('',(#15589));
#15589 = SURFACE_STYLE_FILL_AREA(#15590);
#15590 = FILL_AREA_STYLE('',(#15591));
#15591 = FILL_AREA_STYLE_COLOUR('',#15150);
#15592 = OVER_RIDING_STYLED_ITEM('overriding color',(#15593),#13909,
  #15133);
#15593 = PRESENTATION_STYLE_ASSIGNMENT((#15594));
#15594 = SURFACE_STYLE_USAGE(.BOTH.,#15595);
#15595 = SURFACE_SIDE_STYLE('',(#15596));
#15596 = SURFACE_STYLE_FILL_AREA(#15597);
#15597 = FILL_AREA_STYLE('',(#15598));
#15598 = FILL_AREA_STYLE_COLOUR('',#15150);
#15599 = OVER_RIDING_STYLED_ITEM('overriding color',(#15600),#13933,
  #15133);
#15600 = PRESENTATION_STYLE_ASSIGNMENT((#15601));
#15601 = SURFACE_STYLE_USAGE(.BOTH.,#15602);
#15602 = SURFACE_SIDE_STYLE('',(#15603));
#15603 = SURFACE_STYLE_FILL_AREA(#15604);
#15604 = FILL_AREA_STYLE('',(#15605));
#15605 = FILL_AREA_STYLE_COLOUR('',#15150);
#15606 = OVER_RIDING_STYLED_ITEM('overriding color',(#15607),#13950,
  #15133);
#15607 = PRESENTATION_STYLE_ASSIGNMENT((#15608));
#15608 = SURFACE_STYLE_USAGE(.BOTH.,#15609);
#15609 = SURFACE_SIDE_STYLE('',(#15610));
#15610 = SURFACE_STYLE_FILL_AREA(#15611);
#15611 = FILL_AREA_STYLE('',(#15612));
#15612 = FILL_AREA_STYLE_COLOUR('',#15150);
#15613 = OVER_RIDING_STYLED_ITEM('overriding color',(#15614),#13990,
  #15133);
#15614 = PRESENTATION_STYLE_ASSIGNMENT((#15615));
#15615 = SURFACE_STYLE_USAGE(.BOTH.,#15616);
#15616 = SURFACE_SIDE_STYLE('',(#15617));
#15617 = SURFACE_STYLE_FILL_AREA(#15618);
#15618 = FILL_AREA_STYLE('',(#15619));
#15619 = FILL_AREA_STYLE_COLOUR('',#15150);
#15620 = OVER_RIDING_STYLED_ITEM('overriding color',(#15621),#14021,
  #15133);
#15621 = PRESENTATION_STYLE_ASSIGNMENT((#15622));
#15622 = SURFACE_STYLE_USAGE(.BOTH.,#15623);
#15623 = SURFACE_SIDE_STYLE('',(#15624));
#15624 = SURFACE_STYLE_FILL_AREA(#15625);
#15625 = FILL_AREA_STYLE('',(#15626));
#15626 = FILL_AREA_STYLE_COLOUR('',#15150);
#15627 = OVER_RIDING_STYLED_ITEM('overriding color',(#15628),#14045,
  #15133);
#15628 = PRESENTATION_STYLE_ASSIGNMENT((#15629));
#15629 = SURFACE_STYLE_USAGE(.BOTH.,#15630);
#15630 = SURFACE_SIDE_STYLE('',(#15631));
#15631 = SURFACE_STYLE_FILL_AREA(#15632);
#15632 = FILL_AREA_STYLE('',(#15633));
#15633 = FILL_AREA_STYLE_COLOUR('',#15150);
#15634 = OVER_RIDING_STYLED_ITEM('overriding color',(#15635),#14069,
  #15133);
#15635 = PRESENTATION_STYLE_ASSIGNMENT((#15636));
#15636 = SURFACE_STYLE_USAGE(.BOTH.,#15637);
#15637 = SURFACE_SIDE_STYLE('',(#15638));
#15638 = SURFACE_STYLE_FILL_AREA(#15639);
#15639 = FILL_AREA_STYLE('',(#15640));
#15640 = FILL_AREA_STYLE_COLOUR('',#15150);
#15641 = OVER_RIDING_STYLED_ITEM('overriding color',(#15642),#14086,
  #15133);
#15642 = PRESENTATION_STYLE_ASSIGNMENT((#15643));
#15643 = SURFACE_STYLE_USAGE(.BOTH.,#15644);
#15644 = SURFACE_SIDE_STYLE('',(#15645));
#15645 = SURFACE_STYLE_FILL_AREA(#15646);
#15646 = FILL_AREA_STYLE('',(#15647));
#15647 = FILL_AREA_STYLE_COLOUR('',#15150);
#15648 = OVER_RIDING_STYLED_ITEM('overriding color',(#15649),#14126,
  #15133);
#15649 = PRESENTATION_STYLE_ASSIGNMENT((#15650));
#15650 = SURFACE_STYLE_USAGE(.BOTH.,#15651);
#15651 = SURFACE_SIDE_STYLE('',(#15652));
#15652 = SURFACE_STYLE_FILL_AREA(#15653);
#15653 = FILL_AREA_STYLE('',(#15654));
#15654 = FILL_AREA_STYLE_COLOUR('',#15150);
#15655 = OVER_RIDING_STYLED_ITEM('overriding color',(#15656),#14148,
  #15133);
#15656 = PRESENTATION_STYLE_ASSIGNMENT((#15657));
#15657 = SURFACE_STYLE_USAGE(.BOTH.,#15658);
#15658 = SURFACE_SIDE_STYLE('',(#15659));
#15659 = SURFACE_STYLE_FILL_AREA(#15660);
#15660 = FILL_AREA_STYLE('',(#15661));
#15661 = FILL_AREA_STYLE_COLOUR('',#15150);
#15662 = OVER_RIDING_STYLED_ITEM('overriding color',(#15663),#14165,
  #15133);
#15663 = PRESENTATION_STYLE_ASSIGNMENT((#15664));
#15664 = SURFACE_STYLE_USAGE(.BOTH.,#15665);
#15665 = SURFACE_SIDE_STYLE('',(#15666));
#15666 = SURFACE_STYLE_FILL_AREA(#15667);
#15667 = FILL_AREA_STYLE('',(#15668));
#15668 = FILL_AREA_STYLE_COLOUR('',#15150);
#15669 = OVER_RIDING_STYLED_ITEM('overriding color',(#15670),#14182,
  #15133);
#15670 = PRESENTATION_STYLE_ASSIGNMENT((#15671));
#15671 = SURFACE_STYLE_USAGE(.BOTH.,#15672);
#15672 = SURFACE_SIDE_STYLE('',(#15673));
#15673 = SURFACE_STYLE_FILL_AREA(#15674);
#15674 = FILL_AREA_STYLE('',(#15675));
#15675 = FILL_AREA_STYLE_COLOUR('',#15150);
#15676 = OVER_RIDING_STYLED_ITEM('overriding color',(#15677),#14194,
  #15133);
#15677 = PRESENTATION_STYLE_ASSIGNMENT((#15678));
#15678 = SURFACE_STYLE_USAGE(.BOTH.,#15679);
#15679 = SURFACE_SIDE_STYLE('',(#15680));
#15680 = SURFACE_STYLE_FILL_AREA(#15681);
#15681 = FILL_AREA_STYLE('',(#15682));
#15682 = FILL_AREA_STYLE_COLOUR('',#15150);
#15683 = OVER_RIDING_STYLED_ITEM('overriding color',(#15684),#14216,
  #15133);
#15684 = PRESENTATION_STYLE_ASSIGNMENT((#15685));
#15685 = SURFACE_STYLE_USAGE(.BOTH.,#15686);
#15686 = SURFACE_SIDE_STYLE('',(#15687));
#15687 = SURFACE_STYLE_FILL_AREA(#15688);
#15688 = FILL_AREA_STYLE('',(#15689));
#15689 = FILL_AREA_STYLE_COLOUR('',#15150);
#15690 = OVER_RIDING_STYLED_ITEM('overriding color',(#15691),#14233,
  #15133);
#15691 = PRESENTATION_STYLE_ASSIGNMENT((#15692));
#15692 = SURFACE_STYLE_USAGE(.BOTH.,#15693);
#15693 = SURFACE_SIDE_STYLE('',(#15694));
#15694 = SURFACE_STYLE_FILL_AREA(#15695);
#15695 = FILL_AREA_STYLE('',(#15696));
#15696 = FILL_AREA_STYLE_COLOUR('',#15150);
#15697 = OVER_RIDING_STYLED_ITEM('overriding color',(#15698),#14250,
  #15133);
#15698 = PRESENTATION_STYLE_ASSIGNMENT((#15699));
#15699 = SURFACE_STYLE_USAGE(.BOTH.,#15700);
#15700 = SURFACE_SIDE_STYLE('',(#15701));
#15701 = SURFACE_STYLE_FILL_AREA(#15702);
#15702 = FILL_AREA_STYLE('',(#15703));
#15703 = FILL_AREA_STYLE_COLOUR('',#15150);
#15704 = OVER_RIDING_STYLED_ITEM('overriding color',(#15705),#14262,
  #15133);
#15705 = PRESENTATION_STYLE_ASSIGNMENT((#15706));
#15706 = SURFACE_STYLE_USAGE(.BOTH.,#15707);
#15707 = SURFACE_SIDE_STYLE('',(#15708));
#15708 = SURFACE_STYLE_FILL_AREA(#15709);
#15709 = FILL_AREA_STYLE('',(#15710));
#15710 = FILL_AREA_STYLE_COLOUR('',#15150);
#15711 = OVER_RIDING_STYLED_ITEM('overriding color',(#15712),#14284,
  #15133);
#15712 = PRESENTATION_STYLE_ASSIGNMENT((#15713));
#15713 = SURFACE_STYLE_USAGE(.BOTH.,#15714);
#15714 = SURFACE_SIDE_STYLE('',(#15715));
#15715 = SURFACE_STYLE_FILL_AREA(#15716);
#15716 = FILL_AREA_STYLE('',(#15717));
#15717 = FILL_AREA_STYLE_COLOUR('',#15150);
#15718 = OVER_RIDING_STYLED_ITEM('overriding color',(#15719),#14301,
  #15133);
#15719 = PRESENTATION_STYLE_ASSIGNMENT((#15720));
#15720 = SURFACE_STYLE_USAGE(.BOTH.,#15721);
#15721 = SURFACE_SIDE_STYLE('',(#15722));
#15722 = SURFACE_STYLE_FILL_AREA(#15723);
#15723 = FILL_AREA_STYLE('',(#15724));
#15724 = FILL_AREA_STYLE_COLOUR('',#15150);
#15725 = OVER_RIDING_STYLED_ITEM('overriding color',(#15726),#14318,
  #15133);
#15726 = PRESENTATION_STYLE_ASSIGNMENT((#15727));
#15727 = SURFACE_STYLE_USAGE(.BOTH.,#15728);
#15728 = SURFACE_SIDE_STYLE('',(#15729));
#15729 = SURFACE_STYLE_FILL_AREA(#15730);
#15730 = FILL_AREA_STYLE('',(#15731));
#15731 = FILL_AREA_STYLE_COLOUR('',#15150);
#15732 = OVER_RIDING_STYLED_ITEM('overriding color',(#15733),#14330,
  #15133);
#15733 = PRESENTATION_STYLE_ASSIGNMENT((#15734));
#15734 = SURFACE_STYLE_USAGE(.BOTH.,#15735);
#15735 = SURFACE_SIDE_STYLE('',(#15736));
#15736 = SURFACE_STYLE_FILL_AREA(#15737);
#15737 = FILL_AREA_STYLE('',(#15738));
#15738 = FILL_AREA_STYLE_COLOUR('',#15150);
#15739 = OVER_RIDING_STYLED_ITEM('overriding color',(#15740),#14352,
  #15133);
#15740 = PRESENTATION_STYLE_ASSIGNMENT((#15741));
#15741 = SURFACE_STYLE_USAGE(.BOTH.,#15742);
#15742 = SURFACE_SIDE_STYLE('',(#15743));
#15743 = SURFACE_STYLE_FILL_AREA(#15744);
#15744 = FILL_AREA_STYLE('',(#15745));
#15745 = FILL_AREA_STYLE_COLOUR('',#15150);
#15746 = OVER_RIDING_STYLED_ITEM('overriding color',(#15747),#14369,
  #15133);
#15747 = PRESENTATION_STYLE_ASSIGNMENT((#15748));
#15748 = SURFACE_STYLE_USAGE(.BOTH.,#15749);
#15749 = SURFACE_SIDE_STYLE('',(#15750));
#15750 = SURFACE_STYLE_FILL_AREA(#15751);
#15751 = FILL_AREA_STYLE('',(#15752));
#15752 = FILL_AREA_STYLE_COLOUR('',#15150);
#15753 = OVER_RIDING_STYLED_ITEM('overriding color',(#15754),#14386,
  #15133);
#15754 = PRESENTATION_STYLE_ASSIGNMENT((#15755));
#15755 = SURFACE_STYLE_USAGE(.BOTH.,#15756);
#15756 = SURFACE_SIDE_STYLE('',(#15757));
#15757 = SURFACE_STYLE_FILL_AREA(#15758);
#15758 = FILL_AREA_STYLE('',(#15759));
#15759 = FILL_AREA_STYLE_COLOUR('',#15150);
#15760 = MECHANICAL_DESIGN_GEOMETRIC_PRESENTATION_REPRESENTATION('',(
    #15761,#15771,#15779,#15786,#15793,#15800,#15807,#15814,#15821,
    #15828,#15835,#15842,#15849,#15857,#15864,#15871,#15878,#15885,
    #15892,#15899,#15906,#15913,#15920,#15927,#15934,#15941,#15948,
    #15955,#15962,#15969,#15976,#15983,#15990,#15997,#16004,#16011,
    #16018,#16025,#16032,#16039,#16046,#16053,#16060,#16067,#16074,
    #16081,#16088,#16095,#16102,#16109,#16116,#16123,#16130,#16137,
    #16144,#16151,#16158,#16165,#16172,#16179,#16186,#16193,#16200,
    #16207,#16214,#16221,#16228,#16235,#16242,#16249,#16256,#16263,
    #16270,#16277,#16284,#16291,#16298,#16305,#16312,#16319,#16326,
    #16333,#16340,#16347,#16354,#16361,#16368,#16375,#16382,#16389,
    #16396,#16403,#16410,#16417,#16424,#16431,#16438,#16445,#16452,
    #16459),#3168);
#15761 = STYLED_ITEM('color',(#15762),#88);
#15762 = PRESENTATION_STYLE_ASSIGNMENT((#15763,#15769));
#15763 = SURFACE_STYLE_USAGE(.BOTH.,#15764);
#15764 = SURFACE_SIDE_STYLE('',(#15765));
#15765 = SURFACE_STYLE_FILL_AREA(#15766);
#15766 = FILL_AREA_STYLE('',(#15767));
#15767 = FILL_AREA_STYLE_COLOUR('',#15768);
#15768 = COLOUR_RGB('',0.796078417252,0.823529417451,0.937254901616);
#15769 = CURVE_STYLE('',#15770,POSITIVE_LENGTH_MEASURE(0.1),#15768);
#15770 = DRAUGHTING_PRE_DEFINED_CURVE_FONT('continuous');
#15771 = OVER_RIDING_STYLED_ITEM('overriding color',(#15772),#90,#15761
  );
#15772 = PRESENTATION_STYLE_ASSIGNMENT((#15773));
#15773 = SURFACE_STYLE_USAGE(.BOTH.,#15774);
#15774 = SURFACE_SIDE_STYLE('',(#15775));
#15775 = SURFACE_STYLE_FILL_AREA(#15776);
#15776 = FILL_AREA_STYLE('',(#15777));
#15777 = FILL_AREA_STYLE_COLOUR('',#15778);
#15778 = COLOUR_RGB('',0.11764705971,0.11764705971,0.11764705971);
#15779 = OVER_RIDING_STYLED_ITEM('overriding color',(#15780),#132,#15761
  );
#15780 = PRESENTATION_STYLE_ASSIGNMENT((#15781));
#15781 = SURFACE_STYLE_USAGE(.BOTH.,#15782);
#15782 = SURFACE_SIDE_STYLE('',(#15783));
#15783 = SURFACE_STYLE_FILL_AREA(#15784);
#15784 = FILL_AREA_STYLE('',(#15785));
#15785 = FILL_AREA_STYLE_COLOUR('',#15778);
#15786 = OVER_RIDING_STYLED_ITEM('overriding color',(#15787),#268,#15761
  );
#15787 = PRESENTATION_STYLE_ASSIGNMENT((#15788));
#15788 = SURFACE_STYLE_USAGE(.BOTH.,#15789);
#15789 = SURFACE_SIDE_STYLE('',(#15790));
#15790 = SURFACE_STYLE_FILL_AREA(#15791);
#15791 = FILL_AREA_STYLE('',(#15792));
#15792 = FILL_AREA_STYLE_COLOUR('',#15778);
#15793 = OVER_RIDING_STYLED_ITEM('overriding color',(#15794),#308,#15761
  );
#15794 = PRESENTATION_STYLE_ASSIGNMENT((#15795));
#15795 = SURFACE_STYLE_USAGE(.BOTH.,#15796);
#15796 = SURFACE_SIDE_STYLE('',(#15797));
#15797 = SURFACE_STYLE_FILL_AREA(#15798);
#15798 = FILL_AREA_STYLE('',(#15799));
#15799 = FILL_AREA_STYLE_COLOUR('',#15778);
#15800 = OVER_RIDING_STYLED_ITEM('overriding color',(#15801),#360,#15761
  );
#15801 = PRESENTATION_STYLE_ASSIGNMENT((#15802));
#15802 = SURFACE_STYLE_USAGE(.BOTH.,#15803);
#15803 = SURFACE_SIDE_STYLE('',(#15804));
#15804 = SURFACE_STYLE_FILL_AREA(#15805);
#15805 = FILL_AREA_STYLE('',(#15806));
#15806 = FILL_AREA_STYLE_COLOUR('',#15778);
#15807 = OVER_RIDING_STYLED_ITEM('overriding color',(#15808),#400,#15761
  );
#15808 = PRESENTATION_STYLE_ASSIGNMENT((#15809));
#15809 = SURFACE_STYLE_USAGE(.BOTH.,#15810);
#15810 = SURFACE_SIDE_STYLE('',(#15811));
#15811 = SURFACE_STYLE_FILL_AREA(#15812);
#15812 = FILL_AREA_STYLE('',(#15813));
#15813 = FILL_AREA_STYLE_COLOUR('',#15778);
#15814 = OVER_RIDING_STYLED_ITEM('overriding color',(#15815),#488,#15761
  );
#15815 = PRESENTATION_STYLE_ASSIGNMENT((#15816));
#15816 = SURFACE_STYLE_USAGE(.BOTH.,#15817);
#15817 = SURFACE_SIDE_STYLE('',(#15818));
#15818 = SURFACE_STYLE_FILL_AREA(#15819);
#15819 = FILL_AREA_STYLE('',(#15820));
#15820 = FILL_AREA_STYLE_COLOUR('',#15778);
#15821 = OVER_RIDING_STYLED_ITEM('overriding color',(#15822),#528,#15761
  );
#15822 = PRESENTATION_STYLE_ASSIGNMENT((#15823));
#15823 = SURFACE_STYLE_USAGE(.BOTH.,#15824);
#15824 = SURFACE_SIDE_STYLE('',(#15825));
#15825 = SURFACE_STYLE_FILL_AREA(#15826);
#15826 = FILL_AREA_STYLE('',(#15827));
#15827 = FILL_AREA_STYLE_COLOUR('',#15778);
#15828 = OVER_RIDING_STYLED_ITEM('overriding color',(#15829),#559,#15761
  );
#15829 = PRESENTATION_STYLE_ASSIGNMENT((#15830));
#15830 = SURFACE_STYLE_USAGE(.BOTH.,#15831);
#15831 = SURFACE_SIDE_STYLE('',(#15832));
#15832 = SURFACE_STYLE_FILL_AREA(#15833);
#15833 = FILL_AREA_STYLE('',(#15834));
#15834 = FILL_AREA_STYLE_COLOUR('',#15778);
#15835 = OVER_RIDING_STYLED_ITEM('overriding color',(#15836),#659,#15761
  );
#15836 = PRESENTATION_STYLE_ASSIGNMENT((#15837));
#15837 = SURFACE_STYLE_USAGE(.BOTH.,#15838);
#15838 = SURFACE_SIDE_STYLE('',(#15839));
#15839 = SURFACE_STYLE_FILL_AREA(#15840);
#15840 = FILL_AREA_STYLE('',(#15841));
#15841 = FILL_AREA_STYLE_COLOUR('',#15778);
#15842 = OVER_RIDING_STYLED_ITEM('overriding color',(#15843),#690,#15761
  );
#15843 = PRESENTATION_STYLE_ASSIGNMENT((#15844));
#15844 = SURFACE_STYLE_USAGE(.BOTH.,#15845);
#15845 = SURFACE_SIDE_STYLE('',(#15846));
#15846 = SURFACE_STYLE_FILL_AREA(#15847);
#15847 = FILL_AREA_STYLE('',(#15848));
#15848 = FILL_AREA_STYLE_COLOUR('',#15778);
#15849 = OVER_RIDING_STYLED_ITEM('overriding color',(#15850),#740,#15761
  );
#15850 = PRESENTATION_STYLE_ASSIGNMENT((#15851));
#15851 = SURFACE_STYLE_USAGE(.BOTH.,#15852);
#15852 = SURFACE_SIDE_STYLE('',(#15853));
#15853 = SURFACE_STYLE_FILL_AREA(#15854);
#15854 = FILL_AREA_STYLE('',(#15855));
#15855 = FILL_AREA_STYLE_COLOUR('',#15856);
#15856 = COLOUR_RGB('',0.752941164258,0.752941164258,0.752941164258);
#15857 = OVER_RIDING_STYLED_ITEM('overriding color',(#15858),#771,#15761
  );
#15858 = PRESENTATION_STYLE_ASSIGNMENT((#15859));
#15859 = SURFACE_STYLE_USAGE(.BOTH.,#15860);
#15860 = SURFACE_SIDE_STYLE('',(#15861));
#15861 = SURFACE_STYLE_FILL_AREA(#15862);
#15862 = FILL_AREA_STYLE('',(#15863));
#15863 = FILL_AREA_STYLE_COLOUR('',#15856);
#15864 = OVER_RIDING_STYLED_ITEM('overriding color',(#15865),#802,#15761
  );
#15865 = PRESENTATION_STYLE_ASSIGNMENT((#15866));
#15866 = SURFACE_STYLE_USAGE(.BOTH.,#15867);
#15867 = SURFACE_SIDE_STYLE('',(#15868));
#15868 = SURFACE_STYLE_FILL_AREA(#15869);
#15869 = FILL_AREA_STYLE('',(#15870));
#15870 = FILL_AREA_STYLE_COLOUR('',#15856);
#15871 = OVER_RIDING_STYLED_ITEM('overriding color',(#15872),#887,#15761
  );
#15872 = PRESENTATION_STYLE_ASSIGNMENT((#15873));
#15873 = SURFACE_STYLE_USAGE(.BOTH.,#15874);
#15874 = SURFACE_SIDE_STYLE('',(#15875));
#15875 = SURFACE_STYLE_FILL_AREA(#15876);
#15876 = FILL_AREA_STYLE('',(#15877));
#15877 = FILL_AREA_STYLE_COLOUR('',#15856);
#15878 = OVER_RIDING_STYLED_ITEM('overriding color',(#15879),#972,#15761
  );
#15879 = PRESENTATION_STYLE_ASSIGNMENT((#15880));
#15880 = SURFACE_STYLE_USAGE(.BOTH.,#15881);
#15881 = SURFACE_SIDE_STYLE('',(#15882));
#15882 = SURFACE_STYLE_FILL_AREA(#15883);
#15883 = FILL_AREA_STYLE('',(#15884));
#15884 = FILL_AREA_STYLE_COLOUR('',#15856);
#15885 = OVER_RIDING_STYLED_ITEM('overriding color',(#15886),#989,#15761
  );
#15886 = PRESENTATION_STYLE_ASSIGNMENT((#15887));
#15887 = SURFACE_STYLE_USAGE(.BOTH.,#15888);
#15888 = SURFACE_SIDE_STYLE('',(#15889));
#15889 = SURFACE_STYLE_FILL_AREA(#15890);
#15890 = FILL_AREA_STYLE('',(#15891));
#15891 = FILL_AREA_STYLE_COLOUR('',#15856);
#15892 = OVER_RIDING_STYLED_ITEM('overriding color',(#15893),#1006,
  #15761);
#15893 = PRESENTATION_STYLE_ASSIGNMENT((#15894));
#15894 = SURFACE_STYLE_USAGE(.BOTH.,#15895);
#15895 = SURFACE_SIDE_STYLE('',(#15896));
#15896 = SURFACE_STYLE_FILL_AREA(#15897);
#15897 = FILL_AREA_STYLE('',(#15898));
#15898 = FILL_AREA_STYLE_COLOUR('',#15856);
#15899 = OVER_RIDING_STYLED_ITEM('overriding color',(#15900),#1023,
  #15761);
#15900 = PRESENTATION_STYLE_ASSIGNMENT((#15901));
#15901 = SURFACE_STYLE_USAGE(.BOTH.,#15902);
#15902 = SURFACE_SIDE_STYLE('',(#15903));
#15903 = SURFACE_STYLE_FILL_AREA(#15904);
#15904 = FILL_AREA_STYLE('',(#15905));
#15905 = FILL_AREA_STYLE_COLOUR('',#15856);
#15906 = OVER_RIDING_STYLED_ITEM('overriding color',(#15907),#1040,
  #15761);
#15907 = PRESENTATION_STYLE_ASSIGNMENT((#15908));
#15908 = SURFACE_STYLE_USAGE(.BOTH.,#15909);
#15909 = SURFACE_SIDE_STYLE('',(#15910));
#15910 = SURFACE_STYLE_FILL_AREA(#15911);
#15911 = FILL_AREA_STYLE('',(#15912));
#15912 = FILL_AREA_STYLE_COLOUR('',#15856);
#15913 = OVER_RIDING_STYLED_ITEM('overriding color',(#15914),#1057,
  #15761);
#15914 = PRESENTATION_STYLE_ASSIGNMENT((#15915));
#15915 = SURFACE_STYLE_USAGE(.BOTH.,#15916);
#15916 = SURFACE_SIDE_STYLE('',(#15917));
#15917 = SURFACE_STYLE_FILL_AREA(#15918);
#15918 = FILL_AREA_STYLE('',(#15919));
#15919 = FILL_AREA_STYLE_COLOUR('',#15856);
#15920 = OVER_RIDING_STYLED_ITEM('overriding color',(#15921),#1074,
  #15761);
#15921 = PRESENTATION_STYLE_ASSIGNMENT((#15922));
#15922 = SURFACE_STYLE_USAGE(.BOTH.,#15923);
#15923 = SURFACE_SIDE_STYLE('',(#15924));
#15924 = SURFACE_STYLE_FILL_AREA(#15925);
#15925 = FILL_AREA_STYLE('',(#15926));
#15926 = FILL_AREA_STYLE_COLOUR('',#15856);
#15927 = OVER_RIDING_STYLED_ITEM('overriding color',(#15928),#1091,
  #15761);
#15928 = PRESENTATION_STYLE_ASSIGNMENT((#15929));
#15929 = SURFACE_STYLE_USAGE(.BOTH.,#15930);
#15930 = SURFACE_SIDE_STYLE('',(#15931));
#15931 = SURFACE_STYLE_FILL_AREA(#15932);
#15932 = FILL_AREA_STYLE('',(#15933));
#15933 = FILL_AREA_STYLE_COLOUR('',#15856);
#15934 = OVER_RIDING_STYLED_ITEM('overriding color',(#15935),#1108,
  #15761);
#15935 = PRESENTATION_STYLE_ASSIGNMENT((#15936));
#15936 = SURFACE_STYLE_USAGE(.BOTH.,#15937);
#15937 = SURFACE_SIDE_STYLE('',(#15938));
#15938 = SURFACE_STYLE_FILL_AREA(#15939);
#15939 = FILL_AREA_STYLE('',(#15940));
#15940 = FILL_AREA_STYLE_COLOUR('',#15856);
#15941 = OVER_RIDING_STYLED_ITEM('overriding color',(#15942),#1120,
  #15761);
#15942 = PRESENTATION_STYLE_ASSIGNMENT((#15943));
#15943 = SURFACE_STYLE_USAGE(.BOTH.,#15944);
#15944 = SURFACE_SIDE_STYLE('',(#15945));
#15945 = SURFACE_STYLE_FILL_AREA(#15946);
#15946 = FILL_AREA_STYLE('',(#15947));
#15947 = FILL_AREA_STYLE_COLOUR('',#15856);
#15948 = OVER_RIDING_STYLED_ITEM('overriding color',(#15949),#1151,
  #15761);
#15949 = PRESENTATION_STYLE_ASSIGNMENT((#15950));
#15950 = SURFACE_STYLE_USAGE(.BOTH.,#15951);
#15951 = SURFACE_SIDE_STYLE('',(#15952));
#15952 = SURFACE_STYLE_FILL_AREA(#15953);
#15953 = FILL_AREA_STYLE('',(#15954));
#15954 = FILL_AREA_STYLE_COLOUR('',#15856);
#15955 = OVER_RIDING_STYLED_ITEM('overriding color',(#15956),#1182,
  #15761);
#15956 = PRESENTATION_STYLE_ASSIGNMENT((#15957));
#15957 = SURFACE_STYLE_USAGE(.BOTH.,#15958);
#15958 = SURFACE_SIDE_STYLE('',(#15959));
#15959 = SURFACE_STYLE_FILL_AREA(#15960);
#15960 = FILL_AREA_STYLE('',(#15961));
#15961 = FILL_AREA_STYLE_COLOUR('',#15856);
#15962 = OVER_RIDING_STYLED_ITEM('overriding color',(#15963),#1267,
  #15761);
#15963 = PRESENTATION_STYLE_ASSIGNMENT((#15964));
#15964 = SURFACE_STYLE_USAGE(.BOTH.,#15965);
#15965 = SURFACE_SIDE_STYLE('',(#15966));
#15966 = SURFACE_STYLE_FILL_AREA(#15967);
#15967 = FILL_AREA_STYLE('',(#15968));
#15968 = FILL_AREA_STYLE_COLOUR('',#15856);
#15969 = OVER_RIDING_STYLED_ITEM('overriding color',(#15970),#1352,
  #15761);
#15970 = PRESENTATION_STYLE_ASSIGNMENT((#15971));
#15971 = SURFACE_STYLE_USAGE(.BOTH.,#15972);
#15972 = SURFACE_SIDE_STYLE('',(#15973));
#15973 = SURFACE_STYLE_FILL_AREA(#15974);
#15974 = FILL_AREA_STYLE('',(#15975));
#15975 = FILL_AREA_STYLE_COLOUR('',#15856);
#15976 = OVER_RIDING_STYLED_ITEM('overriding color',(#15977),#1369,
  #15761);
#15977 = PRESENTATION_STYLE_ASSIGNMENT((#15978));
#15978 = SURFACE_STYLE_USAGE(.BOTH.,#15979);
#15979 = SURFACE_SIDE_STYLE('',(#15980));
#15980 = SURFACE_STYLE_FILL_AREA(#15981);
#15981 = FILL_AREA_STYLE('',(#15982));
#15982 = FILL_AREA_STYLE_COLOUR('',#15856);
#15983 = OVER_RIDING_STYLED_ITEM('overriding color',(#15984),#1386,
  #15761);
#15984 = PRESENTATION_STYLE_ASSIGNMENT((#15985));
#15985 = SURFACE_STYLE_USAGE(.BOTH.,#15986);
#15986 = SURFACE_SIDE_STYLE('',(#15987));
#15987 = SURFACE_STYLE_FILL_AREA(#15988);
#15988 = FILL_AREA_STYLE('',(#15989));
#15989 = FILL_AREA_STYLE_COLOUR('',#15856);
#15990 = OVER_RIDING_STYLED_ITEM('overriding color',(#15991),#1403,
  #15761);
#15991 = PRESENTATION_STYLE_ASSIGNMENT((#15992));
#15992 = SURFACE_STYLE_USAGE(.BOTH.,#15993);
#15993 = SURFACE_SIDE_STYLE('',(#15994));
#15994 = SURFACE_STYLE_FILL_AREA(#15995);
#15995 = FILL_AREA_STYLE('',(#15996));
#15996 = FILL_AREA_STYLE_COLOUR('',#15856);
#15997 = OVER_RIDING_STYLED_ITEM('overriding color',(#15998),#1420,
  #15761);
#15998 = PRESENTATION_STYLE_ASSIGNMENT((#15999));
#15999 = SURFACE_STYLE_USAGE(.BOTH.,#16000);
#16000 = SURFACE_SIDE_STYLE('',(#16001));
#16001 = SURFACE_STYLE_FILL_AREA(#16002);
#16002 = FILL_AREA_STYLE('',(#16003));
#16003 = FILL_AREA_STYLE_COLOUR('',#15856);
#16004 = OVER_RIDING_STYLED_ITEM('overriding color',(#16005),#1437,
  #15761);
#16005 = PRESENTATION_STYLE_ASSIGNMENT((#16006));
#16006 = SURFACE_STYLE_USAGE(.BOTH.,#16007);
#16007 = SURFACE_SIDE_STYLE('',(#16008));
#16008 = SURFACE_STYLE_FILL_AREA(#16009);
#16009 = FILL_AREA_STYLE('',(#16010));
#16010 = FILL_AREA_STYLE_COLOUR('',#15856);
#16011 = OVER_RIDING_STYLED_ITEM('overriding color',(#16012),#1454,
  #15761);
#16012 = PRESENTATION_STYLE_ASSIGNMENT((#16013));
#16013 = SURFACE_STYLE_USAGE(.BOTH.,#16014);
#16014 = SURFACE_SIDE_STYLE('',(#16015));
#16015 = SURFACE_STYLE_FILL_AREA(#16016);
#16016 = FILL_AREA_STYLE('',(#16017));
#16017 = FILL_AREA_STYLE_COLOUR('',#15856);
#16018 = OVER_RIDING_STYLED_ITEM('overriding color',(#16019),#1471,
  #15761);
#16019 = PRESENTATION_STYLE_ASSIGNMENT((#16020));
#16020 = SURFACE_STYLE_USAGE(.BOTH.,#16021);
#16021 = SURFACE_SIDE_STYLE('',(#16022));
#16022 = SURFACE_STYLE_FILL_AREA(#16023);
#16023 = FILL_AREA_STYLE('',(#16024));
#16024 = FILL_AREA_STYLE_COLOUR('',#15856);
#16025 = OVER_RIDING_STYLED_ITEM('overriding color',(#16026),#1488,
  #15761);
#16026 = PRESENTATION_STYLE_ASSIGNMENT((#16027));
#16027 = SURFACE_STYLE_USAGE(.BOTH.,#16028);
#16028 = SURFACE_SIDE_STYLE('',(#16029));
#16029 = SURFACE_STYLE_FILL_AREA(#16030);
#16030 = FILL_AREA_STYLE('',(#16031));
#16031 = FILL_AREA_STYLE_COLOUR('',#15856);
#16032 = OVER_RIDING_STYLED_ITEM('overriding color',(#16033),#1500,
  #15761);
#16033 = PRESENTATION_STYLE_ASSIGNMENT((#16034));
#16034 = SURFACE_STYLE_USAGE(.BOTH.,#16035);
#16035 = SURFACE_SIDE_STYLE('',(#16036));
#16036 = SURFACE_STYLE_FILL_AREA(#16037);
#16037 = FILL_AREA_STYLE('',(#16038));
#16038 = FILL_AREA_STYLE_COLOUR('',#15856);
#16039 = OVER_RIDING_STYLED_ITEM('overriding color',(#16040),#1542,
  #15761);
#16040 = PRESENTATION_STYLE_ASSIGNMENT((#16041));
#16041 = SURFACE_STYLE_USAGE(.BOTH.,#16042);
#16042 = SURFACE_SIDE_STYLE('',(#16043));
#16043 = SURFACE_STYLE_FILL_AREA(#16044);
#16044 = FILL_AREA_STYLE('',(#16045));
#16045 = FILL_AREA_STYLE_COLOUR('',#15856);
#16046 = OVER_RIDING_STYLED_ITEM('overriding color',(#16047),#1573,
  #15761);
#16047 = PRESENTATION_STYLE_ASSIGNMENT((#16048));
#16048 = SURFACE_STYLE_USAGE(.BOTH.,#16049);
#16049 = SURFACE_SIDE_STYLE('',(#16050));
#16050 = SURFACE_STYLE_FILL_AREA(#16051);
#16051 = FILL_AREA_STYLE('',(#16052));
#16052 = FILL_AREA_STYLE_COLOUR('',#15856);
#16053 = OVER_RIDING_STYLED_ITEM('overriding color',(#16054),#1606,
  #15761);
#16054 = PRESENTATION_STYLE_ASSIGNMENT((#16055));
#16055 = SURFACE_STYLE_USAGE(.BOTH.,#16056);
#16056 = SURFACE_SIDE_STYLE('',(#16057));
#16057 = SURFACE_STYLE_FILL_AREA(#16058);
#16058 = FILL_AREA_STYLE('',(#16059));
#16059 = FILL_AREA_STYLE_COLOUR('',#15856);
#16060 = OVER_RIDING_STYLED_ITEM('overriding color',(#16061),#1637,
  #15761);
#16061 = PRESENTATION_STYLE_ASSIGNMENT((#16062));
#16062 = SURFACE_STYLE_USAGE(.BOTH.,#16063);
#16063 = SURFACE_SIDE_STYLE('',(#16064));
#16064 = SURFACE_STYLE_FILL_AREA(#16065);
#16065 = FILL_AREA_STYLE('',(#16066));
#16066 = FILL_AREA_STYLE_COLOUR('',#15856);
#16067 = OVER_RIDING_STYLED_ITEM('overriding color',(#16068),#1668,
  #15761);
#16068 = PRESENTATION_STYLE_ASSIGNMENT((#16069));
#16069 = SURFACE_STYLE_USAGE(.BOTH.,#16070);
#16070 = SURFACE_SIDE_STYLE('',(#16071));
#16071 = SURFACE_STYLE_FILL_AREA(#16072);
#16072 = FILL_AREA_STYLE('',(#16073));
#16073 = FILL_AREA_STYLE_COLOUR('',#15856);
#16074 = OVER_RIDING_STYLED_ITEM('overriding color',(#16075),#1699,
  #15761);
#16075 = PRESENTATION_STYLE_ASSIGNMENT((#16076));
#16076 = SURFACE_STYLE_USAGE(.BOTH.,#16077);
#16077 = SURFACE_SIDE_STYLE('',(#16078));
#16078 = SURFACE_STYLE_FILL_AREA(#16079);
#16079 = FILL_AREA_STYLE('',(#16080));
#16080 = FILL_AREA_STYLE_COLOUR('',#15856);
#16081 = OVER_RIDING_STYLED_ITEM('overriding color',(#16082),#1732,
  #15761);
#16082 = PRESENTATION_STYLE_ASSIGNMENT((#16083));
#16083 = SURFACE_STYLE_USAGE(.BOTH.,#16084);
#16084 = SURFACE_SIDE_STYLE('',(#16085));
#16085 = SURFACE_STYLE_FILL_AREA(#16086);
#16086 = FILL_AREA_STYLE('',(#16087));
#16087 = FILL_AREA_STYLE_COLOUR('',#15856);
#16088 = OVER_RIDING_STYLED_ITEM('overriding color',(#16089),#1763,
  #15761);
#16089 = PRESENTATION_STYLE_ASSIGNMENT((#16090));
#16090 = SURFACE_STYLE_USAGE(.BOTH.,#16091);
#16091 = SURFACE_SIDE_STYLE('',(#16092));
#16092 = SURFACE_STYLE_FILL_AREA(#16093);
#16093 = FILL_AREA_STYLE('',(#16094));
#16094 = FILL_AREA_STYLE_COLOUR('',#15856);
#16095 = OVER_RIDING_STYLED_ITEM('overriding color',(#16096),#1796,
  #15761);
#16096 = PRESENTATION_STYLE_ASSIGNMENT((#16097));
#16097 = SURFACE_STYLE_USAGE(.BOTH.,#16098);
#16098 = SURFACE_SIDE_STYLE('',(#16099));
#16099 = SURFACE_STYLE_FILL_AREA(#16100);
#16100 = FILL_AREA_STYLE('',(#16101));
#16101 = FILL_AREA_STYLE_COLOUR('',#15856);
#16102 = OVER_RIDING_STYLED_ITEM('overriding color',(#16103),#1826,
  #15761);
#16103 = PRESENTATION_STYLE_ASSIGNMENT((#16104));
#16104 = SURFACE_STYLE_USAGE(.BOTH.,#16105);
#16105 = SURFACE_SIDE_STYLE('',(#16106));
#16106 = SURFACE_STYLE_FILL_AREA(#16107);
#16107 = FILL_AREA_STYLE('',(#16108));
#16108 = FILL_AREA_STYLE_COLOUR('',#15856);
#16109 = OVER_RIDING_STYLED_ITEM('overriding color',(#16110),#1843,
  #15761);
#16110 = PRESENTATION_STYLE_ASSIGNMENT((#16111));
#16111 = SURFACE_STYLE_USAGE(.BOTH.,#16112);
#16112 = SURFACE_SIDE_STYLE('',(#16113));
#16113 = SURFACE_STYLE_FILL_AREA(#16114);
#16114 = FILL_AREA_STYLE('',(#16115));
#16115 = FILL_AREA_STYLE_COLOUR('',#15856);
#16116 = OVER_RIDING_STYLED_ITEM('overriding color',(#16117),#1868,
  #15761);
#16117 = PRESENTATION_STYLE_ASSIGNMENT((#16118));
#16118 = SURFACE_STYLE_USAGE(.BOTH.,#16119);
#16119 = SURFACE_SIDE_STYLE('',(#16120));
#16120 = SURFACE_STYLE_FILL_AREA(#16121);
#16121 = FILL_AREA_STYLE('',(#16122));
#16122 = FILL_AREA_STYLE_COLOUR('',#15856);
#16123 = OVER_RIDING_STYLED_ITEM('overriding color',(#16124),#1880,
  #15761);
#16124 = PRESENTATION_STYLE_ASSIGNMENT((#16125));
#16125 = SURFACE_STYLE_USAGE(.BOTH.,#16126);
#16126 = SURFACE_SIDE_STYLE('',(#16127));
#16127 = SURFACE_STYLE_FILL_AREA(#16128);
#16128 = FILL_AREA_STYLE('',(#16129));
#16129 = FILL_AREA_STYLE_COLOUR('',#15856);
#16130 = OVER_RIDING_STYLED_ITEM('overriding color',(#16131),#1922,
  #15761);
#16131 = PRESENTATION_STYLE_ASSIGNMENT((#16132));
#16132 = SURFACE_STYLE_USAGE(.BOTH.,#16133);
#16133 = SURFACE_SIDE_STYLE('',(#16134));
#16134 = SURFACE_STYLE_FILL_AREA(#16135);
#16135 = FILL_AREA_STYLE('',(#16136));
#16136 = FILL_AREA_STYLE_COLOUR('',#15856);
#16137 = OVER_RIDING_STYLED_ITEM('overriding color',(#16138),#1953,
  #15761);
#16138 = PRESENTATION_STYLE_ASSIGNMENT((#16139));
#16139 = SURFACE_STYLE_USAGE(.BOTH.,#16140);
#16140 = SURFACE_SIDE_STYLE('',(#16141));
#16141 = SURFACE_STYLE_FILL_AREA(#16142);
#16142 = FILL_AREA_STYLE('',(#16143));
#16143 = FILL_AREA_STYLE_COLOUR('',#15856);
#16144 = OVER_RIDING_STYLED_ITEM('overriding color',(#16145),#1986,
  #15761);
#16145 = PRESENTATION_STYLE_ASSIGNMENT((#16146));
#16146 = SURFACE_STYLE_USAGE(.BOTH.,#16147);
#16147 = SURFACE_SIDE_STYLE('',(#16148));
#16148 = SURFACE_STYLE_FILL_AREA(#16149);
#16149 = FILL_AREA_STYLE('',(#16150));
#16150 = FILL_AREA_STYLE_COLOUR('',#15856);
#16151 = OVER_RIDING_STYLED_ITEM('overriding color',(#16152),#2017,
  #15761);
#16152 = PRESENTATION_STYLE_ASSIGNMENT((#16153));
#16153 = SURFACE_STYLE_USAGE(.BOTH.,#16154);
#16154 = SURFACE_SIDE_STYLE('',(#16155));
#16155 = SURFACE_STYLE_FILL_AREA(#16156);
#16156 = FILL_AREA_STYLE('',(#16157));
#16157 = FILL_AREA_STYLE_COLOUR('',#15856);
#16158 = OVER_RIDING_STYLED_ITEM('overriding color',(#16159),#2048,
  #15761);
#16159 = PRESENTATION_STYLE_ASSIGNMENT((#16160));
#16160 = SURFACE_STYLE_USAGE(.BOTH.,#16161);
#16161 = SURFACE_SIDE_STYLE('',(#16162));
#16162 = SURFACE_STYLE_FILL_AREA(#16163);
#16163 = FILL_AREA_STYLE('',(#16164));
#16164 = FILL_AREA_STYLE_COLOUR('',#15856);
#16165 = OVER_RIDING_STYLED_ITEM('overriding color',(#16166),#2079,
  #15761);
#16166 = PRESENTATION_STYLE_ASSIGNMENT((#16167));
#16167 = SURFACE_STYLE_USAGE(.BOTH.,#16168);
#16168 = SURFACE_SIDE_STYLE('',(#16169));
#16169 = SURFACE_STYLE_FILL_AREA(#16170);
#16170 = FILL_AREA_STYLE('',(#16171));
#16171 = FILL_AREA_STYLE_COLOUR('',#15856);
#16172 = OVER_RIDING_STYLED_ITEM('overriding color',(#16173),#2112,
  #15761);
#16173 = PRESENTATION_STYLE_ASSIGNMENT((#16174));
#16174 = SURFACE_STYLE_USAGE(.BOTH.,#16175);
#16175 = SURFACE_SIDE_STYLE('',(#16176));
#16176 = SURFACE_STYLE_FILL_AREA(#16177);
#16177 = FILL_AREA_STYLE('',(#16178));
#16178 = FILL_AREA_STYLE_COLOUR('',#15856);
#16179 = OVER_RIDING_STYLED_ITEM('overriding color',(#16180),#2143,
  #15761);
#16180 = PRESENTATION_STYLE_ASSIGNMENT((#16181));
#16181 = SURFACE_STYLE_USAGE(.BOTH.,#16182);
#16182 = SURFACE_SIDE_STYLE('',(#16183));
#16183 = SURFACE_STYLE_FILL_AREA(#16184);
#16184 = FILL_AREA_STYLE('',(#16185));
#16185 = FILL_AREA_STYLE_COLOUR('',#15856);
#16186 = OVER_RIDING_STYLED_ITEM('overriding color',(#16187),#2176,
  #15761);
#16187 = PRESENTATION_STYLE_ASSIGNMENT((#16188));
#16188 = SURFACE_STYLE_USAGE(.BOTH.,#16189);
#16189 = SURFACE_SIDE_STYLE('',(#16190));
#16190 = SURFACE_STYLE_FILL_AREA(#16191);
#16191 = FILL_AREA_STYLE('',(#16192));
#16192 = FILL_AREA_STYLE_COLOUR('',#15856);
#16193 = OVER_RIDING_STYLED_ITEM('overriding color',(#16194),#2206,
  #15761);
#16194 = PRESENTATION_STYLE_ASSIGNMENT((#16195));
#16195 = SURFACE_STYLE_USAGE(.BOTH.,#16196);
#16196 = SURFACE_SIDE_STYLE('',(#16197));
#16197 = SURFACE_STYLE_FILL_AREA(#16198);
#16198 = FILL_AREA_STYLE('',(#16199));
#16199 = FILL_AREA_STYLE_COLOUR('',#15856);
#16200 = OVER_RIDING_STYLED_ITEM('overriding color',(#16201),#2223,
  #15761);
#16201 = PRESENTATION_STYLE_ASSIGNMENT((#16202));
#16202 = SURFACE_STYLE_USAGE(.BOTH.,#16203);
#16203 = SURFACE_SIDE_STYLE('',(#16204));
#16204 = SURFACE_STYLE_FILL_AREA(#16205);
#16205 = FILL_AREA_STYLE('',(#16206));
#16206 = FILL_AREA_STYLE_COLOUR('',#15856);
#16207 = OVER_RIDING_STYLED_ITEM('overriding color',(#16208),#2248,
  #15761);
#16208 = PRESENTATION_STYLE_ASSIGNMENT((#16209));
#16209 = SURFACE_STYLE_USAGE(.BOTH.,#16210);
#16210 = SURFACE_SIDE_STYLE('',(#16211));
#16211 = SURFACE_STYLE_FILL_AREA(#16212);
#16212 = FILL_AREA_STYLE('',(#16213));
#16213 = FILL_AREA_STYLE_COLOUR('',#15856);
#16214 = OVER_RIDING_STYLED_ITEM('overriding color',(#16215),#2260,
  #15761);
#16215 = PRESENTATION_STYLE_ASSIGNMENT((#16216));
#16216 = SURFACE_STYLE_USAGE(.BOTH.,#16217);
#16217 = SURFACE_SIDE_STYLE('',(#16218));
#16218 = SURFACE_STYLE_FILL_AREA(#16219);
#16219 = FILL_AREA_STYLE('',(#16220));
#16220 = FILL_AREA_STYLE_COLOUR('',#15856);
#16221 = OVER_RIDING_STYLED_ITEM('overriding color',(#16222),#2300,
  #15761);
#16222 = PRESENTATION_STYLE_ASSIGNMENT((#16223));
#16223 = SURFACE_STYLE_USAGE(.BOTH.,#16224);
#16224 = SURFACE_SIDE_STYLE('',(#16225));
#16225 = SURFACE_STYLE_FILL_AREA(#16226);
#16226 = FILL_AREA_STYLE('',(#16227));
#16227 = FILL_AREA_STYLE_COLOUR('',#15856);
#16228 = OVER_RIDING_STYLED_ITEM('overriding color',(#16229),#2333,
  #15761);
#16229 = PRESENTATION_STYLE_ASSIGNMENT((#16230));
#16230 = SURFACE_STYLE_USAGE(.BOTH.,#16231);
#16231 = SURFACE_SIDE_STYLE('',(#16232));
#16232 = SURFACE_STYLE_FILL_AREA(#16233);
#16233 = FILL_AREA_STYLE('',(#16234));
#16234 = FILL_AREA_STYLE_COLOUR('',#15856);
#16235 = OVER_RIDING_STYLED_ITEM('overriding color',(#16236),#2364,
  #15761);
#16236 = PRESENTATION_STYLE_ASSIGNMENT((#16237));
#16237 = SURFACE_STYLE_USAGE(.BOTH.,#16238);
#16238 = SURFACE_SIDE_STYLE('',(#16239));
#16239 = SURFACE_STYLE_FILL_AREA(#16240);
#16240 = FILL_AREA_STYLE('',(#16241));
#16241 = FILL_AREA_STYLE_COLOUR('',#15856);
#16242 = OVER_RIDING_STYLED_ITEM('overriding color',(#16243),#2395,
  #15761);
#16243 = PRESENTATION_STYLE_ASSIGNMENT((#16244));
#16244 = SURFACE_STYLE_USAGE(.BOTH.,#16245);
#16245 = SURFACE_SIDE_STYLE('',(#16246));
#16246 = SURFACE_STYLE_FILL_AREA(#16247);
#16247 = FILL_AREA_STYLE('',(#16248));
#16248 = FILL_AREA_STYLE_COLOUR('',#15856);
#16249 = OVER_RIDING_STYLED_ITEM('overriding color',(#16250),#2426,
  #15761);
#16250 = PRESENTATION_STYLE_ASSIGNMENT((#16251));
#16251 = SURFACE_STYLE_USAGE(.BOTH.,#16252);
#16252 = SURFACE_SIDE_STYLE('',(#16253));
#16253 = SURFACE_STYLE_FILL_AREA(#16254);
#16254 = FILL_AREA_STYLE('',(#16255));
#16255 = FILL_AREA_STYLE_COLOUR('',#15856);
#16256 = OVER_RIDING_STYLED_ITEM('overriding color',(#16257),#2459,
  #15761);
#16257 = PRESENTATION_STYLE_ASSIGNMENT((#16258));
#16258 = SURFACE_STYLE_USAGE(.BOTH.,#16259);
#16259 = SURFACE_SIDE_STYLE('',(#16260));
#16260 = SURFACE_STYLE_FILL_AREA(#16261);
#16261 = FILL_AREA_STYLE('',(#16262));
#16262 = FILL_AREA_STYLE_COLOUR('',#15856);
#16263 = OVER_RIDING_STYLED_ITEM('overriding color',(#16264),#2490,
  #15761);
#16264 = PRESENTATION_STYLE_ASSIGNMENT((#16265));
#16265 = SURFACE_STYLE_USAGE(.BOTH.,#16266);
#16266 = SURFACE_SIDE_STYLE('',(#16267));
#16267 = SURFACE_STYLE_FILL_AREA(#16268);
#16268 = FILL_AREA_STYLE('',(#16269));
#16269 = FILL_AREA_STYLE_COLOUR('',#15856);
#16270 = OVER_RIDING_STYLED_ITEM('overriding color',(#16271),#2523,
  #15761);
#16271 = PRESENTATION_STYLE_ASSIGNMENT((#16272));
#16272 = SURFACE_STYLE_USAGE(.BOTH.,#16273);
#16273 = SURFACE_SIDE_STYLE('',(#16274));
#16274 = SURFACE_STYLE_FILL_AREA(#16275);
#16275 = FILL_AREA_STYLE('',(#16276));
#16276 = FILL_AREA_STYLE_COLOUR('',#15856);
#16277 = OVER_RIDING_STYLED_ITEM('overriding color',(#16278),#2561,
  #15761);
#16278 = PRESENTATION_STYLE_ASSIGNMENT((#16279));
#16279 = SURFACE_STYLE_USAGE(.BOTH.,#16280);
#16280 = SURFACE_SIDE_STYLE('',(#16281));
#16281 = SURFACE_STYLE_FILL_AREA(#16282);
#16282 = FILL_AREA_STYLE('',(#16283));
#16283 = FILL_AREA_STYLE_COLOUR('',#15856);
#16284 = OVER_RIDING_STYLED_ITEM('overriding color',(#16285),#2586,
  #15761);
#16285 = PRESENTATION_STYLE_ASSIGNMENT((#16286));
#16286 = SURFACE_STYLE_USAGE(.BOTH.,#16287);
#16287 = SURFACE_SIDE_STYLE('',(#16288));
#16288 = SURFACE_STYLE_FILL_AREA(#16289);
#16289 = FILL_AREA_STYLE('',(#16290));
#16290 = FILL_AREA_STYLE_COLOUR('',#15856);
#16291 = OVER_RIDING_STYLED_ITEM('overriding color',(#16292),#2616,
  #15761);
#16292 = PRESENTATION_STYLE_ASSIGNMENT((#16293));
#16293 = SURFACE_STYLE_USAGE(.BOTH.,#16294);
#16294 = SURFACE_SIDE_STYLE('',(#16295));
#16295 = SURFACE_STYLE_FILL_AREA(#16296);
#16296 = FILL_AREA_STYLE('',(#16297));
#16297 = FILL_AREA_STYLE_COLOUR('',#15856);
#16298 = OVER_RIDING_STYLED_ITEM('overriding color',(#16299),#2628,
  #15761);
#16299 = PRESENTATION_STYLE_ASSIGNMENT((#16300));
#16300 = SURFACE_STYLE_USAGE(.BOTH.,#16301);
#16301 = SURFACE_SIDE_STYLE('',(#16302));
#16302 = SURFACE_STYLE_FILL_AREA(#16303);
#16303 = FILL_AREA_STYLE('',(#16304));
#16304 = FILL_AREA_STYLE_COLOUR('',#15856);
#16305 = OVER_RIDING_STYLED_ITEM('overriding color',(#16306),#2640,
  #15761);
#16306 = PRESENTATION_STYLE_ASSIGNMENT((#16307));
#16307 = SURFACE_STYLE_USAGE(.BOTH.,#16308);
#16308 = SURFACE_SIDE_STYLE('',(#16309));
#16309 = SURFACE_STYLE_FILL_AREA(#16310);
#16310 = FILL_AREA_STYLE('',(#16311));
#16311 = FILL_AREA_STYLE_COLOUR('',#15856);
#16312 = OVER_RIDING_STYLED_ITEM('overriding color',(#16313),#2680,
  #15761);
#16313 = PRESENTATION_STYLE_ASSIGNMENT((#16314));
#16314 = SURFACE_STYLE_USAGE(.BOTH.,#16315);
#16315 = SURFACE_SIDE_STYLE('',(#16316));
#16316 = SURFACE_STYLE_FILL_AREA(#16317);
#16317 = FILL_AREA_STYLE('',(#16318));
#16318 = FILL_AREA_STYLE_COLOUR('',#15856);
#16319 = OVER_RIDING_STYLED_ITEM('overriding color',(#16320),#2713,
  #15761);
#16320 = PRESENTATION_STYLE_ASSIGNMENT((#16321));
#16321 = SURFACE_STYLE_USAGE(.BOTH.,#16322);
#16322 = SURFACE_SIDE_STYLE('',(#16323));
#16323 = SURFACE_STYLE_FILL_AREA(#16324);
#16324 = FILL_AREA_STYLE('',(#16325));
#16325 = FILL_AREA_STYLE_COLOUR('',#15856);
#16326 = OVER_RIDING_STYLED_ITEM('overriding color',(#16327),#2744,
  #15761);
#16327 = PRESENTATION_STYLE_ASSIGNMENT((#16328));
#16328 = SURFACE_STYLE_USAGE(.BOTH.,#16329);
#16329 = SURFACE_SIDE_STYLE('',(#16330));
#16330 = SURFACE_STYLE_FILL_AREA(#16331);
#16331 = FILL_AREA_STYLE('',(#16332));
#16332 = FILL_AREA_STYLE_COLOUR('',#15856);
#16333 = OVER_RIDING_STYLED_ITEM('overriding color',(#16334),#2775,
  #15761);
#16334 = PRESENTATION_STYLE_ASSIGNMENT((#16335));
#16335 = SURFACE_STYLE_USAGE(.BOTH.,#16336);
#16336 = SURFACE_SIDE_STYLE('',(#16337));
#16337 = SURFACE_STYLE_FILL_AREA(#16338);
#16338 = FILL_AREA_STYLE('',(#16339));
#16339 = FILL_AREA_STYLE_COLOUR('',#15856);
#16340 = OVER_RIDING_STYLED_ITEM('overriding color',(#16341),#2806,
  #15761);
#16341 = PRESENTATION_STYLE_ASSIGNMENT((#16342));
#16342 = SURFACE_STYLE_USAGE(.BOTH.,#16343);
#16343 = SURFACE_SIDE_STYLE('',(#16344));
#16344 = SURFACE_STYLE_FILL_AREA(#16345);
#16345 = FILL_AREA_STYLE('',(#16346));
#16346 = FILL_AREA_STYLE_COLOUR('',#15856);
#16347 = OVER_RIDING_STYLED_ITEM('overriding color',(#16348),#2839,
  #15761);
#16348 = PRESENTATION_STYLE_ASSIGNMENT((#16349));
#16349 = SURFACE_STYLE_USAGE(.BOTH.,#16350);
#16350 = SURFACE_SIDE_STYLE('',(#16351));
#16351 = SURFACE_STYLE_FILL_AREA(#16352);
#16352 = FILL_AREA_STYLE('',(#16353));
#16353 = FILL_AREA_STYLE_COLOUR('',#15856);
#16354 = OVER_RIDING_STYLED_ITEM('overriding color',(#16355),#2870,
  #15761);
#16355 = PRESENTATION_STYLE_ASSIGNMENT((#16356));
#16356 = SURFACE_STYLE_USAGE(.BOTH.,#16357);
#16357 = SURFACE_SIDE_STYLE('',(#16358));
#16358 = SURFACE_STYLE_FILL_AREA(#16359);
#16359 = FILL_AREA_STYLE('',(#16360));
#16360 = FILL_AREA_STYLE_COLOUR('',#15856);
#16361 = OVER_RIDING_STYLED_ITEM('overriding color',(#16362),#2903,
  #15761);
#16362 = PRESENTATION_STYLE_ASSIGNMENT((#16363));
#16363 = SURFACE_STYLE_USAGE(.BOTH.,#16364);
#16364 = SURFACE_SIDE_STYLE('',(#16365));
#16365 = SURFACE_STYLE_FILL_AREA(#16366);
#16366 = FILL_AREA_STYLE('',(#16367));
#16367 = FILL_AREA_STYLE_COLOUR('',#15856);
#16368 = OVER_RIDING_STYLED_ITEM('overriding color',(#16369),#2941,
  #15761);
#16369 = PRESENTATION_STYLE_ASSIGNMENT((#16370));
#16370 = SURFACE_STYLE_USAGE(.BOTH.,#16371);
#16371 = SURFACE_SIDE_STYLE('',(#16372));
#16372 = SURFACE_STYLE_FILL_AREA(#16373);
#16373 = FILL_AREA_STYLE('',(#16374));
#16374 = FILL_AREA_STYLE_COLOUR('',#15856);
#16375 = OVER_RIDING_STYLED_ITEM('overriding color',(#16376),#2966,
  #15761);
#16376 = PRESENTATION_STYLE_ASSIGNMENT((#16377));
#16377 = SURFACE_STYLE_USAGE(.BOTH.,#16378);
#16378 = SURFACE_SIDE_STYLE('',(#16379));
#16379 = SURFACE_STYLE_FILL_AREA(#16380);
#16380 = FILL_AREA_STYLE('',(#16381));
#16381 = FILL_AREA_STYLE_COLOUR('',#15856);
#16382 = OVER_RIDING_STYLED_ITEM('overriding color',(#16383),#2996,
  #15761);
#16383 = PRESENTATION_STYLE_ASSIGNMENT((#16384));
#16384 = SURFACE_STYLE_USAGE(.BOTH.,#16385);
#16385 = SURFACE_SIDE_STYLE('',(#16386));
#16386 = SURFACE_STYLE_FILL_AREA(#16387);
#16387 = FILL_AREA_STYLE('',(#16388));
#16388 = FILL_AREA_STYLE_COLOUR('',#15856);
#16389 = OVER_RIDING_STYLED_ITEM('overriding color',(#16390),#3008,
  #15761);
#16390 = PRESENTATION_STYLE_ASSIGNMENT((#16391));
#16391 = SURFACE_STYLE_USAGE(.BOTH.,#16392);
#16392 = SURFACE_SIDE_STYLE('',(#16393));
#16393 = SURFACE_STYLE_FILL_AREA(#16394);
#16394 = FILL_AREA_STYLE('',(#16395));
#16395 = FILL_AREA_STYLE_COLOUR('',#15856);
#16396 = OVER_RIDING_STYLED_ITEM('overriding color',(#16397),#3020,
  #15761);
#16397 = PRESENTATION_STYLE_ASSIGNMENT((#16398));
#16398 = SURFACE_STYLE_USAGE(.BOTH.,#16399);
#16399 = SURFACE_SIDE_STYLE('',(#16400));
#16400 = SURFACE_STYLE_FILL_AREA(#16401);
#16401 = FILL_AREA_STYLE('',(#16402));
#16402 = FILL_AREA_STYLE_COLOUR('',#15778);
#16403 = OVER_RIDING_STYLED_ITEM('overriding color',(#16404),#3038,
  #15761);
#16404 = PRESENTATION_STYLE_ASSIGNMENT((#16405));
#16405 = SURFACE_STYLE_USAGE(.BOTH.,#16406);
#16406 = SURFACE_SIDE_STYLE('',(#16407));
#16407 = SURFACE_STYLE_FILL_AREA(#16408);
#16408 = FILL_AREA_STYLE('',(#16409));
#16409 = FILL_AREA_STYLE_COLOUR('',#15778);
#16410 = OVER_RIDING_STYLED_ITEM('overriding color',(#16411),#3050,
  #15761);
#16411 = PRESENTATION_STYLE_ASSIGNMENT((#16412));
#16412 = SURFACE_STYLE_USAGE(.BOTH.,#16413);
#16413 = SURFACE_SIDE_STYLE('',(#16414));
#16414 = SURFACE_STYLE_FILL_AREA(#16415);
#16415 = FILL_AREA_STYLE('',(#16416));
#16416 = FILL_AREA_STYLE_COLOUR('',#15778);
#16417 = OVER_RIDING_STYLED_ITEM('overriding color',(#16418),#3068,
  #15761);
#16418 = PRESENTATION_STYLE_ASSIGNMENT((#16419));
#16419 = SURFACE_STYLE_USAGE(.BOTH.,#16420);
#16420 = SURFACE_SIDE_STYLE('',(#16421));
#16421 = SURFACE_STYLE_FILL_AREA(#16422);
#16422 = FILL_AREA_STYLE('',(#16423));
#16423 = FILL_AREA_STYLE_COLOUR('',#15778);
#16424 = OVER_RIDING_STYLED_ITEM('overriding color',(#16425),#3080,
  #15761);
#16425 = PRESENTATION_STYLE_ASSIGNMENT((#16426));
#16426 = SURFACE_STYLE_USAGE(.BOTH.,#16427);
#16427 = SURFACE_SIDE_STYLE('',(#16428));
#16428 = SURFACE_STYLE_FILL_AREA(#16429);
#16429 = FILL_AREA_STYLE('',(#16430));
#16430 = FILL_AREA_STYLE_COLOUR('',#15778);
#16431 = OVER_RIDING_STYLED_ITEM('overriding color',(#16432),#3098,
  #15761);
#16432 = PRESENTATION_STYLE_ASSIGNMENT((#16433));
#16433 = SURFACE_STYLE_USAGE(.BOTH.,#16434);
#16434 = SURFACE_SIDE_STYLE('',(#16435));
#16435 = SURFACE_STYLE_FILL_AREA(#16436);
#16436 = FILL_AREA_STYLE('',(#16437));
#16437 = FILL_AREA_STYLE_COLOUR('',#15778);
#16438 = OVER_RIDING_STYLED_ITEM('overriding color',(#16439),#3110,
  #15761);
#16439 = PRESENTATION_STYLE_ASSIGNMENT((#16440));
#16440 = SURFACE_STYLE_USAGE(.BOTH.,#16441);
#16441 = SURFACE_SIDE_STYLE('',(#16442));
#16442 = SURFACE_STYLE_FILL_AREA(#16443);
#16443 = FILL_AREA_STYLE('',(#16444));
#16444 = FILL_AREA_STYLE_COLOUR('',#15778);
#16445 = OVER_RIDING_STYLED_ITEM('overriding color',(#16446),#3128,
  #15761);
#16446 = PRESENTATION_STYLE_ASSIGNMENT((#16447));
#16447 = SURFACE_STYLE_USAGE(.BOTH.,#16448);
#16448 = SURFACE_SIDE_STYLE('',(#16449));
#16449 = SURFACE_STYLE_FILL_AREA(#16450);
#16450 = FILL_AREA_STYLE('',(#16451));
#16451 = FILL_AREA_STYLE_COLOUR('',#15778);
#16452 = OVER_RIDING_STYLED_ITEM('overriding color',(#16453),#3140,
  #15761);
#16453 = PRESENTATION_STYLE_ASSIGNMENT((#16454));
#16454 = SURFACE_STYLE_USAGE(.BOTH.,#16455);
#16455 = SURFACE_SIDE_STYLE('',(#16456));
#16456 = SURFACE_STYLE_FILL_AREA(#16457);
#16457 = FILL_AREA_STYLE('',(#16458));
#16458 = FILL_AREA_STYLE_COLOUR('',#15778);
#16459 = OVER_RIDING_STYLED_ITEM('overriding color',(#16460),#3158,
  #15761);
#16460 = PRESENTATION_STYLE_ASSIGNMENT((#16461));
#16461 = SURFACE_STYLE_USAGE(.BOTH.,#16462);
#16462 = SURFACE_SIDE_STYLE('',(#16463));
#16463 = SURFACE_STYLE_FILL_AREA(#16464);
#16464 = FILL_AREA_STYLE('',(#16465));
#16465 = FILL_AREA_STYLE_COLOUR('',#15087);
#16466 = MECHANICAL_DESIGN_GEOMETRIC_PRESENTATION_REPRESENTATION('',(
    #16467,#16474,#16482,#16490),#7458);
#16467 = STYLED_ITEM('color',(#16468),#6330);
#16468 = PRESENTATION_STYLE_ASSIGNMENT((#16469));
#16469 = SURFACE_STYLE_USAGE(.BOTH.,#16470);
#16470 = SURFACE_SIDE_STYLE('',(#16471));
#16471 = SURFACE_STYLE_FILL_AREA(#16472);
#16472 = FILL_AREA_STYLE('',(#16473));
#16473 = FILL_AREA_STYLE_COLOUR('',#15131);
#16474 = STYLED_ITEM('color',(#16475),#6480);
#16475 = PRESENTATION_STYLE_ASSIGNMENT((#16476));
#16476 = SURFACE_STYLE_USAGE(.BOTH.,#16477);
#16477 = SURFACE_SIDE_STYLE('',(#16478));
#16478 = SURFACE_STYLE_FILL_AREA(#16479);
#16479 = FILL_AREA_STYLE('',(#16480));
#16480 = FILL_AREA_STYLE_COLOUR('',#16481);
#16481 = COLOUR_RGB('',0.250980388104,0.250980388104,0.250980388104);
#16482 = STYLED_ITEM('color',(#16483),#6630);
#16483 = PRESENTATION_STYLE_ASSIGNMENT((#16484));
#16484 = SURFACE_STYLE_USAGE(.BOTH.,#16485);
#16485 = SURFACE_SIDE_STYLE('',(#16486));
#16486 = SURFACE_STYLE_FILL_AREA(#16487);
#16487 = FILL_AREA_STYLE('',(#16488));
#16488 = FILL_AREA_STYLE_COLOUR('',#16489);
#16489 = COLOUR_RGB('',0.792156867455,0.819607826924,0.933333342953);
#16490 = STYLED_ITEM('color',(#16491),#7044);
#16491 = PRESENTATION_STYLE_ASSIGNMENT((#16492));
#16492 = SURFACE_STYLE_USAGE(.BOTH.,#16493);
#16493 = SURFACE_SIDE_STYLE('',(#16494));
#16494 = SURFACE_STYLE_FILL_AREA(#16495);
#16495 = FILL_AREA_STYLE('',(#16496));
#16496 = FILL_AREA_STYLE_COLOUR('',#16489);
#16497 = MECHANICAL_DESIGN_GEOMETRIC_PRESENTATION_REPRESENTATION('',(
    #16498),#15068);
#16498 = STYLED_ITEM('color',(#16499),#14427);
#16499 = PRESENTATION_STYLE_ASSIGNMENT((#16500));
#16500 = SURFACE_STYLE_USAGE(.BOTH.,#16501);
#16501 = SURFACE_SIDE_STYLE('',(#16502));
#16502 = SURFACE_STYLE_FILL_AREA(#16503);
#16503 = FILL_AREA_STYLE('',(#16504));
#16504 = FILL_AREA_STYLE_COLOUR('',#16505);
#16505 = COLOUR_RGB('',0.313304153717,0.484529207832,0.410020903123);
#16506 = MECHANICAL_DESIGN_GEOMETRIC_PRESENTATION_REPRESENTATION('',(
    #16507,#16514,#16521),#6288);
#16507 = STYLED_ITEM('color',(#16508),#5090);
#16508 = PRESENTATION_STYLE_ASSIGNMENT((#16509));
#16509 = SURFACE_STYLE_USAGE(.BOTH.,#16510);
#16510 = SURFACE_SIDE_STYLE('',(#16511));
#16511 = SURFACE_STYLE_FILL_AREA(#16512);
#16512 = FILL_AREA_STYLE('',(#16513));
#16513 = FILL_AREA_STYLE_COLOUR('',#16489);
#16514 = STYLED_ITEM('color',(#16515),#5544);
#16515 = PRESENTATION_STYLE_ASSIGNMENT((#16516));
#16516 = SURFACE_STYLE_USAGE(.BOTH.,#16517);
#16517 = SURFACE_SIDE_STYLE('',(#16518));
#16518 = SURFACE_STYLE_FILL_AREA(#16519);
#16519 = FILL_AREA_STYLE('',(#16520));
#16520 = FILL_AREA_STYLE_COLOUR('',#16489);
#16521 = STYLED_ITEM('color',(#16522),#5998);
#16522 = PRESENTATION_STYLE_ASSIGNMENT((#16523));
#16523 = SURFACE_STYLE_USAGE(.BOTH.,#16524);
#16524 = SURFACE_SIDE_STYLE('',(#16525));
#16525 = SURFACE_STYLE_FILL_AREA(#16526);
#16526 = FILL_AREA_STYLE('',(#16527));
#16527 = FILL_AREA_STYLE_COLOUR('',#16528);
#16528 = COLOUR_RGB('',0.909803911811,0.443137255223,3.137254979461E-02
  );
#16529 = MECHANICAL_DESIGN_GEOMETRIC_PRESENTATION_REPRESENTATION('',(
    #16530,#16539,#16547,#16554,#16561,#16568,#16575,#16582,#16589,
    #16596,#16603,#16610,#16618,#16625,#16632,#16640,#16647,#16654,
    #16661,#16668,#16675,#16682,#16689,#16696,#16703,#16710,#16717,
    #16724,#16731,#16738,#16745,#16752,#16759,#16766,#16773,#16780,
    #16787,#16794,#16801,#16808,#16815,#16822,#16829,#16836,#16843,
    #16850,#16857,#16864,#16871,#16878,#16885,#16892,#16899,#16906,
    #16913,#16920,#16927),#5048);
#16530 = STYLED_ITEM('color',(#16531),#3210);
#16531 = PRESENTATION_STYLE_ASSIGNMENT((#16532,#16537));
#16532 = SURFACE_STYLE_USAGE(.BOTH.,#16533);
#16533 = SURFACE_SIDE_STYLE('',(#16534));
#16534 = SURFACE_STYLE_FILL_AREA(#16535);
#16535 = FILL_AREA_STYLE('',(#16536));
#16536 = FILL_AREA_STYLE_COLOUR('',#16489);
#16537 = CURVE_STYLE('',#16538,POSITIVE_LENGTH_MEASURE(0.1),#16489);
#16538 = DRAUGHTING_PRE_DEFINED_CURVE_FONT('continuous');
#16539 = OVER_RIDING_STYLED_ITEM('overriding color',(#16540),#3212,
  #16530);
#16540 = PRESENTATION_STYLE_ASSIGNMENT((#16541));
#16541 = SURFACE_STYLE_USAGE(.BOTH.,#16542);
#16542 = SURFACE_SIDE_STYLE('',(#16543));
#16543 = SURFACE_STYLE_FILL_AREA(#16544);
#16544 = FILL_AREA_STYLE('',(#16545));
#16545 = FILL_AREA_STYLE_COLOUR('',#16546);
#16546 = COLOUR_RGB('',0.666666664908,0.694117652497,0.764705876202);
#16547 = OVER_RIDING_STYLED_ITEM('overriding color',(#16548),#3252,
  #16530);
#16548 = PRESENTATION_STYLE_ASSIGNMENT((#16549));
#16549 = SURFACE_STYLE_USAGE(.BOTH.,#16550);
#16550 = SURFACE_SIDE_STYLE('',(#16551));
#16551 = SURFACE_STYLE_FILL_AREA(#16552);
#16552 = FILL_AREA_STYLE('',(#16553));
#16553 = FILL_AREA_STYLE_COLOUR('',#16546);
#16554 = OVER_RIDING_STYLED_ITEM('overriding color',(#16555),#3292,
  #16530);
#16555 = PRESENTATION_STYLE_ASSIGNMENT((#16556));
#16556 = SURFACE_STYLE_USAGE(.BOTH.,#16557);
#16557 = SURFACE_SIDE_STYLE('',(#16558));
#16558 = SURFACE_STYLE_FILL_AREA(#16559);
#16559 = FILL_AREA_STYLE('',(#16560));
#16560 = FILL_AREA_STYLE_COLOUR('',#16546);
#16561 = OVER_RIDING_STYLED_ITEM('overriding color',(#16562),#3374,
  #16530);
#16562 = PRESENTATION_STYLE_ASSIGNMENT((#16563));
#16563 = SURFACE_STYLE_USAGE(.BOTH.,#16564);
#16564 = SURFACE_SIDE_STYLE('',(#16565));
#16565 = SURFACE_STYLE_FILL_AREA(#16566);
#16566 = FILL_AREA_STYLE('',(#16567));
#16567 = FILL_AREA_STYLE_COLOUR('',#16546);
#16568 = OVER_RIDING_STYLED_ITEM('overriding color',(#16569),#3414,
  #16530);
#16569 = PRESENTATION_STYLE_ASSIGNMENT((#16570));
#16570 = SURFACE_STYLE_USAGE(.BOTH.,#16571);
#16571 = SURFACE_SIDE_STYLE('',(#16572));
#16572 = SURFACE_STYLE_FILL_AREA(#16573);
#16573 = FILL_AREA_STYLE('',(#16574));
#16574 = FILL_AREA_STYLE_COLOUR('',#16546);
#16575 = OVER_RIDING_STYLED_ITEM('overriding color',(#16576),#3472,
  #16530);
#16576 = PRESENTATION_STYLE_ASSIGNMENT((#16577));
#16577 = SURFACE_STYLE_USAGE(.BOTH.,#16578);
#16578 = SURFACE_SIDE_STYLE('',(#16579));
#16579 = SURFACE_STYLE_FILL_AREA(#16580);
#16580 = FILL_AREA_STYLE('',(#16581));
#16581 = FILL_AREA_STYLE_COLOUR('',#16546);
#16582 = OVER_RIDING_STYLED_ITEM('overriding color',(#16583),#3512,
  #16530);
#16583 = PRESENTATION_STYLE_ASSIGNMENT((#16584));
#16584 = SURFACE_STYLE_USAGE(.BOTH.,#16585);
#16585 = SURFACE_SIDE_STYLE('',(#16586));
#16586 = SURFACE_STYLE_FILL_AREA(#16587);
#16587 = FILL_AREA_STYLE('',(#16588));
#16588 = FILL_AREA_STYLE_COLOUR('',#16546);
#16589 = OVER_RIDING_STYLED_ITEM('overriding color',(#16590),#3594,
  #16530);
#16590 = PRESENTATION_STYLE_ASSIGNMENT((#16591));
#16591 = SURFACE_STYLE_USAGE(.BOTH.,#16592);
#16592 = SURFACE_SIDE_STYLE('',(#16593));
#16593 = SURFACE_STYLE_FILL_AREA(#16594);
#16594 = FILL_AREA_STYLE('',(#16595));
#16595 = FILL_AREA_STYLE_COLOUR('',#16546);
#16596 = OVER_RIDING_STYLED_ITEM('overriding color',(#16597),#3634,
  #16530);
#16597 = PRESENTATION_STYLE_ASSIGNMENT((#16598));
#16598 = SURFACE_STYLE_USAGE(.BOTH.,#16599);
#16599 = SURFACE_SIDE_STYLE('',(#16600));
#16600 = SURFACE_STYLE_FILL_AREA(#16601);
#16601 = FILL_AREA_STYLE('',(#16602));
#16602 = FILL_AREA_STYLE_COLOUR('',#16546);
#16603 = OVER_RIDING_STYLED_ITEM('overriding color',(#16604),#3692,
  #16530);
#16604 = PRESENTATION_STYLE_ASSIGNMENT((#16605));
#16605 = SURFACE_STYLE_USAGE(.BOTH.,#16606);
#16606 = SURFACE_SIDE_STYLE('',(#16607));
#16607 = SURFACE_STYLE_FILL_AREA(#16608);
#16608 = FILL_AREA_STYLE('',(#16609));
#16609 = FILL_AREA_STYLE_COLOUR('',#16546);
#16610 = OVER_RIDING_STYLED_ITEM('overriding color',(#16611),#3732,
  #16530);
#16611 = PRESENTATION_STYLE_ASSIGNMENT((#16612));
#16612 = SURFACE_STYLE_USAGE(.BOTH.,#16613);
#16613 = SURFACE_SIDE_STYLE('',(#16614));
#16614 = SURFACE_STYLE_FILL_AREA(#16615);
#16615 = FILL_AREA_STYLE('',(#16616));
#16616 = FILL_AREA_STYLE_COLOUR('',#16617);
#16617 = COLOUR_RGB('',1.,0.949019609525,0.894117649055);
#16618 = OVER_RIDING_STYLED_ITEM('overriding color',(#16619),#3772,
  #16530);
#16619 = PRESENTATION_STYLE_ASSIGNMENT((#16620));
#16620 = SURFACE_STYLE_USAGE(.BOTH.,#16621);
#16621 = SURFACE_SIDE_STYLE('',(#16622));
#16622 = SURFACE_STYLE_FILL_AREA(#16623);
#16623 = FILL_AREA_STYLE('',(#16624));
#16624 = FILL_AREA_STYLE_COLOUR('',#16617);
#16625 = OVER_RIDING_STYLED_ITEM('overriding color',(#16626),#3812,
  #16530);
#16626 = PRESENTATION_STYLE_ASSIGNMENT((#16627));
#16627 = SURFACE_STYLE_USAGE(.BOTH.,#16628);
#16628 = SURFACE_SIDE_STYLE('',(#16629));
#16629 = SURFACE_STYLE_FILL_AREA(#16630);
#16630 = FILL_AREA_STYLE('',(#16631));
#16631 = FILL_AREA_STYLE_COLOUR('',#16617);
#16632 = OVER_RIDING_STYLED_ITEM('overriding color',(#16633),#3834,
  #16530);
#16633 = PRESENTATION_STYLE_ASSIGNMENT((#16634));
#16634 = SURFACE_STYLE_USAGE(.BOTH.,#16635);
#16635 = SURFACE_SIDE_STYLE('',(#16636));
#16636 = SURFACE_STYLE_FILL_AREA(#16637);
#16637 = FILL_AREA_STYLE('',(#16638));
#16638 = FILL_AREA_STYLE_COLOUR('',#16639);
#16639 = DRAUGHTING_PRE_DEFINED_COLOUR('black');
#16640 = OVER_RIDING_STYLED_ITEM('overriding color',(#16641),#3892,
  #16530);
#16641 = PRESENTATION_STYLE_ASSIGNMENT((#16642));
#16642 = SURFACE_STYLE_USAGE(.BOTH.,#16643);
#16643 = SURFACE_SIDE_STYLE('',(#16644));
#16644 = SURFACE_STYLE_FILL_AREA(#16645);
#16645 = FILL_AREA_STYLE('',(#16646));
#16646 = FILL_AREA_STYLE_COLOUR('',#16617);
#16647 = OVER_RIDING_STYLED_ITEM('overriding color',(#16648),#3925,
  #16530);
#16648 = PRESENTATION_STYLE_ASSIGNMENT((#16649));
#16649 = SURFACE_STYLE_USAGE(.BOTH.,#16650);
#16650 = SURFACE_SIDE_STYLE('',(#16651));
#16651 = SURFACE_STYLE_FILL_AREA(#16652);
#16652 = FILL_AREA_STYLE('',(#16653));
#16653 = FILL_AREA_STYLE_COLOUR('',#16546);
#16654 = OVER_RIDING_STYLED_ITEM('overriding color',(#16655),#3990,
  #16530);
#16655 = PRESENTATION_STYLE_ASSIGNMENT((#16656));
#16656 = SURFACE_STYLE_USAGE(.BOTH.,#16657);
#16657 = SURFACE_SIDE_STYLE('',(#16658));
#16658 = SURFACE_STYLE_FILL_AREA(#16659);
#16659 = FILL_AREA_STYLE('',(#16660));
#16660 = FILL_AREA_STYLE_COLOUR('',#16617);
#16661 = OVER_RIDING_STYLED_ITEM('overriding color',(#16662),#4023,
  #16530);
#16662 = PRESENTATION_STYLE_ASSIGNMENT((#16663));
#16663 = SURFACE_STYLE_USAGE(.BOTH.,#16664);
#16664 = SURFACE_SIDE_STYLE('',(#16665));
#16665 = SURFACE_STYLE_FILL_AREA(#16666);
#16666 = FILL_AREA_STYLE('',(#16667));
#16667 = FILL_AREA_STYLE_COLOUR('',#16546);
#16668 = OVER_RIDING_STYLED_ITEM('overriding color',(#16669),#4088,
  #16530);
#16669 = PRESENTATION_STYLE_ASSIGNMENT((#16670));
#16670 = SURFACE_STYLE_USAGE(.BOTH.,#16671);
#16671 = SURFACE_SIDE_STYLE('',(#16672));
#16672 = SURFACE_STYLE_FILL_AREA(#16673);
#16673 = FILL_AREA_STYLE('',(#16674));
#16674 = FILL_AREA_STYLE_COLOUR('',#16617);
#16675 = OVER_RIDING_STYLED_ITEM('overriding color',(#16676),#4121,
  #16530);
#16676 = PRESENTATION_STYLE_ASSIGNMENT((#16677));
#16677 = SURFACE_STYLE_USAGE(.BOTH.,#16678);
#16678 = SURFACE_SIDE_STYLE('',(#16679));
#16679 = SURFACE_STYLE_FILL_AREA(#16680);
#16680 = FILL_AREA_STYLE('',(#16681));
#16681 = FILL_AREA_STYLE_COLOUR('',#16546);
#16682 = OVER_RIDING_STYLED_ITEM('overriding color',(#16683),#4186,
  #16530);
#16683 = PRESENTATION_STYLE_ASSIGNMENT((#16684));
#16684 = SURFACE_STYLE_USAGE(.BOTH.,#16685);
#16685 = SURFACE_SIDE_STYLE('',(#16686));
#16686 = SURFACE_STYLE_FILL_AREA(#16687);
#16687 = FILL_AREA_STYLE('',(#16688));
#16688 = FILL_AREA_STYLE_COLOUR('',#16617);
#16689 = OVER_RIDING_STYLED_ITEM('overriding color',(#16690),#4219,
  #16530);
#16690 = PRESENTATION_STYLE_ASSIGNMENT((#16691));
#16691 = SURFACE_STYLE_USAGE(.BOTH.,#16692);
#16692 = SURFACE_SIDE_STYLE('',(#16693));
#16693 = SURFACE_STYLE_FILL_AREA(#16694);
#16694 = FILL_AREA_STYLE('',(#16695));
#16695 = FILL_AREA_STYLE_COLOUR('',#16546);
#16696 = OVER_RIDING_STYLED_ITEM('overriding color',(#16697),#4284,
  #16530);
#16697 = PRESENTATION_STYLE_ASSIGNMENT((#16698));
#16698 = SURFACE_STYLE_USAGE(.BOTH.,#16699);
#16699 = SURFACE_SIDE_STYLE('',(#16700));
#16700 = SURFACE_STYLE_FILL_AREA(#16701);
#16701 = FILL_AREA_STYLE('',(#16702));
#16702 = FILL_AREA_STYLE_COLOUR('',#16546);
#16703 = OVER_RIDING_STYLED_ITEM('overriding color',(#16704),#4314,
  #16530);
#16704 = PRESENTATION_STYLE_ASSIGNMENT((#16705));
#16705 = SURFACE_STYLE_USAGE(.BOTH.,#16706);
#16706 = SURFACE_SIDE_STYLE('',(#16707));
#16707 = SURFACE_STYLE_FILL_AREA(#16708);
#16708 = FILL_AREA_STYLE('',(#16709));
#16709 = FILL_AREA_STYLE_COLOUR('',#16546);
#16710 = OVER_RIDING_STYLED_ITEM('overriding color',(#16711),#4344,
  #16530);
#16711 = PRESENTATION_STYLE_ASSIGNMENT((#16712));
#16712 = SURFACE_STYLE_USAGE(.BOTH.,#16713);
#16713 = SURFACE_SIDE_STYLE('',(#16714));
#16714 = SURFACE_STYLE_FILL_AREA(#16715);
#16715 = FILL_AREA_STYLE('',(#16716));
#16716 = FILL_AREA_STYLE_COLOUR('',#16546);
#16717 = OVER_RIDING_STYLED_ITEM('overriding color',(#16718),#4356,
  #16530);
#16718 = PRESENTATION_STYLE_ASSIGNMENT((#16719));
#16719 = SURFACE_STYLE_USAGE(.BOTH.,#16720);
#16720 = SURFACE_SIDE_STYLE('',(#16721));
#16721 = SURFACE_STYLE_FILL_AREA(#16722);
#16722 = FILL_AREA_STYLE('',(#16723));
#16723 = FILL_AREA_STYLE_COLOUR('',#16546);
#16724 = OVER_RIDING_STYLED_ITEM('overriding color',(#16725),#4368,
  #16530);
#16725 = PRESENTATION_STYLE_ASSIGNMENT((#16726));
#16726 = SURFACE_STYLE_USAGE(.BOTH.,#16727);
#16727 = SURFACE_SIDE_STYLE('',(#16728));
#16728 = SURFACE_STYLE_FILL_AREA(#16729);
#16729 = FILL_AREA_STYLE('',(#16730));
#16730 = FILL_AREA_STYLE_COLOUR('',#16546);
#16731 = OVER_RIDING_STYLED_ITEM('overriding color',(#16732),#4392,
  #16530);
#16732 = PRESENTATION_STYLE_ASSIGNMENT((#16733));
#16733 = SURFACE_STYLE_USAGE(.BOTH.,#16734);
#16734 = SURFACE_SIDE_STYLE('',(#16735));
#16735 = SURFACE_STYLE_FILL_AREA(#16736);
#16736 = FILL_AREA_STYLE('',(#16737));
#16737 = FILL_AREA_STYLE_COLOUR('',#16546);
#16738 = OVER_RIDING_STYLED_ITEM('overriding color',(#16739),#4416,
  #16530);
#16739 = PRESENTATION_STYLE_ASSIGNMENT((#16740));
#16740 = SURFACE_STYLE_USAGE(.BOTH.,#16741);
#16741 = SURFACE_SIDE_STYLE('',(#16742));
#16742 = SURFACE_STYLE_FILL_AREA(#16743);
#16743 = FILL_AREA_STYLE('',(#16744));
#16744 = FILL_AREA_STYLE_COLOUR('',#16546);
#16745 = OVER_RIDING_STYLED_ITEM('overriding color',(#16746),#4440,
  #16530);
#16746 = PRESENTATION_STYLE_ASSIGNMENT((#16747));
#16747 = SURFACE_STYLE_USAGE(.BOTH.,#16748);
#16748 = SURFACE_SIDE_STYLE('',(#16749));
#16749 = SURFACE_STYLE_FILL_AREA(#16750);
#16750 = FILL_AREA_STYLE('',(#16751));
#16751 = FILL_AREA_STYLE_COLOUR('',#16546);
#16752 = OVER_RIDING_STYLED_ITEM('overriding color',(#16753),#4464,
  #16530);
#16753 = PRESENTATION_STYLE_ASSIGNMENT((#16754));
#16754 = SURFACE_STYLE_USAGE(.BOTH.,#16755);
#16755 = SURFACE_SIDE_STYLE('',(#16756));
#16756 = SURFACE_STYLE_FILL_AREA(#16757);
#16757 = FILL_AREA_STYLE('',(#16758));
#16758 = FILL_AREA_STYLE_COLOUR('',#16617);
#16759 = OVER_RIDING_STYLED_ITEM('overriding color',(#16760),#4480,
  #16530);
#16760 = PRESENTATION_STYLE_ASSIGNMENT((#16761));
#16761 = SURFACE_STYLE_USAGE(.BOTH.,#16762);
#16762 = SURFACE_SIDE_STYLE('',(#16763));
#16763 = SURFACE_STYLE_FILL_AREA(#16764);
#16764 = FILL_AREA_STYLE('',(#16765));
#16765 = FILL_AREA_STYLE_COLOUR('',#16617);
#16766 = OVER_RIDING_STYLED_ITEM('overriding color',(#16767),#4526,
  #16530);
#16767 = PRESENTATION_STYLE_ASSIGNMENT((#16768));
#16768 = SURFACE_STYLE_USAGE(.BOTH.,#16769);
#16769 = SURFACE_SIDE_STYLE('',(#16770));
#16770 = SURFACE_STYLE_FILL_AREA(#16771);
#16771 = FILL_AREA_STYLE('',(#16772));
#16772 = FILL_AREA_STYLE_COLOUR('',#16617);
#16773 = OVER_RIDING_STYLED_ITEM('overriding color',(#16774),#4542,
  #16530);
#16774 = PRESENTATION_STYLE_ASSIGNMENT((#16775));
#16775 = SURFACE_STYLE_USAGE(.BOTH.,#16776);
#16776 = SURFACE_SIDE_STYLE('',(#16777));
#16777 = SURFACE_STYLE_FILL_AREA(#16778);
#16778 = FILL_AREA_STYLE('',(#16779));
#16779 = FILL_AREA_STYLE_COLOUR('',#16617);
#16780 = OVER_RIDING_STYLED_ITEM('overriding color',(#16781),#4588,
  #16530);
#16781 = PRESENTATION_STYLE_ASSIGNMENT((#16782));
#16782 = SURFACE_STYLE_USAGE(.BOTH.,#16783);
#16783 = SURFACE_SIDE_STYLE('',(#16784));
#16784 = SURFACE_STYLE_FILL_AREA(#16785);
#16785 = FILL_AREA_STYLE('',(#16786));
#16786 = FILL_AREA_STYLE_COLOUR('',#16546);
#16787 = OVER_RIDING_STYLED_ITEM('overriding color',(#16788),#4620,
  #16530);
#16788 = PRESENTATION_STYLE_ASSIGNMENT((#16789));
#16789 = SURFACE_STYLE_USAGE(.BOTH.,#16790);
#16790 = SURFACE_SIDE_STYLE('',(#16791));
#16791 = SURFACE_STYLE_FILL_AREA(#16792);
#16792 = FILL_AREA_STYLE('',(#16793));
#16793 = FILL_AREA_STYLE_COLOUR('',#16546);
#16794 = OVER_RIDING_STYLED_ITEM('overriding color',(#16795),#4638,
  #16530);
#16795 = PRESENTATION_STYLE_ASSIGNMENT((#16796));
#16796 = SURFACE_STYLE_USAGE(.BOTH.,#16797);
#16797 = SURFACE_SIDE_STYLE('',(#16798));
#16798 = SURFACE_STYLE_FILL_AREA(#16799);
#16799 = FILL_AREA_STYLE('',(#16800));
#16800 = FILL_AREA_STYLE_COLOUR('',#16546);
#16801 = OVER_RIDING_STYLED_ITEM('overriding color',(#16802),#4655,
  #16530);
#16802 = PRESENTATION_STYLE_ASSIGNMENT((#16803));
#16803 = SURFACE_STYLE_USAGE(.BOTH.,#16804);
#16804 = SURFACE_SIDE_STYLE('',(#16805));
#16805 = SURFACE_STYLE_FILL_AREA(#16806);
#16806 = FILL_AREA_STYLE('',(#16807));
#16807 = FILL_AREA_STYLE_COLOUR('',#16546);
#16808 = OVER_RIDING_STYLED_ITEM('overriding color',(#16809),#4673,
  #16530);
#16809 = PRESENTATION_STYLE_ASSIGNMENT((#16810));
#16810 = SURFACE_STYLE_USAGE(.BOTH.,#16811);
#16811 = SURFACE_SIDE_STYLE('',(#16812));
#16812 = SURFACE_STYLE_FILL_AREA(#16813);
#16813 = FILL_AREA_STYLE('',(#16814));
#16814 = FILL_AREA_STYLE_COLOUR('',#16546);
#16815 = OVER_RIDING_STYLED_ITEM('overriding color',(#16816),#4690,
  #16530);
#16816 = PRESENTATION_STYLE_ASSIGNMENT((#16817));
#16817 = SURFACE_STYLE_USAGE(.BOTH.,#16818);
#16818 = SURFACE_SIDE_STYLE('',(#16819));
#16819 = SURFACE_STYLE_FILL_AREA(#16820);
#16820 = FILL_AREA_STYLE('',(#16821));
#16821 = FILL_AREA_STYLE_COLOUR('',#16546);
#16822 = OVER_RIDING_STYLED_ITEM('overriding color',(#16823),#4703,
  #16530);
#16823 = PRESENTATION_STYLE_ASSIGNMENT((#16824));
#16824 = SURFACE_STYLE_USAGE(.BOTH.,#16825);
#16825 = SURFACE_SIDE_STYLE('',(#16826));
#16826 = SURFACE_STYLE_FILL_AREA(#16827);
#16827 = FILL_AREA_STYLE('',(#16828));
#16828 = FILL_AREA_STYLE_COLOUR('',#16546);
#16829 = OVER_RIDING_STYLED_ITEM('overriding color',(#16830),#4735,
  #16530);
#16830 = PRESENTATION_STYLE_ASSIGNMENT((#16831));
#16831 = SURFACE_STYLE_USAGE(.BOTH.,#16832);
#16832 = SURFACE_SIDE_STYLE('',(#16833));
#16833 = SURFACE_STYLE_FILL_AREA(#16834);
#16834 = FILL_AREA_STYLE('',(#16835));
#16835 = FILL_AREA_STYLE_COLOUR('',#16546);
#16836 = OVER_RIDING_STYLED_ITEM('overriding color',(#16837),#4753,
  #16530);
#16837 = PRESENTATION_STYLE_ASSIGNMENT((#16838));
#16838 = SURFACE_STYLE_USAGE(.BOTH.,#16839);
#16839 = SURFACE_SIDE_STYLE('',(#16840));
#16840 = SURFACE_STYLE_FILL_AREA(#16841);
#16841 = FILL_AREA_STYLE('',(#16842));
#16842 = FILL_AREA_STYLE_COLOUR('',#16546);
#16843 = OVER_RIDING_STYLED_ITEM('overriding color',(#16844),#4770,
  #16530);
#16844 = PRESENTATION_STYLE_ASSIGNMENT((#16845));
#16845 = SURFACE_STYLE_USAGE(.BOTH.,#16846);
#16846 = SURFACE_SIDE_STYLE('',(#16847));
#16847 = SURFACE_STYLE_FILL_AREA(#16848);
#16848 = FILL_AREA_STYLE('',(#16849));
#16849 = FILL_AREA_STYLE_COLOUR('',#16546);
#16850 = OVER_RIDING_STYLED_ITEM('overriding color',(#16851),#4818,
  #16530);
#16851 = PRESENTATION_STYLE_ASSIGNMENT((#16852));
#16852 = SURFACE_STYLE_USAGE(.BOTH.,#16853);
#16853 = SURFACE_SIDE_STYLE('',(#16854));
#16854 = SURFACE_STYLE_FILL_AREA(#16855);
#16855 = FILL_AREA_STYLE('',(#16856));
#16856 = FILL_AREA_STYLE_COLOUR('',#16546);
#16857 = OVER_RIDING_STYLED_ITEM('overriding color',(#16858),#4850,
  #16530);
#16858 = PRESENTATION_STYLE_ASSIGNMENT((#16859));
#16859 = SURFACE_STYLE_USAGE(.BOTH.,#16860);
#16860 = SURFACE_SIDE_STYLE('',(#16861));
#16861 = SURFACE_STYLE_FILL_AREA(#16862);
#16862 = FILL_AREA_STYLE('',(#16863));
#16863 = FILL_AREA_STYLE_COLOUR('',#16546);
#16864 = OVER_RIDING_STYLED_ITEM('overriding color',(#16865),#4868,
  #16530);
#16865 = PRESENTATION_STYLE_ASSIGNMENT((#16866));
#16866 = SURFACE_STYLE_USAGE(.BOTH.,#16867);
#16867 = SURFACE_SIDE_STYLE('',(#16868));
#16868 = SURFACE_STYLE_FILL_AREA(#16869);
#16869 = FILL_AREA_STYLE('',(#16870));
#16870 = FILL_AREA_STYLE_COLOUR('',#16546);
#16871 = OVER_RIDING_STYLED_ITEM('overriding color',(#16872),#4885,
  #16530);
#16872 = PRESENTATION_STYLE_ASSIGNMENT((#16873));
#16873 = SURFACE_STYLE_USAGE(.BOTH.,#16874);
#16874 = SURFACE_SIDE_STYLE('',(#16875));
#16875 = SURFACE_STYLE_FILL_AREA(#16876);
#16876 = FILL_AREA_STYLE('',(#16877));
#16877 = FILL_AREA_STYLE_COLOUR('',#16546);
#16878 = OVER_RIDING_STYLED_ITEM('overriding color',(#16879),#4903,
  #16530);
#16879 = PRESENTATION_STYLE_ASSIGNMENT((#16880));
#16880 = SURFACE_STYLE_USAGE(.BOTH.,#16881);
#16881 = SURFACE_SIDE_STYLE('',(#16882));
#16882 = SURFACE_STYLE_FILL_AREA(#16883);
#16883 = FILL_AREA_STYLE('',(#16884));
#16884 = FILL_AREA_STYLE_COLOUR('',#16546);
#16885 = OVER_RIDING_STYLED_ITEM('overriding color',(#16886),#4920,
  #16530);
#16886 = PRESENTATION_STYLE_ASSIGNMENT((#16887));
#16887 = SURFACE_STYLE_USAGE(.BOTH.,#16888);
#16888 = SURFACE_SIDE_STYLE('',(#16889));
#16889 = SURFACE_STYLE_FILL_AREA(#16890);
#16890 = FILL_AREA_STYLE('',(#16891));
#16891 = FILL_AREA_STYLE_COLOUR('',#16546);
#16892 = OVER_RIDING_STYLED_ITEM('overriding color',(#16893),#4933,
  #16530);
#16893 = PRESENTATION_STYLE_ASSIGNMENT((#16894));
#16894 = SURFACE_STYLE_USAGE(.BOTH.,#16895);
#16895 = SURFACE_SIDE_STYLE('',(#16896));
#16896 = SURFACE_STYLE_FILL_AREA(#16897);
#16897 = FILL_AREA_STYLE('',(#16898));
#16898 = FILL_AREA_STYLE_COLOUR('',#16546);
#16899 = OVER_RIDING_STYLED_ITEM('overriding color',(#16900),#4965,
  #16530);
#16900 = PRESENTATION_STYLE_ASSIGNMENT((#16901));
#16901 = SURFACE_STYLE_USAGE(.BOTH.,#16902);
#16902 = SURFACE_SIDE_STYLE('',(#16903));
#16903 = SURFACE_STYLE_FILL_AREA(#16904);
#16904 = FILL_AREA_STYLE('',(#16905));
#16905 = FILL_AREA_STYLE_COLOUR('',#16546);
#16906 = OVER_RIDING_STYLED_ITEM('overriding color',(#16907),#4983,
  #16530);
#16907 = PRESENTATION_STYLE_ASSIGNMENT((#16908));
#16908 = SURFACE_STYLE_USAGE(.BOTH.,#16909);
#16909 = SURFACE_SIDE_STYLE('',(#16910));
#16910 = SURFACE_STYLE_FILL_AREA(#16911);
#16911 = FILL_AREA_STYLE('',(#16912));
#16912 = FILL_AREA_STYLE_COLOUR('',#16546);
#16913 = OVER_RIDING_STYLED_ITEM('overriding color',(#16914),#5000,
  #16530);
#16914 = PRESENTATION_STYLE_ASSIGNMENT((#16915));
#16915 = SURFACE_STYLE_USAGE(.BOTH.,#16916);
#16916 = SURFACE_SIDE_STYLE('',(#16917));
#16917 = SURFACE_STYLE_FILL_AREA(#16918);
#16918 = FILL_AREA_STYLE('',(#16919));
#16919 = FILL_AREA_STYLE_COLOUR('',#16546);
#16920 = OVER_RIDING_STYLED_ITEM('overriding color',(#16921),#5018,
  #16530);
#16921 = PRESENTATION_STYLE_ASSIGNMENT((#16922));
#16922 = SURFACE_STYLE_USAGE(.BOTH.,#16923);
#16923 = SURFACE_SIDE_STYLE('',(#16924));
#16924 = SURFACE_STYLE_FILL_AREA(#16925);
#16925 = FILL_AREA_STYLE('',(#16926));
#16926 = FILL_AREA_STYLE_COLOUR('',#16546);
#16927 = OVER_RIDING_STYLED_ITEM('overriding color',(#16928),#5035,
  #16530);
#16928 = PRESENTATION_STYLE_ASSIGNMENT((#16929));
#16929 = SURFACE_STYLE_USAGE(.BOTH.,#16930);
#16930 = SURFACE_SIDE_STYLE('',(#16931));
#16931 = SURFACE_STYLE_FILL_AREA(#16932);
#16932 = FILL_AREA_STYLE('',(#16933));
#16933 = FILL_AREA_STYLE_COLOUR('',#16546);
ENDSEC;
END-ISO-10303-21;
